subject,generation,valid_solutions_count_mean,valid_solutions_count_compute_ci95,mean_fitness_mean,mean_fitness_compute_ci95,best_fitness_mean,best_fitness_compute_ci95
byte,1,0.0,0.0,0.9683215000000001,0.0013769418732415659,0.9823359999999999,0.000692671308358214
byte,2,0.1,0.22621571627982048,0.9806621,0.0011456318421113171,0.9849264,0.0060594185115220005
byte,3,1.4,1.7907752003806006,0.9822947,0.000732399796104338,0.989863,0.009336810646356632
byte,4,4.9,6.2038855380810025,0.983183,0.0024700717015730973,0.9899502,0.009596088708119763
byte,5,12.4,15.013787100068836,0.9838443,0.0025751577732171047,0.9927764,0.010270713249571791
byte,6,22.1,25.312922059810376,0.9871969,0.006982786550769254,0.9927794000000001,0.010455391457876636
byte,7,27.5,29.414326215073796,0.9879258,0.009408353212283421,0.9957993,0.010469451176796441
byte,8,30.9,28.708409416975098,0.9888935,0.008528944492643863,0.9957857000000001,0.010429691735021061
byte,9,36.9,31.573912225733142,0.9909747,0.008653265826870761,0.9958224999999998,0.010466060973391826
byte,10,38.0,30.23176488753148,0.9899176000000001,0.008241232724247573,0.9957578999999999,0.010679958676247955
byte,11,38.2,29.606136411247128,0.9883363,0.008002162704799162,0.9961304999999999,0.010458901032768782
byte,12,40.5,30.995589157682254,0.9906216999999999,0.007806279246278303,0.9986514999999999,0.010422316059300281
byte,13,39.6,28.960324127771056,0.9900736,0.007145373935927812,0.9989953,0.010165615797141628
byte,14,38.3,27.013709725134785,0.9868695000000001,0.008352464716206211,1.0017331999999999,0.00952429967051622
byte,15,38.9,25.800164424827564,0.9862303000000001,0.006733461585280018,1.0043518,0.008526062155841
byte,16,37.6,22.093091557884943,0.984599,0.006139651664485576,1.00428,0.008456784724921028
byte,17,41.6,20.446363739926518,0.9852931,0.002301832141954312,1.0045113,0.008281119559015665
byte,18,47.5,22.072621695891232,0.9880635999999999,0.006330493222996865,1.0043132,0.008585701822440743
byte,19,44.2,17.888055345000332,0.9834765000000001,0.003675328571022409,1.0045454,0.008230067953632517
byte,20,46.1,18.108093561194917,0.9831927,0.00423171199622767,1.0043521,0.008532766608850212
byte,21,45.1,18.067227385865092,0.9828991,0.004786262949749579,1.0045208,0.008270274591607204
byte,22,39.9,15.535858293869623,0.9788758999999999,0.002953248798320544,1.0046127,0.008130079979581714
byte,23,38.3,14.902982728879435,0.9781181,0.0027509585218008442,1.0046145,0.008132832466908596
byte,24,40.8,16.643219093087776,0.9795128999999999,0.004174137745420139,1.0046152,0.00813045808449533
byte,25,35.8,13.948134868508031,0.9743093,0.0024202106839923887,1.0046107,0.008130834035443192
byte,26,34.1,13.482363909462942,0.9714505000000001,0.002838620938929459,1.0046106,0.008131361779446237
byte,27,30.2,11.489343582346653,0.9704425999999999,0.0033001959378066827,1.0073092000000001,0.006099581134467227
byte,28,30.1,11.605794687075761,0.9689491,0.0036475732965755084,1.00731,0.006095257397821213
byte,29,30.8,12.139072495080006,0.9714815,0.0034474235973120716,1.0073086,0.0060959106569479435
byte,30,29.6,10.190593279713875,0.9691656,0.0021596238940977826,1.0073097,0.006099706281614061
byte,31,27.2,8.688306660720546,0.9672370000000001,0.0023679558405595943,1.0073089,0.006098750990186117
byte,32,23.0,7.201101602941418,0.9631489,0.003176468401809782,1.0073114,0.006100134785517418
byte,33,27.4,8.697463954028748,0.965641,0.0038023908083633638,1.0073092000000001,0.006097821331096962
byte,34,27.5,7.564990884101888,0.9646937,0.003387401972291516,1.009369,0.001434711324782137
byte,35,26.8,7.072030577236905,0.964516,0.0019313413839289397,1.0093705,0.0014396140706620546
byte,36,25.8,7.16786191923088,0.9628159000000001,0.003166633542612115,1.0100033,2.052629770357532e-06
byte,37,24.7,5.37497089432546,0.9619,0.0023088291379258553,1.0100072,3.4522096211190287e-06
byte,38,23.0,2.500908841938854,0.9616004,0.002816677667661621,1.0100084,3.619451460483538e-06
byte,39,24.1,3.2773098131372818,0.9623565,0.0026695584367783004,1.0100049,3.2599142029822016e-06
byte,40,24.5,3.6044966117522685,0.9605247,0.0029466802250161252,1.0100044000000001,3.847884338760209e-06
byte,41,21.4,4.526827135746037,0.9595922,0.002933373419890095,1.0100049,2.4188515009256546e-06
byte,42,19.2,2.2061670897218337,0.9587401,0.002331479828410876,1.0100059,2.9291805337057142e-06
byte,43,17.9,2.197128029393053,0.9568089000000001,0.003763906532106153,1.0100054,2.1381075338301626e-06
byte,44,17.9,2.600114341442587,0.9576968000000001,0.002206589489045823,1.0100076000000002,2.8653990728755243e-06
byte,45,18.5,3.058330885200241,0.9597498,0.0028406099603721655,1.0100079000000002,3.207161300689344e-06
byte,46,19.1,2.3952293382337264,0.9586693000000001,0.002513529279279823,1.0100065,2.0021475402540764e-06
byte,47,18.1,3.0434212003681966,0.9585312,0.0028294377140439452,1.0100083,3.4066147443042096e-06
byte,48,18.5,3.393235744197307,0.9584918,0.0033543082151093005,1.0100045,1.823809411397297e-06
byte,49,18.8,3.2833765031614988,0.9585627999999999,0.0015946166684709063,1.0100068,3.900718175797526e-06
byte,50,21.8,2.206167089721834,0.9612067,0.002276824743818257,1.0100079000000002,3.1354437654095298e-06
byte,51,21.1,3.0434212003681966,0.9586148999999999,0.0028944906962369457,1.0100062,3.351930378771838e-06
byte,52,19.4,3.523934572442681,0.9575832999999999,0.0034821504407736804,1.0100045000000002,2.3904768944216963e-06
byte,53,19.7,3.0731682355329637,0.9589573,0.002169437865398233,1.0100083000000002,2.160593662995811e-06
byte,54,18.9,2.9868471003558215,0.9587534,0.001876676129310699,1.0100055000000001,3.2738380856683885e-06
byte,55,20.8,2.4503802223859914,0.9603872000000001,0.0026484265631229707,1.0100061,2.144745573800874e-06
byte,56,21.4,2.7019918285697235,0.9601974999999999,0.0026491649661003172,1.0100075,3.3255334629332162e-06
byte,57,20.4,2.2164523067350794,0.9591196999999999,0.001557126945998868,1.0100064,3.833079034386192e-06
byte,58,21.0,3.1272726225583467,0.9611862999999999,0.0030317938591437003,1.0100057,4.185500215042587e-06
byte,59,18.8,2.3069567031843476,0.9586296000000001,0.0026186721979919144,1.010007,5.7821610311950845e-06
byte,60,21.6,3.130906874362879,0.9605229,0.003180601452631545,1.0100073,4.512359368009147e-06
byte,61,18.2,3.4686409829572478,0.9567107,0.0026703029918589967,1.0100075,2.944668707928142e-06
byte,62,17.2,2.519031606829703,0.9585592000000001,0.0023348894798056697,1.0100079000000002,4.517396890524066e-06
byte,63,20.7,2.8021950315430555,0.9614112,0.0020478046796130176,1.0100076,6.071877799343579e-06
byte,64,20.2,2.9744475538294854,0.9595670999999999,0.0019174880718723832,1.0100064,5.258941049093985e-06
byte,65,18.7,2.6776823917170156,0.9578106999999999,0.0021373934102832284,1.0100073,5.213878317078496e-06
byte,66,19.1,2.643488715669723,0.9571823,0.0024141249286431035,1.0100055000000001,2.268432229415079e-06
byte,67,20.1,4.441234137325659,0.9577477,0.003400560847209196,1.0100036,2.4364178282871225e-06
byte,68,17.5,2.342422203896654,0.9569563000000001,0.0017539707865280249,1.0100055000000001,2.6391833566080196e-06
byte,69,20.0,2.500908841938854,0.9596804000000001,0.003028716652341212,1.010008,4.060696380437774e-06
byte,70,20.2,2.4270649421907837,0.9591076,0.002316534014405488,1.0100067,5.995072155939794e-06
byte,71,20.8,3.159830415856352,0.9603546,0.0028187501223606807,1.010008,4.2788735789353805e-06
byte,72,18.1,3.171505258925593,0.9572957000000001,0.0021591846346552686,1.0100082000000001,4.62130158309646e-06
byte,73,17.4,2.389287306410294,0.9582332000000001,0.0023827818445433455,1.0100069,3.259914202957802e-06
byte,74,19.7,2.6988334501336366,0.9582478999999999,0.0021902209972656204,1.010006,3.8890393526243395e-06
byte,75,20.7,3.0731682355329637,0.9593499,0.00248064602277623,1.0100064,1.8836222605283534e-06
byte,76,22.9,3.2946135755100014,0.961974,0.0034726537612888323,1.0100058,4.837703001809553e-06
byte,77,19.8,2.6510062693438257,0.9591623,0.0019489942933724426,1.0100073,2.6988334501296108e-06
byte,78,19.3,1.996459609594682,0.9585888,0.0021859254252377088,1.0100056,4.105259540676314e-06
byte,79,19.9,2.322921991972386,0.9589392,0.0023076081490161055,1.0100059,3.224841485926534e-06
byte,80,21.7,3.0359388996801377,0.9604974000000001,0.0029038563751434664,1.0100069,3.345987987698787e-06
byte,81,21.6,2.7848942249667306,0.9598652,0.0027588128752143123,1.0100069,5.358018450325244e-06
byte,82,19.1,3.5118122985675253,0.9565292,0.0021383133247227506,1.0100054,3.184923053692595e-06
byte,83,21.0,2.997298959273309,0.9613738,0.0029267128641330873,1.0100071,4.821809793302005e-06
byte,84,22.0,4.499109035742427,0.9596249,0.0027222995057198597,1.0100077,3.56962379288039e-06
byte,85,20.7,2.5020453604442072,0.9584300000000001,0.0016909464313339241,1.0100061999999999,3.266013205861468e-06
byte,86,22.9,4.010679822895725,0.9603524,0.0027662320565398483,1.0100056,4.539370321717538e-06
byte,87,20.1,3.117256583190752,0.9585169,0.0029416786784420526,1.0100079000000002,4.774408202086819e-06
byte,88,19.7,3.6483981452070746,0.9585012,0.0037674416290612743,1.0100066,2.865399072877287e-06
byte,89,18.5,2.5065862813496285,0.9599476000000001,0.002775480013477522,1.0100055,4.866413657429941e-06
byte,90,20.1,5.185446721684227,0.9593351,0.003691907815508841,1.0100049,3.639035260271016e-06
byte,91,20.9,2.9868471003558215,0.9589354999999999,0.002672943781375598,1.0100079000000002,3.328951278309135e-06
byte,92,22.2,3.385686823290994,0.9606628,0.0029131027235081474,1.0100062,4.872835656532271e-06
byte,93,21.2,2.837482201871954,0.9599318,0.0017811355167701112,1.0100083,3.472736675705568e-06
byte,94,22.4,2.6808656887297966,0.9599795999999999,0.002506457482605322,1.0100101000000001,6.594833720290439e-06
byte,95,20.3,2.7613147219226644,0.9586311000000001,0.0026601165639843372,1.0100055,4.160975588575304e-06
byte,96,19.8,2.8772805298124573,0.9592985,0.0025768919756457022,1.0100041000000002,2.6861628005868066e-06
byte,97,19.4,2.2164523067350794,0.9581009,0.0022015124361675067,1.0100071,2.9868471003645677e-06
byte,98,19.1,2.4654169190386828,0.9597702,0.0018472148265762053,1.0100062,4.195676500942228e-06
byte,99,20.6,3.2902961662702306,0.9599914,0.0018881337537186426,1.0100051,1.8608448537943454e-06
byte,100,23.1,3.3798037835322865,0.9624219999999999,0.0038367942228770707,1.0100036,1.8836222605283534e-06
byte,101,21.5,4.0781618218135325,0.9583617999999999,0.003008519739343697,1.0100072,4.6089813756718065e-06
byte,102,20.7,3.2529299116915356,0.9586501999999999,0.003291527771499426,1.0100061999999999,3.7973107961078974e-06
byte,103,19.1,2.3713718776452386,0.9577650999999999,0.0020144046964910324,1.0100099,3.098962665905168e-06
byte,104,20.9,2.3472719445002177,0.9584515999999998,0.0016442279668539594,1.0100065,4.064195473175745e-06
byte,105,23.0,3.6319972570569363,0.960752,0.0025045944211163703,1.0100054,1.47763487119921e-06
byte,106,18.9,1.9503590878873451,0.9564260000000001,0.002214998334801518,1.0100097,3.801052358543296e-06
byte,107,18.9,2.442245193266499,0.9593299,0.0020805835409880903,1.0100077,3.4232649644453575e-06
byte,108,22.8,2.18024178180376,0.9607283000000001,0.0024079432492834884,1.0100068,4.42005931084273e-06
byte,109,23.0,4.074674722568079,0.9603301,0.0035888996516017244,1.0100054,3.184923053692595e-06
byte,110,22.0,2.0787789744600365,0.9603201,0.0015506915456151354,1.0100061,2.890096987596527e-06
byte,111,23.7,3.7255072177080506,0.9613191999999999,0.0029507731146247163,1.0100058,3.85674024080781e-06
byte,112,21.1,3.024680743847476,0.9586745000000001,0.0025255387193169354,1.0100092999999999,4.436110127386567e-06
byte,113,20.9,2.8703556568848314,0.9580169,0.0017688082024876516,1.0100079000000002,2.909704383319173e-06
byte,114,19.7,2.3617614150940716,0.9584669,0.0019761209227659783,1.0100048000000001,3.1956167258176802e-06
byte,115,19.8,2.519031606829703,0.9586354,0.0021294540677926615,1.010004,2.545973887755178e-06
byte,116,21.1,2.556004027242069,0.9609119999999999,0.0027755450323454387,1.0100055000000001,3.620236846507456e-06
byte,117,20.8,2.1540044629651915,0.9595064000000001,0.0023411359021967434,1.0100036,1.8836222605283534e-06
byte,118,20.4,2.885174318390035,0.9597932,0.002901494465524704,1.0100062,3.7973107961364907e-06
byte,119,21.0,2.2871541333823777,0.9611886000000001,0.0034187550303259465,1.0100042999999999,2.9600758436268996e-06
byte,120,21.2,2.9359666635001953,0.9594600999999999,0.003014246291232143,1.0100088,4.315920794722856e-06
byte,121,21.8,2.9359666635001953,0.9615441,0.002709452440283914,1.0100092,5.829171244177708e-06
byte,122,19.2,3.0312530828732904,0.9597075,0.0022655212602348054,1.0100073999999999,4.992715187377243e-06
byte,123,21.9,3.9101815350749116,0.9603284999999999,0.003164715815480592,1.0100126,7.534489041983717e-06
byte,124,20.1,3.3118269297449205,0.9581175999999999,0.002916417298631229,1.0100086000000001,3.112693183622732e-06
byte,125,20.0,3.2694932422309635,0.9586860999999999,0.0022787671365080433,1.0100075,4.387133558476662e-06
byte,126,22.0,4.032594337741975,0.9592628,0.0030270346199001747,1.0100058,3.04995315588577e-06
byte,127,20.9,3.560053738683834,0.9592902999999999,0.0021219385767089465,1.0100054,2.9629557624446365e-06
byte,128,19.1,2.578153522955246,0.9592911000000001,0.0023023779139166793,1.0100046,2.638105918999215e-06
byte,129,18.5,3.0768663935924425,0.9578279000000001,0.0027586407474102497,1.0100057,2.361761415123764e-06
byte,130,18.5,3.6044966117522685,0.9588256,0.00254537596478047,1.0100047,3.815981922525703e-06
byte,131,19.0,3.520706047190962,0.9599603,0.002751752170469208,1.0100061999999999,3.7973107961078966e-06
byte,132,20.3,2.8224131510913595,0.9601713999999999,0.002601225750102855,1.0100042999999999,1.7860061501377902e-06
byte,133,20.7,2.901877323052948,0.9610557999999999,0.0023524010234782667,1.0100047,4.685451213636418e-06
byte,134,21.1,2.556004027242069,0.9597816,0.002243179477972307,1.0100083,5.136973243142196e-06
byte,135,21.1,2.9868471003558215,0.9599173000000001,0.0028827597542793633,1.0100119,4.8218097932739885e-06
byte,136,21.9,3.527966074244337,0.9599,0.0021029915189916598,1.0100069,4.868749909919292e-06
byte,137,19.6,3.8626328954654703,0.9577185,0.0034370415260597796,1.0100076,2.7644017153082617e-06
byte,138,20.0,2.5459738877265967,0.9610827000000001,0.0020029666074526647,1.0100055000000001,3.936269025152103e-06
byte,139,18.2,2.4734757397050195,0.9574484,0.0029772315687454595,1.0100058,4.154821813082521e-06
byte,140,21.4,4.007133999708604,0.9615266,0.0032776354321298394,1.0100073,3.505329944559444e-06
byte,141,21.0,2.861427623882659,0.9598523,0.0014033696131634265,1.0100061999999999,3.0499531558899094e-06
byte,142,21.7,2.9214056545946874,0.9607765,0.002784673879869557,1.010003,3.2168974274969434e-06
byte,143,19.6,2.4364178282616265,0.9577355000000001,0.001856458302974994,1.0100057,3.3391837346417827e-06
byte,144,23.0,3.4719179236814326,0.96129,0.0025765448619880765,1.0100053,2.761314721942401e-06
byte,145,22.4,5.634744446837404,0.9607265,0.004700140567855616,1.0100082000000001,3.944205786827331e-06
byte,146,19.6,2.572634027172215,0.9584587000000001,0.002391939277413119,1.0100075,4.295451996636978e-06
byte,147,19.6,2.7019918285697235,0.9592204000000001,0.0021893535265141246,1.010005,2.1592774316297637e-06
byte,148,22.8,3.782307533983461,0.9611221999999999,0.0027941098763661055,1.0100078,5.319143480051526e-06
byte,149,20.8,2.2061670897218337,0.9595585,0.0012663235857594236,1.0100073999999999,6.829900004104915e-06
byte,150,20.8,3.0870134846442507,0.9599306999999999,0.00306850006192066,1.0100094,4.99271518735145e-06
byte,151,20.5,2.0581624751633356,0.9600671999999999,0.0023666092887255677,1.0100059,2.909704383323946e-06
byte,152,21.6,3.0574011600274584,0.9606888,0.002970598502488991,1.0100055000000001,3.058330885210782e-06
byte,153,21.9,2.621891223758966,0.9604679,0.0026967594487597385,1.0100079000000002,3.13544376540953e-06
byte,154,20.6,2.7644017153091505,0.9562830999999999,0.002583524634182011,1.0100039,2.748932082327675e-06
byte,155,19.2,2.797117667285802,0.9600118999999999,0.002916407691787597,1.0100068,3.5496570639812808e-06
byte,156,20.0,2.360557356175594,0.9597169000000001,0.0017798113189145504,1.0100076,3.5239345724343825e-06
byte,157,21.6,3.5077622311393784,0.9606026,0.003012585644679658,1.010007,4.3053684053571234e-06
byte,158,21.4,4.228076028408503,0.9599416999999999,0.003370656987122071,1.0100076,4.18753745056842e-06
byte,159,21.7,3.933378959403605,0.9595857999999999,0.002737118989524014,1.0100061,2.7899938341222165e-06
byte,160,22.0,3.4390080063126707,0.9589688000000001,0.002538200951353232,1.0100061,3.396585434788306e-06
byte,161,20.9,2.8304599618636206,0.9600666999999999,0.0019643897769692,1.0100063000000001,4.587341394553524e-06
byte,162,23.1,3.7770423126304724,0.9613773999999999,0.0022343783378171054,1.0100077,2.1867519240373483e-06
byte,163,22.4,2.8254333907474773,0.9603415,0.0021072862820501657,1.0100058,2.5858610245497927e-06
byte,164,22.2,2.355734966345946,0.9595024000000001,0.002607553566933429,1.0100047,2.2883968143578804e-06
byte,165,18.6,2.2164523067350794,0.9564405,0.0025809250865418123,1.0100067000000001,2.719820029390679e-06
byte,166,17.4,1.6589152527186835,0.9575205,0.0027075347853470753,1.0100076,3.0010906103178466e-06
byte,167,20.6,3.4423131565289675,0.9604079999999999,0.0030883843226227016,1.0100089,3.495583873928322e-06
byte,168,21.7,3.601340309385356,0.9597562,0.0022197315079280277,1.0100068,5.838917399175693e-06
byte,169,20.0,2.185451447013319,0.9596783999999999,0.0025240522116246646,1.0100061,2.9677494167026114e-06
byte,170,19.9,3.0805601120816224,0.9608142000000001,0.0028107090651400494,1.0100046,2.638105918999215e-06
byte,171,21.5,3.2213132119074572,0.9603143,0.0021663694666279243,1.0100064,3.507762231140187e-06
byte,172,21.0,4.074674722568079,0.9603680000000001,0.003862366108447408,1.0100027,2.2883968143683624e-06
byte,173,20.1,3.7920664065980985,0.9592729,0.003172705622203817,1.0100076,3.818216322200035e-06
byte,174,21.4,3.523934572442681,0.959778,0.002568142849706885,1.0100057,4.089300556993224e-06
byte,175,20.3,3.505329944543106,0.9596954999999999,0.003072599901258475,1.0100072,4.608981375671807e-06
byte,176,20.1,3.4955838739359777,0.9585297,0.0016176795395212472,1.0100066,4.14660257295752e-06
byte,177,21.4,2.722954065405149,0.9601703,0.0029277959415350573,1.0100082000000001,3.435699676525034e-06
byte,178,22.1,3.607650152698202,0.9614882,0.002386977095658154,1.0100042999999999,1.7860061501377902e-06
byte,179,17.6,3.238038273372624,0.9568011999999999,0.0035583390504667013,1.0100069,3.345987987710107e-06
byte,180,18.8,1.5745076100627147,0.9585298999999999,0.0015291228837998189,1.0100078,5.297721147829964e-06
byte,181,20.0,2.1592774315969074,0.9596624,0.0025863224627961836,1.0100068,2.282176642990372e-06
byte,182,19.2,2.3797491952543672,0.9588894,0.0011940536676850395,1.0100069,2.870355656884457e-06
byte,183,22.0,2.760284956933686,0.9607856,0.0020708035985655643,1.0100039,3.623376688236817e-06
byte,184,22.3,3.5696237928815506,0.9604523,0.0029734530131132805,1.0100055000000001,3.2738380856683885e-06
byte,185,22.8,3.5012723787143956,0.9600027000000001,0.0026653765491519384,1.0100061,2.273439812181746e-06
byte,186,20.1,2.4654169190386828,0.9596739,0.003346142852047404,1.0100071,2.5560040272501204e-06
byte,187,18.1,2.9485280394810967,0.9568255000000001,0.0029766160885380515,1.0100053,5.300403674281326e-06
byte,188,19.3,3.1822440207787364,0.9575448999999999,0.0022871948903544982,1.0100053,3.3730677453902282e-06
byte,189,20.5,3.2564239297897437,0.9592542,0.003373606799782034,1.0100072,3.4522096210948912e-06
byte,190,20.4,2.8454863988779953,0.9599527,0.002200414045211043,1.0100057,1.78600615013779e-06
byte,191,23.6,3.475191774407589,0.9620464999999999,0.002037220427322677,1.010007,2.7187745478702817e-06
byte,192,22.3,3.8456671767569484,0.9603672,0.0034010385511530077,1.0100061,3.6546267423881917e-06
byte,193,20.7,4.005004998938621,0.9598146999999999,0.0033819182845507448,1.0100054,3.0574011600534344e-06
byte,194,21.4,3.341736953100767,0.9594446,0.0025291199274859164,1.0100045000000002,2.3904768944216963e-06
byte,195,21.0,4.318554863193815,0.9597735000000001,0.002888309124044266,1.0100051,2.298314073452649e-06
byte,196,19.4,4.077464640541354,0.9576608,0.0032318405913196653,1.0100084,3.3587088091073748e-06
byte,197,21.0,4.238820838691076,0.96042,0.002715592346753833,1.0100077,4.721716856941834e-06
byte,198,20.7,2.8424874663052306,0.9606645,0.002914161420489484,1.0100114,5.70494329381632e-06
byte,199,19.4,2.3653699143948885,0.9597747,0.0025480677836463737,1.010009,5.80179491123935e-06
byte,200,21.1,1.8911537669917304,0.9597419,0.001485365055705024,1.0100065,2.5291685959189913e-06
byte,201,23.2,5.34047988131563,0.9602904999999999,0.004069757841301931,1.0100083,3.663949784935548e-06
byte,202,21.1,3.7920664065980993,0.960157,0.002895298651994174,1.0100060000000002,3.1090376413337673e-06
byte,203,20.8,2.4503802223859914,0.9604303,0.002703252906770175,1.0100047,2.7613147219396573e-06
byte,204,22.9,3.544046221717187,0.9608409,0.00332251268524857,1.0100054,3.5720123002296315e-06
byte,205,21.7,3.2877029993104983,0.9600829000000001,0.002972631983610177,1.0100063000000001,4.733743664161445e-06
byte,206,20.8,2.3797491952543672,0.9598884999999999,0.0026049928025342253,1.0100101000000001,7.483376368280891e-06
byte,207,23.1,3.362938389939709,0.9612403,0.003208863499708382,1.010007,3.338332227868331e-06
byte,208,21.8,2.4734757397050195,0.9602647,0.0020695586451298926,1.0100066,3.635126940772857e-06
byte,209,24.5,4.2821943971088645,0.9619270999999999,0.0029374045370876606,1.0100055000000001,3.3595551512756178e-06
byte,210,23.1,2.9677494166885294,0.9611694999999999,0.003389277714658799,1.0100042999999999,2.361761415123764e-06
byte,211,21.4,3.7430176168355107,0.9583946000000001,0.0031481223766261514,1.0100061999999999,4.790458676453926e-06
byte,212,22.1,2.7489320823035115,0.9608587999999999,0.002713903448110837,1.0100066,3.7125116671328564e-06
byte,213,21.6,2.616463995368955,0.9593446999999999,0.0016838498379111162,1.0100042999999999,2.361761415123764e-06
byte,214,21.8,3.886114162781396,0.9592358000000001,0.0035039890786245573,1.0100065,3.892692748785027e-06
byte,215,21.5,2.886159523922724,0.9602679000000001,0.0033022902018254355,1.0100076,3.1670200279184614e-06
byte,216,20.1,3.0434212003681966,0.9588509999999999,0.003326171989548653,1.0100061,4.41555462670485e-06
byte,217,18.1,2.556004027242069,0.9580952,0.0025243857389001304,1.0100069,5.074610102939559e-06
byte,218,18.9,2.6649111787303594,0.958486,0.0032602551941249606,1.0100051,3.1715052589433455e-06
byte,219,22.6,3.184923053682671,0.9602202,0.003095200340406166,1.0100053,3.875125034842371e-06
byte,220,22.4,2.389287306410294,0.9609072,0.003120502035397008,1.0100061999999999,4.8141387944574555e-06
byte,221,22.0,2.801180294942142,0.9601226,0.0014034186027269615,1.0100046,2.638105918999215e-06
byte,222,21.0,3.0350023150829064,0.9588982999999999,0.002426913739065988,1.0100047,3.16432583771616e-06
byte,223,23.0,3.6631737710033434,0.9623492,0.0025580743262013103,1.0100067,3.035938899690295e-06
byte,224,19.1,3.0058234481673822,0.9571204,0.003051526779296768,1.0100056,3.1670200279296236e-06
byte,225,20.2,2.8772805298124573,0.9591467,0.001790307030863024,1.0100065,3.892692748785028e-06
byte,226,20.1,1.6330066029309371,0.9589435999999999,0.0025067143566971572,1.0100085,1.944519676300807e-06
byte,227,21.7,3.146305612378473,0.9609382,0.0032186414287384705,1.0100059,3.924695993072516e-06
byte,228,22.4,3.7732769420278083,0.9587937999999999,0.00222376757996958,1.0100069,3.4628988750130275e-06
byte,229,22.1,2.8102997340255595,0.9607872000000001,0.002858548409746269,1.0100079000000002,4.774408202078886e-06
byte,230,20.3,3.109951929722794,0.958304,0.0018587171714238699,1.0100055000000001,3.2738380856683872e-06
byte,231,19.8,3.317830505437367,0.9610426000000001,0.0030456832750813093,1.0100060000000002,3.1090376413337673e-06
byte,232,20.6,3.0199774588628143,0.9600344,0.002621630522377483,1.0100086000000001,3.743017616814968e-06
byte,233,19.2,3.4356996765364802,0.9566765,0.0021572460508830476,1.0100086000000001,3.5878950477314815e-06
byte,234,19.6,2.4364178282616265,0.9597379,0.0014980455520755766,1.0100055000000001,3.2738380856683872e-06
byte,235,20.3,2.5693166382653185,0.9594377,0.0015593346142550764,1.0100076,4.268229598330283e-06
byte,236,19.5,3.0768663935924425,0.9588097,0.002212591266266012,1.0100055000000001,3.2738380856683885e-06
byte,237,20.8,3.3519303787681087,0.9595502,0.0030064155087025754,1.0100072,3.4522096211190287e-06
byte,238,21.2,3.3688508819414063,0.9580339999999999,0.002655243313732957,1.0100079000000002,4.604661515373025e-06
byte,239,19.3,3.287702999310499,0.9592269999999999,0.0016297214427042034,1.010007,3.1090376413256463e-06
byte,240,21.0,3.6631737710033434,0.9585596000000001,0.002490647528412546,1.0100055000000001,3.2738380856683885e-06
byte,241,19.2,2.3314734034545763,0.9582941,0.0018898212954390195,1.0100062,2.9744475538318243e-06
byte,242,21.5,2.7654299473385,0.9596726,0.0024358891615858125,1.0100056,3.2380382733822956e-06
byte,243,22.6,2.3653699143948894,0.9605929999999999,0.0027325487922948565,1.010009,2.8214056860674627e-06
byte,244,24.7,4.648902674106875,0.9631714,0.0030689981309087546,1.0100047,2.9982473215762865e-06
byte,245,20.6,3.523934572442681,0.9586769,0.0020824456731414866,1.0100065,3.651513771858265e-06
byte,246,20.0,2.262157162798205,0.9582748999999999,0.0025815860364704402,1.0100087,3.2354032221147255e-06
byte,247,21.2,3.5656393918263594,0.9614843000000001,0.003597504948205799,1.0100042999999999,3.128181581353968e-06
byte,248,21.8,2.045692846905047,0.9604806,0.002026062129632798,1.0100061,2.890096987596527e-06
byte,249,20.1,2.171094787634969,0.9586485,0.0021350071641422575,1.0100055,3.863368845341842e-06
byte,250,22.0,2.7396083739880646,0.9595541000000001,0.002442704228199089,1.0100068,3.6600680699175235e-06
byte,251,21.2,3.385686823290994,0.9594312,0.0038070769238112176,1.010005,4.875168831516944e-06
byte,252,21.1,2.298314073432978,0.9616444,0.0027126119903706208,1.0100054,3.7883159691246905e-06
byte,253,20.7,4.332357447983288,0.9591605,0.003828616881844134,1.0100077,3.1099519297348865e-06
byte,254,20.3,2.979222717529596,0.9607597,0.0025101776779986786,1.0100062,4.029773355018881e-06
byte,255,20.2,3.1053777958606448,0.9581885,0.002182113775839432,1.0100062,3.351930378771838e-06
byte,256,20.8,2.541503341893516,0.9597841,0.00260008023685961,1.0100076,4.021298533082862e-06
byte,257,20.7,3.4563247848204264,0.9593389999999999,0.0032476187204143157,1.0100058,6.511101553658167e-06
byte,258,20.4,3.2729695783987522,0.9589671,0.0014732137247257862,1.0100077,3.146305612364414e-06
byte,259,19.1,2.465416919038682,0.9579205999999999,0.0015992282939273682,1.0100076000000002,4.551878943719252e-06
byte,260,18.8,2.3797491952543672,0.9598404,0.002714486339738986,1.0100053,2.9018773230548167e-06
byte,261,20.4,3.112693183608668,0.9587285,0.0024895507785850177,1.0100054,4.5518789437275724e-06
byte,262,20.2,3.4024394581028377,0.9586808,0.002704416468585507,1.0100087,3.073168235528694e-06
byte,263,19.0,2.336345871472338,0.9593785,0.0023971472286185825,1.0100095,4.255555293189816e-06
byte,264,20.9,3.4628988749923835,0.9611585,0.004212030564273905,1.0100078,5.906690223707187e-06
byte,265,18.7,2.160593663009354,0.9589969999999999,0.002079398795827251,1.0100099999999999,6.107358857385019e-06
byte,266,20.4,2.5280442710653994,0.9600316,0.0018981669315767408,1.010008,4.94465217580074e-06
byte,267,17.7,2.2634135678730183,0.9574292,0.0021655882512074246,1.0100047,3.9478081309589906e-06
byte,268,19.1,2.7899938341177863,0.960398,0.0020784876514668626,1.010005,2.1592774316297637e-06
byte,269,18.2,2.4270649421907837,0.9581987999999999,0.002661136595833932,1.0100056,3.1490152201285787e-06
byte,270,21.6,2.316794516271726,0.961349,0.0021091122690809947,1.0100037,2.5913523474004055e-06
byte,271,19.6,2.0007270735510834,0.9589524,0.002274513357579788,1.0100046,2.638105918999215e-06
byte,272,18.9,3.4132845788883315,0.9575948000000001,0.00377521291401046,1.0100052,3.6131622264388507e-06
byte,273,18.5,2.0581624751633356,0.9579494000000001,0.0027469789475409257,1.0100054,3.184923053692595e-06
byte,274,17.9,2.66491117873036,0.9579245999999999,0.002678626510713093,1.0100047,1.848582151173105e-06
byte,275,19.8,4.043858589677407,0.9598299000000001,0.00363320944441825,1.0100063000000001,5.458943498514086e-06
byte,276,18.9,2.8304599618636206,0.9581478999999999,0.002704138584733098,1.0100046,2.1381075338301626e-06
byte,277,19.9,3.544046221717187,0.9598996,0.0033416985535320827,1.0100074,4.268229598310169e-06
byte,278,22.6,4.077464640541354,0.9631116000000001,0.0030118298732136036,1.0100051,2.298314073452649e-06
byte,279,22.4,4.294790088612827,0.9622973,0.0022593512035225293,1.0100069,4.2448528423221e-06
byte,280,20.5,2.165850589668169,0.9593548000000001,0.002470380620648593,1.0100060000000002,2.0233348767551604e-06
byte,281,21.8,3.9007181757746903,0.9621052999999999,0.002170620631873045,1.0100065,3.095290907926828e-06
byte,282,20.1,3.7163386052411127,0.9600341,0.0035961764510042114,1.0100083,5.56212676288278e-06
byte,283,18.5,3.6979331832831717,0.9607359000000001,0.0038452035463125956,1.0100058,4.154821813111085e-06
byte,284,18.0,2.8414871187583954,0.9570251000000001,0.0036036840879323287,1.0100076,4.049478965683795e-06
byte,285,19.5,2.4837986603590245,0.9602845999999999,0.0028703897721169564,1.0100075,4.651348178052654e-06
byte,286,20.2,3.2833765031614983,0.959557,0.0024900434583443546,1.0100047,2.4094304271493663e-06
byte,287,20.4,3.3587088091062713,0.9596351000000001,0.003124236520683606,1.010007,3.67866294693955e-06
byte,288,21.4,3.712511667139006,0.9598258,0.002443645760365766,1.0100071,3.3965854347909082e-06
byte,289,21.0,3.1454018910867068,0.9600965,0.0032770790964584667,1.0100051,4.27155869142263e-06
byte,290,19.9,2.6649111787303594,0.9580555000000001,0.002027148171104979,1.0100055000000001,3.620236846507456e-06
byte,291,19.6,2.190648722954546,0.9596202,0.002543054344556782,1.0100064,4.865829419024853e-06
byte,292,20.8,3.915267715938196,0.9589086,0.004012916648106088,1.0100068,4.5593676446057775e-06
byte,293,19.5,2.8464853409480444,0.9581842,0.0020933801824434264,1.0100046,2.638105918999215e-06
byte,294,17.7,2.5693166382653185,0.9573015,0.0019623853235221163,1.0100051,2.298314073452649e-06
byte,295,18.9,2.929180533691524,0.9587488000000001,0.0031134699593730808,1.010007,2.900897455624028e-06
byte,296,20.8,2.5858610245242595,0.9600375,0.003083045711037301,1.0100051,2.4188515009256546e-06
byte,297,21.9,4.024831877536224,0.9601903,0.0034685275462149772,1.0100054,2.1381075338301626e-06
byte,298,21.0,2.5902550141411607,0.9600126,0.00302916434757432,1.0100076000000002,2.8653990728755243e-06
byte,299,21.8,2.776715369639729,0.9615377,0.003112671191001868,1.0100069,2.533660906006474e-06
byte,300,22.3,3.356168502067609,0.9607424,0.0025931643264521863,1.0100036,2.4364178282871225e-06
byte,301,19.4,3.4915149820040927,0.9579705000000001,0.0023566280273203373,1.0100061999999999,4.381297445898489e-06
byte,302,19.7,4.158241701568216,0.9600692000000001,0.003018660126241828,1.010004,3.4719179236867236e-06
byte,303,20.3,3.472736675708776,0.9589753999999999,0.002468145522769231,1.0100037,2.212600953194076e-06
byte,304,22.2,4.942351802469916,0.9604937,0.003047221554361707,1.0100067,6.004549038483637e-06
byte,305,20.5,3.238916147395361,0.9596212,0.0030301404650726195,1.0100069,4.190930642509565e-06
byte,306,18.9,2.3472719445002177,0.9573097,0.002159570811387039,1.0100072,3.334924026644116e-06
byte,307,21.6,3.978653652973947,0.9613548,0.002379153079433901,1.0100056,3.5239345724444144e-06
byte,308,21.2,4.113561388450657,0.9589152999999999,0.002432846863902624,1.0100042999999999,2.7198200293925357e-06
byte,309,19.9,2.9485280394810967,0.9590899,0.0016122966267489538,1.010004,3.1090376413256463e-06
byte,310,20.8,2.045692846905047,0.9584233,0.001987589896082768,1.0100051,3.716338605241135e-06
byte,311,21.6,2.4129676403180853,0.9609736999999999,0.0024045683373989084,1.0100054,3.7883159691146925e-06
byte,312,21.8,1.6793544045531352,0.9600376,0.0023592189550297013,1.0100053,3.3730677453902282e-06
byte,313,22.2,2.1540044629651915,0.9594028,0.002033758517832896,1.0100048000000001,2.541503341911954e-06
byte,314,21.0,4.435469209931998,0.9591920999999999,0.0028446684727457504,1.0100048000000001,3.468640982957987e-06
byte,315,20.2,2.5858610245242595,0.958842,0.0024904570981768154,1.010009,4.636042614411082e-06
byte,316,21.1,2.728169458165795,0.9599040000000001,0.002152878331698357,1.0100083000000002,3.322112131310886e-06
byte,317,20.4,2.3653699143948894,0.9600755,0.002113225600855431,1.0100092,4.930833838081912e-06
byte,318,19.7,2.0801461426278602,0.9582234,0.0019944112107805373,1.0100056,2.7644017153210493e-06
byte,319,20.3,4.410400782354081,0.9593211,0.003689003454940098,1.0100068,3.4024394581019735e-06
byte,320,19.4,2.722954065405149,0.959818,0.002958742664082075,1.0100061,3.396585434788306e-06
byte,321,21.4,4.6507369226194015,0.9598871000000001,0.00395254695507302,1.0100063000000001,3.3561685020702597e-06
byte,322,16.8,3.6444998663449293,0.9565783,0.0031956125275556277,1.0100104,3.0010906102774604e-06
byte,323,17.9,2.9677494166885303,0.957278,0.002469862354529163,1.0100102,3.419110010914384e-06
byte,324,18.2,3.752121037537343,0.9595860999999999,0.004262754259349953,1.0100056,5.34473694049143e-06
byte,325,21.3,2.6988334501336366,0.9600488,0.0024476880310526474,1.0100055000000001,3.8040429588201203e-06
byte,326,21.0,2.612114093781567,0.9598799,0.0031529269126769656,1.0100068,3.4024394581019735e-06
byte,327,19.0,2.9204323393404223,0.9592746,0.0032047342011334475,1.0100089,4.066992579836434e-06
byte,328,19.7,2.6132022480023895,0.960324,0.0027843918370015703,1.0100073,3.4066147443112514e-06
byte,329,20.8,2.5858610245242595,0.9597647,0.0022403703023612907,1.0100081,3.6856118389644617e-06
byte,330,20.3,3.339183734630645,0.9581249,0.0020563695029383526,1.0100054,2.1381075338301626e-06
byte,331,18.9,3.2071613006973068,0.9589106,0.0026950143150813585,1.0100036,1.8836222605283534e-06
byte,332,17.7,1.9677733538428859,0.9569493,0.002658866454865558,1.0100072,2.6294705245467524e-06
byte,333,18.1,2.0078193576620635,0.9577985,0.0009249670987546054,1.0100061,2.144745573800874e-06
byte,334,19.3,2.134114799158496,0.9587524000000001,0.00309762680031759,1.0100062,2.9744475538318243e-06
byte,335,19.5,2.191946116448766,0.9589093999999999,0.0018659640639851012,1.0100061999999999,5.30844312022924e-06
byte,336,20.9,2.4188515008955065,0.9605337,0.002859674045839572,1.0100042999999999,2.361761415123764e-06
byte,337,20.8,3.8714550605064866,0.9577375,0.0031154378520799075,1.010008,4.990436969056031e-06
byte,338,20.5,3.002037774816146,0.9593731999999999,0.0024568307995589027,1.0100075,3.3255334629218266e-06
byte,339,22.2,3.5656393918263594,0.9610325,0.002509176441398851,1.010005,2.023334876742681e-06
byte,340,22.1,2.298314073432978,0.9602107999999999,0.002147353255751106,1.0100055000000001,2.268432229415079e-06
byte,341,21.8,2.756162049543645,0.9605062999999999,0.0025095210586102133,1.0100087,5.058899198062593e-06
byte,342,20.1,2.9485280394810967,0.9584644000000001,0.002960237542712889,1.0100082000000001,5.414495208918335e-06
byte,343,21.9,3.4628988749923835,0.9601436,0.0024630646840113164,1.010005,3.1090376413215852e-06
byte,344,21.0,2.612114093781567,0.9602879,0.0029981296925760104,1.0100075,3.3255334629332162e-06
byte,345,22.9,3.024680743847476,0.9605324,0.0021450490563411583,1.0100054,4.34742428433265e-06
byte,346,19.6,2.6808656887297966,0.9584409,0.001100017270138035,1.0100051,3.2946135755114283e-06
byte,347,19.0,3.5847241279242805,0.9577604000000001,0.002302061431584161,1.0100042999999999,3.252929911685911e-06
byte,348,19.5,2.8464853409480444,0.9605824999999999,0.0023185816916416226,1.0100048000000001,2.1540044629989965e-06
byte,349,19.4,3.3587088091062713,0.9579708,0.0025168849738401956,1.0100045,4.321845191210178e-06
byte,350,18.9,1.6330066029309371,0.9592637999999999,0.0033041479425564495,1.0100044000000001,2.505451822706031e-06
byte,351,19.0,2.1059537092030283,0.9589827,0.0026160025323396056,1.0100080999999999,2.76953905799582e-06
byte,352,19.4,2.885174318390035,0.9595334,0.0029840668811826343,1.0100066,3.255550776824624e-06
byte,353,19.4,3.202726004285758,0.9595760999999999,0.003244186543163481,1.0100059,3.2248414859265334e-06
byte,354,20.5,3.3595551512663864,0.9603135999999999,0.003020135291864551,1.0100076,4.626220479189336e-06
byte,355,21.3,3.6794356941313935,0.9591981,0.0021435317775397545,1.0100041000000002,4.066992579821222e-06
byte,356,20.1,2.578153522955246,0.959737,0.0025896569913225467,1.0100051,2.76953905801451e-06
byte,357,22.3,3.663949784945107,0.9620963,0.0019487944428399613,1.0100069,2.967749416689849e-06
byte,358,22.6,3.2027260042857595,0.9615773000000001,0.0022383202989623816,1.0100073999999999,4.735545050775472e-06
byte,359,22.8,5.211151250438866,0.9622764,0.004475974996283413,1.0100089,4.441234137342644e-06
byte,360,21.9,3.1172565831907524,0.9591932999999999,0.003275827367842115,1.0100069,3.1893831077500906e-06
byte,361,20.6,2.572634027172215,0.9609970999999999,0.0028135195663348427,1.010004,2.5459738877551774e-06
byte,362,21.9,4.150029234628549,0.9593757,0.003765441095314827,1.0100058,3.04995315588577e-06
byte,363,21.1,2.3713718776452386,0.9597084,0.0019528599264430763,1.010005,3.1090376413215852e-06
byte,364,20.2,2.1274435893402885,0.9582425999999999,0.0014980368127297465,1.0100039,2.273439812181746e-06
byte,365,21.8,4.670257415223874,0.9610891,0.004247296612182111,1.0100073,2.8021950315391563e-06
byte,366,20.9,2.7899938341177855,0.9601109000000001,0.0026872061891108105,1.0100061,2.7899938341222165e-06
byte,367,20.3,2.5913523473884963,0.9584461000000001,0.002696611748634819,1.0100054,4.091385693806779e-06
byte,368,21.0,3.5847241279242805,0.9592421999999999,0.0028807758597964314,1.0100076000000002,2.8653990728755243e-06
byte,369,21.7,4.252882205422933,0.9607734000000001,0.004559927893607498,1.0100054,2.7848942249760886e-06
byte,370,20.4,2.72295406540515,0.9578775,0.0020469066513677543,1.0100054,2.7848942249760886e-06
byte,371,20.0,1.5817136321961622,0.9571977,0.0007491583940264856,1.0100048000000001,3.1956167258176802e-06
byte,372,21.2,4.127360693857635,0.9578653000000001,0.0029547519677513975,1.0100042999999999,2.9600758436268996e-06
byte,373,20.5,3.588687339889714,0.9590422000000001,0.0024598098214103415,1.0100046,2.1381075338301626e-06
byte,374,22.5,3.556857998597494,0.9600953999999999,0.0025896745607604885,1.0100054,2.784894224976089e-06
byte,375,20.6,2.9243236566418473,0.9602456,0.002786135904812849,1.0100066,3.635126940772857e-06
byte,376,21.7,4.397489745336608,0.9609878000000001,0.003337068801340713,1.0100080999999999,3.379803783526561e-06
byte,377,20.0,3.4390080063126707,0.9589706,0.0022848287601527667,1.0100052,2.877280529821478e-06
byte,378,18.1,3.0058234481673822,0.958473,0.0027002933327572344,1.0100061999999999,3.4191100109180775e-06
byte,379,19.4,2.2419589266264732,0.9590206,0.0023079801684771704,1.0100044000000001,2.6164639953988346e-06
byte,380,21.7,2.7818299721866024,0.9609458,0.0024914075016798233,1.0100064,3.833079034386192e-06
byte,381,19.7,3.339183734630645,0.9579665,0.0034396976112132972,1.0100089,2.967749416680064e-06
byte,382,21.0,3.1991733398486626,0.959684,0.0021700452325736697,1.0100058,3.419110010914384e-06
byte,383,22.9,3.777042312630472,0.9601911,0.0035236262703477674,1.010002,2.0787789744833726e-06
byte,384,19.4,1.9721028934088127,0.9590444,0.0027581135136108673,1.010004,2.0233348767551604e-06
byte,385,19.6,3.001090610326625,0.9587038,0.00277712719397397,1.0100061999999999,4.645843983935967e-06
byte,386,19.1,2.707247604453604,0.9587942,0.0021152744670613582,1.0100072,3.5336024495162003e-06
byte,387,20.8,2.756162049543645,0.9607594,0.0028073465826501114,1.0100061,3.544046221723804e-06
byte,388,21.0,2.4317458818185185,0.9610777,0.0026348531172887065,1.0100042,2.5858610245497927e-06
byte,389,21.2,2.756162049543645,0.959773,0.003495252257588003,1.0100058,3.5012723787242075e-06
byte,390,21.8,2.6723684702430424,0.9610758,0.0025789847453273544,1.0100047,2.656362925183756e-06
byte,391,23.4,3.8032955292136412,0.9618054,0.0027583984856122223,1.0100061,2.144745573800874e-06
byte,392,21.1,2.0359414465183843,0.958638,0.001603533668027183,1.0100065,3.5728081144676858e-06
byte,393,18.7,2.052629770328954,0.958727,0.0027597397056034526,1.010009,2.8214056860674627e-06
byte,394,17.9,2.007819357662063,0.9568818,0.0020652799141220733,1.0100087,5.703448091762023e-06
byte,395,19.3,2.6348709626115685,0.959005,0.0020997982715225904,1.0100049,3.4464401369874177e-06
byte,396,21.2,2.693561256292125,0.9593719999999999,0.002878799455530848,1.0100061,4.0389343449745636e-06
byte,397,20.5,3.2564239297897437,0.9588893,0.0016733500360432872,1.010007,3.0350023150786616e-06
byte,398,21.0,3.053679428690489,0.9589323000000001,0.0022028307818091116,1.0100098000000002,4.718705365575127e-06
byte,399,20.1,2.171094787634969,0.9576382999999999,0.0020901243526773405,1.010007,4.851786592004764e-06
byte,400,19.4,2.5280442710653994,0.9578704,0.0026216462031896544,1.0100042999999999,2.7198200293925357e-06
byte,401,21.0,2.69777983562925,0.9610109,0.0029569663314720275,1.0100072,4.154821813077659e-06
byte,402,21.4,1.9135704379232206,0.9588316000000001,0.0022748107457016397,1.010008,4.549379970737623e-06
byte,403,19.8,2.1540044629651915,0.9592705,0.0017416140293655925,1.0100094,5.891268029706331e-06
byte,404,21.5,3.2911601012112772,0.96079,0.0037317931989338873,1.0100058,4.154821813082521e-06
byte,405,22.6,3.7277958473194466,0.9608668,0.0026021648853226907,1.0100063000000001,4.524942658964288e-06
byte,406,20.4,3.7125116671390064,0.9595169,0.004013022465246571,1.0100060000000002,3.1090376413337673e-06
byte,407,18.2,2.837482201871954,0.9578948,0.0020749271154801964,1.0100045,2.7447921220169766e-06
byte,408,20.5,2.866391075356078,0.9604800000000001,0.0022344066302468733,1.0100042999999999,3.33918373463649e-06
byte,409,20.7,3.235403222123733,0.960206,0.0023885524875678016,1.0100073,2.6988334501296108e-06
byte,410,22.7,3.146305612378473,0.9607446,0.0025340097641794314,1.0100066,4.091385693798756e-06
byte,411,22.4,2.825433390747478,0.9616434,0.00284113819873627,1.0100084,3.847884338778583e-06
byte,412,21.9,2.7695390579961843,0.960914,0.0026049049195947145,1.0100057,4.075372381110611e-06
byte,413,20.0,1.6861123972682814,0.9571194000000001,0.0017954679695463766,1.0100080999999999,4.441234137332694e-06
byte,414,22.3,2.998247321568603,0.9608440999999999,0.002231449546899369,1.0100094,4.8541298843921435e-06
byte,415,22.0,3.1272726225583467,0.9602698999999999,0.002362377714688182,1.0100069,4.868749909919292e-06
byte,416,20.7,1.7860061501016309,0.9595336,0.001708851854580456,1.0100068,3.1956167258153102e-06
byte,417,22.1,4.363742276836883,0.9608658,0.0035802993194241186,1.0100057,1.78600615013779e-06
byte,418,21.2,3.597391037104751,0.960005,0.002198092845873151,1.0100058,5.94507068095244e-06
byte,419,21.6,3.6507351144732145,0.9592226,0.0030919832082373163,1.0100079000000002,3.0434212003625803e-06
byte,420,22.0,4.102488524789924,0.9601557,0.0035905998311688944,1.0100044000000001,2.9437030844734262e-06
byte,421,19.1,3.4132845788883315,0.9579997,0.001966398988114109,1.0100073,3.035938899668671e-06
byte,422,17.6,2.056780694225329,0.9590523,0.0027708001132189593,1.0100048000000001,2.154004462996652e-06
byte,423,20.2,3.2660132058618747,0.9593486,0.0033336415256175356,1.0100075,4.295451996610524e-06
byte,424,20.6,2.616463995368955,0.9594566999999999,0.0013122229739438898,1.0100061,2.8900969875965266e-06
byte,425,21.3,2.940804311637666,0.959719,0.0021740196313585194,1.0100103,4.158241701545846e-06
byte,426,18.3,2.5246682923444133,0.9587874,0.002899951083381243,1.0100072,4.2495384811953706e-06
byte,427,20.7,3.6794356941313935,0.9591676,0.003384831009653208,1.0100055000000001,3.620236846507456e-06
byte,428,20.9,3.259914202956429,0.960104,0.0026714974468139744,1.0100076,7.5495670819863445e-06
byte,429,19.1,2.7281694581657954,0.9595488,0.0027096608476629594,1.0100080999999999,3.0058234481591e-06
byte,430,18.8,3.782307533983461,0.9587897,0.003874479577621624,1.0100051,3.716338605241135e-06
byte,431,20.4,3.392397804748996,0.9608912999999999,0.0025067852589740793,1.0100042999999999,2.361761415123764e-06
byte,432,22.5,3.6202368465036177,0.9604091,0.002521486476632621,1.0100035,2.1394367894868688e-06
byte,433,21.9,3.9391569705380536,0.9603124,0.003154404852883241,1.0100079000000002,5.09697024695072e-06
byte,434,20.3,3.8308533036044183,0.9601082999999999,0.002620865059996148,1.0100061,3.396585434788306e-06
byte,435,20.4,2.7848942249667306,0.9602312,0.002276181313177318,1.0100082000000001,4.329075109881646e-06
byte,436,23.5,4.022005450307345,0.9622071,0.003277313603120938,1.0100064,3.0199774588735697e-06
byte,437,22.8,5.067321812014233,0.9614758999999999,0.005029839068443358,1.0100069,3.866311243963769e-06
byte,438,19.9,2.533660906007117,0.9581137,0.003109957836066212,1.0100077,3.933378959390407e-06
byte,439,19.2,3.0499531558825126,0.9576629000000001,0.002214499492085137,1.0100061,2.273439812181746e-06
byte,440,20.4,2.190648722954546,0.959478,0.0026523559442801284,1.0100076,4.4889872928131616e-06
byte,441,20.4,3.1670200279174865,0.9594600999999999,0.0030313175047577186,1.0100047,3.164325837716161e-06
byte,442,18.9,2.7695390579961843,0.9583869,0.003574226571128396,1.0100072,3.4522096210948912e-06
byte,443,19.7,2.385714983495729,0.9586916000000001,0.002401870683351676,1.0100068,3.6600680699175235e-06
byte,444,21.1,3.171505258925593,0.9605811,0.0037464406765116143,1.0100066,4.3343256577331845e-06
byte,445,20.5,3.002037774816146,0.9586125000000001,0.0019514912284493316,1.0100052,2.541503341911954e-06
byte,446,20.5,3.6202368465036177,0.9595983,0.0025274354890123195,1.0100073,3.6639497849386492e-06
byte,447,20.1,2.7489320823035115,0.9595081000000001,0.0020728568352144814,1.0100055000000001,3.2738380856683885e-06
byte,448,21.0,2.821405686075828,0.9613111,0.0033273357804262486,1.0100076,3.6351269407513233e-06
byte,449,21.5,2.9639151135154553,0.9595976,0.0016819148630427025,1.0100055000000001,3.936269025152103e-06
byte,450,20.9,3.34598798770728,0.9616125999999999,0.0032415461012713417,1.0100066,2.6164639953776033e-06
byte,451,21.4,3.0574011600274584,0.9599225,0.0029182306959835824,1.0100073,3.1099519297210837e-06
byte,452,21.8,2.9359666635001953,0.9598280000000001,0.002340549920988435,1.0100087,3.860424204041323e-06
byte,453,20.1,2.222856400713612,0.9591835,0.0017826484620505588,1.0100055,3.3425875925369374e-06
byte,454,19.6,3.758177734034123,0.9599741999999999,0.003220855096237789,1.0100047,2.2883968143578804e-06
byte,455,20.7,3.054610286638857,0.9594393,0.001833400439886929,1.0100096,4.5518789437270185e-06
byte,456,21.9,2.4883728790780255,0.9604678,0.0029526149023133825,1.0100046,3.1849230536894237e-06
byte,457,21.7,2.8624210027092793,0.9604484,0.0030746486649909388,1.010009,4.157557948912084e-06
byte,458,22.2,3.2660132058618747,0.960145,0.002584009095969084,1.0100051,2.418851500925655e-06
byte,459,22.0,1.7844136342699262,0.9620177999999999,0.0032067839326554146,1.0100072,3.958595494556481e-06
byte,460,21.4,2.4364178282616265,0.9606085999999999,0.0018988346597981944,1.0100068,4.42005931084273e-06
byte,461,22.0,3.1090376413215215,0.9594061999999999,0.0032766445297925263,1.0100049,3.639035260282118e-06
byte,462,21.2,2.28217664297011,0.9597188000000001,0.0022054347010921635,1.0100071,3.836785716473132e-06
byte,463,21.0,3.355321305663333,0.9593510999999999,0.0031301495437017464,1.0100087,3.77101591497181e-06
byte,464,20.6,2.743756155884721,0.960295,0.0020436173336182716,1.0100089,3.895612998836758e-06
byte,465,17.8,2.355734966345946,0.9565157,0.002930449648939855,1.0100047,3.287702999309226e-06
byte,466,20.2,2.5415033418935153,0.9588116,0.0030041114420999646,1.0100051,2.76953905801451e-06
byte,467,18.7,2.4094304271185956,0.9587096,0.002209618155391434,1.0100072,3.856740240803229e-06
byte,468,19.0,3.6319972570569363,0.9592881,0.0029670795656478338,1.0100037,2.5913523474004055e-06
byte,469,17.8,2.28217664297011,0.9577339,0.0027529896977984436,1.0100061999999999,3.7973107961078966e-06
byte,470,20.0,2.3845230199022156,0.9595751,0.0028551131252247085,1.0100044000000001,2.9437030844734267e-06
byte,471,22.6,2.638105918971212,0.9612310000000001,0.0031912508547828865,1.0100061,3.6546267423881917e-06
byte,472,21.6,3.1849230536826707,0.9603957,0.0019049878160207784,1.0100047,2.7613147219396573e-06
byte,473,22.0,2.939837418857418,0.9609649000000001,0.0028329309746455977,1.0100091,3.7770423126092214e-06
byte,474,22.7,3.217781069165483,0.9596880000000001,0.0016266717598219474,1.0100101000000001,4.51739689052183e-06
byte,475,18.7,1.9091081611046388,0.9579198,0.0027562836769513977,1.0100087,4.199063115829096e-06
byte,476,20.8,3.782307533983461,0.9595487,0.002931839427570042,1.010004,2.9782682973111423e-06
byte,477,20.4,2.825433390747478,0.9586191,0.0035377447546265602,1.0100049,3.3798037835299225e-06
byte,478,21.9,3.024680743847476,0.9602942000000001,0.0018932492851952763,1.0100055000000001,3.728558411707098e-06
byte,479,18.7,2.9792227175295967,0.9573126000000001,0.003420996639566103,1.0100101000000001,5.941722288301155e-06
byte,480,20.1,1.8911537669917304,0.9591860000000001,0.002013196342068959,1.0100102,3.4356996765110697e-06
byte,481,22.0,3.6631737710033434,0.9604822000000001,0.0035160005119856336,1.0100093,2.781829972182407e-06
byte,482,19.8,2.837482201871954,0.9588186000000001,0.0026127106586388013,1.0100069,5.304692895021693e-06
byte,483,20.5,2.9639151135154553,0.9589620999999999,0.002755564963240637,1.0100061,5.555989806148545e-06
byte,484,21.3,3.786063923362925,0.961036,0.002673398112481301,1.0100096,3.0574011599981e-06
byte,485,21.2,2.6510062693438257,0.9611177,0.002290786979293997,1.0100055000000001,2.7447921220169766e-06
byte,486,22.0,3.3040920178305684,0.9616541,0.003538938287145299,1.0100037,3.235403222127603e-06
byte,487,21.4,3.906544494445004,0.9601896,0.002022770939665479,1.0100075,4.201770442407085e-06
byte,488,20.8,2.355734966345946,0.9586172,0.0027301626447003065,1.0100075,2.944668707928142e-06
byte,489,23.2,1.5005453051633124,0.9605324,0.0019805147475310298,1.0100059,3.9964776542709136e-06
byte,490,19.4,1.9721028934088127,0.9578939,0.002720866435110708,1.0100054,2.7848942249760886e-06
byte,491,19.3,2.8224131510913595,0.9581749,0.0028884343681419193,1.0100075,4.959005332760827e-06
byte,492,20.7,2.901877323052948,0.9593111999999999,0.001973429084569405,1.0100073,3.3221121312975847e-06
byte,493,18.6,1.8222499331724646,0.9577206,0.002266941196417028,1.0100072,5.232927990743143e-06
byte,494,19.9,2.6649111787303594,0.9589833000000001,0.0024275196708859253,1.0100072,4.9423518024628524e-06
byte,495,23.1,3.9101815350749107,0.9623535000000001,0.003748944380825234,1.0100087,4.171893221216091e-06
byte,496,21.7,3.5855171207728094,0.9612539999999999,0.002457686106040814,1.0100065,6.118985288713334e-06
byte,497,20.1,2.5336609060071167,0.9580088999999999,0.0026017764499219284,1.0100044000000001,3.1670200279248404e-06
byte,498,19.1,2.707247604453604,0.9580299999999999,0.0028223005142119103,1.0100054,2.1381075338301626e-06
byte,499,18.6,2.4826537888253455,0.9574529,0.0021807758352085658,1.0100054,3.5400330325549162e-06
byte,500,19.3,3.617094279204329,0.9600642,0.0039233480913968815,1.0100073999999999,3.877325352079422e-06
byte,501,20.3,2.8021950315430555,0.9602261000000001,0.002624490670174253,1.0100061,3.189383107761967e-06
byte,502,20.7,3.217781069165483,0.9582837,0.0022133947272065715,1.0100059,2.5781535229649864e-06
byte,503,17.9,3.024680743847476,0.9561982,0.0019370426380228868,1.010004,2.0233348767551604e-06
byte,504,20.0,3.7702619379970077,0.9592877,0.00269528918416839,1.0100072,2.9552697423163944e-06
byte,505,19.9,3.7920664065980985,0.9590877000000001,0.0028246216070092513,1.0100058,3.752121037532852e-06
byte,506,17.9,2.2734398121549684,0.9580049,0.0026646080241067927,1.0100058,2.916535830165813e-06
byte,507,21.4,3.2729695783987522,0.9622373,0.0021060496372595923,1.0100057,5.070126240698731e-06
byte,508,20.8,2.629470524545083,0.9603681999999999,0.0030483181552775906,1.0100044000000001,3.4423131565267252e-06
byte,509,20.1,1.9209845317065637,0.9590829,0.0016232777530262163,1.0100064,3.93554670767896e-06
byte,510,19.5,2.1394367894651816,0.9584263999999999,0.0028940315539759086,1.0100053,1.848582151173105e-06
byte,511,19.4,3.341736953100767,0.9596125000000001,0.00286476866038144,1.0100104,6.283568812790571e-06
byte,512,21.3,3.8456671767569484,0.9606635000000001,0.0020204608592204443,1.0100080999999999,6.68049562566872e-06
byte,513,22.0,2.997298959273309,0.9609863000000001,0.0017109276876772835,1.0100067000000001,2.5693166382903075e-06
byte,514,21.6,3.2555507768233065,0.9604601,0.0033294510181657777,1.0100072,2.473475739716936e-06
byte,515,22.0,1.348889917814625,0.9608332,0.0020756214494626773,1.0100058,4.7666609203643946e-06
byte,516,21.7,2.2381514646204788,0.9595414999999999,0.002513806289956066,1.0100066,3.458791532923327e-06
byte,517,20.5,2.2933608045857747,0.9580542,0.002373505387560906,1.010007,3.2168974275008685e-06
byte,518,21.0,2.718774547875689,0.9599031,0.002413257024737071,1.0100042999999999,2.9600758436268996e-06
byte,519,19.4,3.8330790343840055,0.9583434000000001,0.004243464394309004,1.0100051,2.298314073452649e-06
byte,520,19.7,2.656362925178426,0.9594741000000001,0.0033563918966930594,1.0100054,2.1381075338301626e-06
byte,521,19.8,3.1956167258087556,0.9584837,0.0020225477601656604,1.0100061,3.866311243973564e-06
byte,522,20.9,2.8703556568848314,0.9594630000000001,0.0028987969353913147,1.0100063000000001,4.781548397805065e-06
byte,523,21.1,2.8304599618636206,0.9601627,0.001189272390192945,1.0100104,3.603707795317893e-06
byte,524,20.9,3.0058234481673822,0.9592663,0.0031765951794161668,1.0100077,4.158241701575297e-06
byte,525,22.0,3.0906950762741414,0.9609939000000001,0.002462184191315466,1.0100072,3.856740240771801e-06
byte,526,20.1,4.27155869140428,0.9585885,0.0026622410947077465,1.0100076,3.1670200279184614e-06
byte,527,18.5,2.573738873273039,0.9568087999999999,0.002195116329985576,1.0100042999999999,2.238151464634916e-06
byte,528,20.2,3.452209621098022,0.9602442999999999,0.0029978241434276613,1.0100073,3.830853303620815e-06
byte,529,20.3,2.1867519240382647,0.9598318000000001,0.0017211168293295787,1.0100061999999999,3.7973107961078966e-06
byte,530,20.7,2.5913523473884967,0.9594443,0.0015362324689688013,1.0100073,4.292803752239157e-06
byte,531,22.9,2.4654169190386828,0.9604595,0.002927306408731663,1.0100076000000002,3.818216322219214e-06
byte,532,22.2,3.4686409829572478,0.9609488,0.0027482493315702473,1.0100058,3.613162226426271e-06
byte,533,20.6,2.3412081990450173,0.9602720999999999,0.0034195988363579367,1.010007,4.088605275098435e-06
byte,534,21.1,3.6546267423924395,0.9604598,0.0026534784411476322,1.0100079000000002,4.604661515342865e-06
byte,535,21.7,3.017151968652254,0.9600213999999999,0.0031541984729967117,1.0100083,3.2000618757099288e-06
byte,536,21.6,3.5077622311393784,0.9600675000000001,0.0026145264046098108,1.0100076,4.747536827521765e-06
byte,537,21.4,3.341736953100767,0.9591171,0.002692662657011816,1.0100053,2.9982473215788123e-06
byte,538,19.8,2.6510062693438257,0.9597669,0.0022312892403550722,1.0100064,2.3167945162936612e-06
byte,539,19.9,2.9677494166885294,0.959858,0.0020125826890216945,1.0100058,2.3557349663579487e-06
byte,540,20.1,2.0078193576620635,0.9598241,0.002065524146275757,1.0100086000000001,2.805237038977184e-06
byte,541,20.3,2.8624210027092807,0.9598878,0.0028373002805674973,1.0100061,4.258226702910257e-06
byte,542,18.5,3.4099512923716557,0.9589939,0.003273524172067775,1.0100047,2.7613147219396573e-06
byte,543,19.5,2.6391833565979055,0.9601238999999999,0.0019343576857609964,1.0100084,5.532915594390001e-06
byte,544,22.2,1.9605362077584443,0.9607737000000001,0.001479895694954357,1.0100071,3.807031209833283e-06
byte,545,21.8,3.613162226428598,0.9590162,0.0028713700027835397,1.0100044000000001,2.505451822706031e-06
byte,546,20.5,3.4596133914490705,0.9588312999999999,0.0027059919201061814,1.0100062,2.4963575937080926e-06
byte,547,20.6,2.190648722954546,0.9590721,0.0021715436903683226,1.0100063000000001,3.3049523464617298e-06
byte,548,20.8,1.6793544045531352,0.9605527,0.0029163352928943042,1.0100052,3.468640982959442e-06
byte,549,21.4,3.7125116671390064,0.9589318,0.0032424946703192713,1.0100054,3.425755517711893e-06
byte,550,21.6,3.4091174615015367,0.9599807,0.003329382221485377,1.0100060000000002,3.1090376413337673e-06
byte,551,20.8,2.9165358301477453,0.9600524,0.002459227253463587,1.0100058,3.92976338831119e-06
byte,552,21.1,3.171505258925593,0.9599045,0.0019006407982654126,1.0100077,3.4232649644660107e-06
byte,553,20.0,2.5459738877265967,0.9599814999999999,0.002342637848524508,1.0100041000000002,2.6861628005868066e-06
byte,554,19.1,2.091051308540542,0.9581927,0.0030892220835717315,1.0100073,4.19906311580414e-06
byte,555,20.8,2.5858610245242595,0.9589816000000001,0.002104673661709822,1.0100051,2.298314073452649e-06
byte,556,18.5,1.91505555296083,0.9583114,0.002166528806881766,1.0100066,4.3343256577331845e-06
byte,557,22.1,2.2734398121549684,0.9634707,0.0024063619372969567,1.0100059,3.0058234481775813e-06
byte,558,20.9,2.707247604453604,0.9603284000000001,0.0020046531212236703,1.0100080999999999,5.576420063761264e-06
byte,559,20.2,2.607756936296503,0.9582736000000001,0.0026388437569509395,1.0100057,2.960075843632871e-06
byte,560,22.5,3.0396823522731484,0.9609226,0.0024573994697384477,1.0100073,1.5099887294326041e-06
byte,561,21.9,2.7695390579961843,0.9594235,0.00244713313291317,1.0100082000000001,3.6288648741843037e-06
byte,562,22.2,2.4270649421907837,0.9611209000000001,0.002364630246851304,1.0100069,3.60765015269048e-06
byte,563,19.8,3.1956167258087556,0.9578913,0.003512919260575246,1.0100053,1.848582151173105e-06
byte,564,19.5,2.6819259480905004,0.9596880000000001,0.0035788318835473054,1.0100065,3.095290907926828e-06
byte,565,20.7,4.306028687293957,0.959979,0.0024614987280697632,1.0100055000000001,2.983037344859287e-06
byte,566,18.9,3.9246959930534318,0.9575172999999999,0.002825063646319643,1.0100053,2.4094304271493663e-06
byte,567,19.6,4.2146064942475645,0.9600253999999999,0.0028145532431194968,1.0100047,2.4094304271493663e-06
byte,568,21.4,3.9210724155168886,0.9609116999999999,0.0020589605021037165,1.0100093,4.436110127401935e-06
byte,569,22.2,2.1540044629651915,0.960722,0.0012301801635744368,1.0100068,3.1956167258153102e-06
byte,570,22.4,3.0759422709124635,0.9597323,0.002249549918917695,1.0100064,2.5946415626184415e-06
byte,571,20.0,3.8743913180848235,0.9588924000000001,0.0022669922127038695,1.0100086,4.360483563594509e-06
byte,572,21.6,3.001090610326625,0.9602514,0.0022449961996541773,1.0100087,4.103181454200588e-06
byte,573,25.1,3.6546267423924395,0.9641562,0.0028683278792093307,1.0100076,5.015440453611692e-06
byte,574,20.4,3.001090610326625,0.9591511,0.002780056873496276,1.0100082000000001,4.32907510985948e-06
byte,575,19.1,1.5978083629043778,0.9578846000000001,0.0011298884728371357,1.0100073,2.698833450129611e-06
byte,576,22.6,2.3892873064102935,0.9608198,0.002266999275635202,1.0100071,2.850477608483677e-06
byte,577,21.2,3.3688508819414063,0.9590472,0.002968640964064273,1.0100072,3.929763388301551e-06
byte,578,18.7,2.7613147219226644,0.9580844000000001,0.00216601162320514,1.0100054,3.8919623439377185e-06
byte,579,18.6,2.5946415626080612,0.958263,0.0031532611988770026,1.0100060000000002,2.697779835641308e-06
byte,580,18.4,2.6595717400287993,0.9590952999999999,0.002549795564654701,1.0100052,3.2660132058715195e-06
byte,581,18.0,2.718774547875689,0.9576416,0.002303769550690816,1.0100056,3.5239345724444144e-06
byte,582,17.7,3.054610286638857,0.9591430000000001,0.0030413816863440156,1.0100051,2.298314073452649e-06
byte,583,18.8,2.857450655145069,0.9593121,0.0025028528942342997,1.0100062,2.7354543028092124e-06
byte,584,19.1,3.527966074244337,0.9578875,0.0024579732976437773,1.0100044000000001,3.7732769420272325e-06
byte,585,21.7,4.524942658954844,0.9610027000000001,0.003962213242302716,1.0100061,4.350692779103126e-06
byte,586,20.7,2.052629770328954,0.959572,0.002493093818608565,1.010004,2.0233348767551604e-06
byte,587,21.6,2.9437030844574017,0.9604644,0.002221606087552781,1.0100075,2.3424222038979858e-06
byte,588,19.0,2.780807804240212,0.9572402999999999,0.003293385814972441,1.0100078,2.9744475538182417e-06
byte,589,19.7,2.656362925178426,0.9577386000000001,0.0020213745576963074,1.0100075,4.295451996628159e-06
byte,590,19.5,2.866391075356078,0.9594543,0.002674500600585301,1.0100098000000002,6.049361487691088e-06
byte,591,21.5,4.425844310611043,0.9601523000000001,0.003251711330096853,1.0100067,3.0171519686530225e-06
byte,592,22.4,3.130906874362879,0.9618691,0.003255016159787302,1.0100073999999999,3.5400330325484966e-06
byte,593,19.7,2.761314721922665,0.9578922999999999,0.002819274438693834,1.0100072,3.958595494556481e-06
byte,594,20.5,3.4431389483500183,0.9589942,0.003042088917825298,1.0100059,3.4955838739344623e-06
byte,595,19.0,1.8159986285284682,0.959056,0.0018896705990108387,1.0100061999999999,4.154821813077659e-06
byte,596,17.6,2.5946415626080612,0.9577215000000001,0.0024817879898434278,1.0100081,3.1354437654244286e-06
byte,597,20.9,2.511118990804684,0.9603077000000001,0.0018977915544114777,1.0100058,2.7354543028064435e-06
byte,598,21.0,4.2253855565939595,0.9581202,0.00281305437553432,1.0100054,2.1381075338301626e-06
byte,599,23.2,4.182102617081084,0.9613904,0.002828992487158877,1.010005,3.800304340753977e-06
byte,600,21.8,2.8969746715991023,0.9596484000000001,0.0029099893445232194,1.0100076,3.3755953348965485e-06
byte,601,20.1,1.979297747271397,0.9588372,0.0018399978337525701,1.0100061,3.967920820787447e-06
byte,602,20.0,3.1272726225583467,0.9585899,0.0024838840569252163,1.0100096,6.373415648748261e-06
byte,603,22.2,3.2833765031614988,0.9593651,0.0024441259629007024,1.010009,7.4951441827585485e-06
byte,604,22.7,3.537622933752031,0.9597827999999999,0.002999054232691045,1.0100078,4.471219108265151e-06
byte,605,22.1,4.786302610650019,0.9597338000000001,0.0021093887367943415,1.0100071,3.2773098131461935e-06
byte,606,20.5,2.002147540235915,0.9589684999999999,0.0021553823013759207,1.0100076,4.334325657734932e-06
byte,607,19.0,3.338332227863102,0.9591780999999999,0.0028613686152714375,1.010005,3.1991733398577815e-06
byte,608,20.9,3.1172565831907524,0.9601670999999999,0.0036076245326172544,1.0100058,4.521800119067368e-06
byte,609,21.0,3.9326561111094547,0.9597449000000001,0.002697175896358034,1.0100092,4.7547173763365125e-06
byte,610,19.6,3.3246784601026196,0.9589942,0.0020032966362875868,1.0100036,1.8836222605283534e-06
byte,611,19.3,2.940804311637666,0.9603466,0.001777581072409445,1.0100080999999999,4.441234137332694e-06
byte,612,20.6,2.572634027172215,0.9592554,0.002537786140304564,1.0100086000000001,4.268229598305435e-06
byte,613,21.2,3.5656393918263594,0.958893,0.003626790516653049,1.0100059,3.2248414859265334e-06
byte,614,21.1,3.462898874992384,0.9599376,0.0032115290048863264,1.0100072,4.315920794704719e-06
byte,615,22.2,2.7561620495436454,0.9608432,0.002594184935637963,1.0100062,4.195676500942228e-06
byte,616,21.3,3.217781069165483,0.9592164000000001,0.003134615296748246,1.0100069,4.466766018472562e-06
byte,617,21.4,3.2729695783987522,0.9599074,0.002177306003043354,1.0100082000000001,4.8728356565239804e-06
byte,618,21.0,4.435469209931998,0.9612596,0.0035283719877915493,1.0100082000000001,4.596628146853112e-06
byte,619,21.2,2.4035235037258698,0.960993,0.0017579094110658025,1.0100057,3.632779930777645e-06
byte,620,19.2,3.1417844064037963,0.9606752999999999,0.0038180867188172493,1.0100098000000002,5.8680587417264975e-06
byte,621,18.9,2.0636803469288174,0.9593621000000001,0.0027021676511796086,1.0100104,3.788315969104694e-06
byte,622,19.9,2.909704383319462,0.9590692000000001,0.002328263388656849,1.0100058,2.9165358301658136e-06
byte,623,20.7,3.3730677453795095,0.9596031999999999,0.002935844647922732,1.0100048000000001,3.468640982957987e-06
byte,624,20.6,3.2902961662702306,0.9591063,0.0025058183328172776,1.0100068,4.28949114757408e-06
byte,625,20.3,2.7613147219226644,0.9604191999999999,0.0026870702020192812,1.0100035,2.1394367894868688e-06
byte,626,21.8,3.2833765031614983,0.9603826999999999,0.002577598929829893,1.0100062,3.351930378771838e-06
byte,627,21.7,3.0731682355329637,0.9599074,0.0027091908578220627,1.0100049,3.880989775290461e-06
byte,628,19.5,2.595737041467345,0.9591356,0.00351763745143109,1.0100076,4.334325657734932e-06
byte,629,20.3,3.3730677453795095,0.9599951000000001,0.0030298488982383014,1.010004,2.545973887755178e-06
byte,630,20.6,3.8626328954654703,0.9603896000000001,0.004058101427220981,1.0100060000000002,4.292141435844459e-06
byte,631,20.9,3.0434212003681966,0.960585,0.0018568971418833162,1.0100058,2.0733012865110344e-06
byte,632,20.5,2.8062503086742567,0.9606560999999999,0.003061674155101422,1.0100047,2.2883968143578804e-06
byte,633,19.8,3.1053777958606448,0.9581054999999999,0.002644085901364393,1.0100044000000001,2.1113466853127265e-06
byte,634,20.0,2.997298959273309,0.9593861,0.0020253505881440525,1.0100036,1.8836222605283534e-06
byte,635,19.88888888888889,3.0853296547941214,0.9587686666666667,0.0026022958097095595,1.0100077777777778,4.888417207098475e-06
byte,636,23.0,2.8760924688059735,0.9615381111111111,0.0029564090330063205,1.0100095555555555,4.847960644963819e-06
byte,637,23.11111111111111,3.7350553282471743,0.9603227777777779,0.001955088729413024,1.0100056666666668,2.7979939182568296e-06
byte,638,22.88888888888889,3.8518715126975263,0.9600572222222223,0.0026124572996762923,1.0100042222222223,3.5178170507425915e-06
byte,639,19.555555555555557,2.3726552360143067,0.9585815555555555,0.0021291537050118514,1.0100051111111112,2.702511695769343e-06
byte,640,20.2,5.074138586013439,0.9579154000000001,0.0016727890747519577,1.0100054,4.442312168336325e-06
byte,641,21.5,4.947313834247191,0.95896125,0.004029579315974122,1.010006,1.607056608818479e-05
byte,642,20.25,7.041649389840647,0.95847375,0.004840774112495956,1.01000325,4.570440542551232e-06
byte,643,24.75,18.933772549412012,0.9627535,0.010520635339385315,1.0100060000000002,6.7509880897398804e-06
byte,644,19.666666666666668,5.171145012542263,0.9584426666666667,0.001077581411312294,1.0100046666666669,1.003952303621154e-05
byte,645,23.666666666666668,17.623960638970697,0.9617136666666667,0.014755641951142316,1.010001,4.302652729713957e-06
byte,646,20.0,8.605305459498924,0.9596830000000001,0.0010370136940799435,1.010006,1.3831093423847055e-05
byte,647,21.0,50.82481894469878,0.9610894999999999,0.008239973771409241,1.0100120000000001,2.5412409471669465e-05
byte,648,22.5,82.5903307851355,0.961773,0.013760819729277202,1.010014,8.894343315295913e-05
byte,649,18.5,19.05930710426204,0.9583975,0.06041165041814252,1.010005,2.5412409473080134e-05
byte,650,14.5,31.765511840436737,0.9530195,0.01704537365357829,1.010005,6.353102368128968e-05
byte,651,17.0,0.0,0.95851,0.0,1.01001,0.0
byte,652,15.0,0.0,0.958325,0.0,1.010014,0.0
byte,653,14.0,0.0,0.959197,0.0,1.010007,0.0
byte,654,20.0,0.0,0.964033,0.0,1.010003,0.0
byte,655,21.0,0.0,0.960232,0.0,1.010014,0.0
byte,656,17.0,0.0,0.954798,0.0,1.010003,0.0
byte,657,16.0,0.0,0.956385,0.0,1.01,0.0
byte,658,15.0,0.0,0.961258,0.0,1.010007,0.0
byte,659,18.0,0.0,0.961608,0.0,1.010007,0.0
byte,660,19.0,0.0,0.957566,0.0,1.010011,0.0
byte,661,22.0,0.0,0.961709,0.0,1.01001,0.0
byte,662,17.0,0.0,0.956472,0.0,1.010014,0.0
byte,663,19.0,0.0,0.958559,0.0,1.010017,0.0
byte,664,19.0,0.0,0.954327,0.0,1.01001,0.0
byte,665,22.0,0.0,0.961929,0.0,1.010003,0.0
byte,666,25.0,0.0,0.958922,0.0,1.01,0.0
byte,667,17.0,0.0,0.957363,0.0,1.010007,0.0
byte,668,21.0,0.0,0.963962,0.0,1.010021,0.0
byte,669,23.0,0.0,0.962889,0.0,1.010011,0.0
byte,670,25.0,0.0,0.969767,0.0,1.010011,0.0
byte,671,21.0,0.0,0.961032,0.0,1.010014,0.0
byte,672,22.0,0.0,0.958226,0.0,1.010003,0.0
byte,673,27.0,0.0,0.964699,0.0,1.010003,0.0
byte,674,18.0,0.0,0.953548,0.0,1.010007,0.0
byte,675,26.0,0.0,0.96345,0.0,1.01,0.0
byte,676,25.0,0.0,0.963708,0.0,1.010007,0.0
byte,677,22.0,0.0,0.961881,0.0,1.010003,0.0
byte,678,26.0,0.0,0.967752,0.0,1.010007,0.0
byte,679,16.0,0.0,0.958952,0.0,1.010003,0.0
byte,680,18.0,0.0,0.956494,0.0,1.01001,0.0
byte,681,19.0,0.0,0.953671,0.0,1.01,0.0
byte,682,16.0,0.0,0.954969,0.0,1.010011,0.0
math,1,3.3,1.8790888670170616,0.9640468999999999,0.003795387702694836,1.0090340000000002,0.010548791344459232
math,2,12.2,7.621526456783027,0.9821251,0.0039366188168150126,1.0244825,0.009853377376625276
math,3,27.2,19.126193591179877,0.9909738000000001,0.007285098861834051,1.0271576,0.01314730364528585
math,4,56.2,18.472898450084493,0.9993306000000001,0.007222304456527526,1.0371057000000001,0.009364718661888417
math,5,63.8,16.016470324753975,1.0030478999999999,0.005459585091870013,1.0568055,0.027151332525053723
math,6,72.5,10.568845177565718,1.0052599,0.004237271782394932,1.0404064,0.01139409700521415
math,7,76.0,5.024501780679304,1.0050221000000001,0.0034307061316125177,1.0315532,0.0068189574775182485
math,8,75.2,3.317830505437367,1.0041528,0.0018159206578928196,1.0265747,0.00706052766146481
math,9,70.2,5.403983657139447,1.0002521,0.003570452458689869,1.0288648999999999,0.01253408416769769
math,10,67.2,5.010903645378831,0.9980375,0.0038318559958232163,1.0228879000000002,0.002448928625512073
math,11,71.9,4.653792396914327,1.0008655,0.004130118825434061,1.0243322,0.004207018982280596
math,12,69.7,6.200218396907569,0.9974906000000001,0.005072018120302987,1.0217528,0.0016255552374646503
math,13,65.5,6.627515673359564,0.9924203,0.0051373867528268415,1.02086,0.0020929138803652725
math,14,60.5,2.7654299473385,0.9881408,0.003317188809923652,1.0203745,0.0014837614448177444
math,15,59.8,3.501272378714395,0.9878448000000001,0.0030068111935434238,1.020869,0.0021773196557194215
math,16,54.8,4.209206611832473,0.9839168,0.004822987505923881,1.0192239,0.0007909035076251622
math,17,55.7,3.5696237928815506,0.9845226,0.003078839708275622,1.0198489,0.001320020360701219
math,18,51.4,6.137078540715142,0.9816107000000001,0.004558048006174689,1.0199977,0.0009533602188060955
math,19,45.8,4.778574612820588,0.9772266000000001,0.00457032389012085,1.0195366,0.0006617988538822507
math,20,49.0,3.4390080063126707,0.9790418000000001,0.004444824488421675,1.0194791,0.0010034967279017029
math,21,42.8,2.7354543027979377,0.9741345000000001,0.0029892451574794754,1.0204392,0.002291491531405172
math,22,46.2,3.8714550605064866,0.9767138,0.003197943106469325,1.0191777,0.0006932812806930769
math,23,43.9,5.854963086613131,0.9734577,0.0035044809557672795,1.0194487,0.0007891715055268917
math,24,43.5,4.589819699095322,0.9720309,0.003951880791148824,1.0191103,0.0007247304982818658
math,25,40.7,6.107824339555154,0.9700580000000001,0.006461428613577529,1.0198145,0.001240248911086282
math,26,39.8,6.2527267990119375,0.969911,0.004770812703750315,1.0200038,0.0010883480707273203
math,27,36.4,3.5400330325444216,0.9660129,0.0035890450571502953,1.0197962999999999,0.0012411224502756372
math,28,37.6,4.13286751511109,0.9685029,0.0028399690279366195,1.0197824,0.0009246693392626701
math,29,33.2,3.797310796113076,0.9636953,0.00435636385599715,1.0196956,0.0008299295426166657
math,30,31.5,5.281059070786442,0.9609199,0.004177500349025561,1.0198784,0.000573836066691271
math,31,33.0,5.8989841666641825,0.9636300999999999,0.005228159805886413,1.0199073,0.0008986652636354888
math,32,27.1,3.135443765417417,0.9584490000000001,0.0033352402838358886,1.0202576,0.0011071233917051625
math,33,28.7,3.8604242040266286,0.960695,0.0036621881670573227,1.020486,0.0006091509432638711
math,34,29.6,3.6507351144732145,0.9606185,0.0034471693762197306,1.0199813,0.0008985378899727586
math,35,28.8,2.563778117837965,0.9605492999999999,0.0030762449341020797,1.0210385,0.0010613216101959325
math,36,25.2,3.01243692909577,0.9551361,0.0035842620406839817,1.0203149,0.0004587173379001577
math,37,26.6,3.3246784601026196,0.9603234,0.002406203480737037,1.021417,0.0017448996117100212
math,38,26.2,4.6945438890004345,0.9582895,0.004256289580345449,1.020369,0.0007004037835706687
math,39,23.3,3.505329944543106,0.9564159,0.004118499873515069,1.02148,0.0008590753088519044
math,40,22.2,2.017706674229335,0.9544675,0.002879814449368193,1.0206940999999998,0.0007508878853661844
math,41,21.5,2.3180213072056053,0.9532038,0.0034436170375241873,1.0210858999999999,0.000985456317688783
math,42,20.8,2.9935025056163034,0.9530787000000001,0.002880599089676644,1.0211074,0.0007000527662570081
math,43,20.0,2.336345871472338,0.9524895000000001,0.003276515793419443,1.0212980999999999,0.000951932676838098
math,44,20.1,2.9677494166885294,0.9534288,0.002553903677253827,1.0218666,0.0011049734667106402
math,45,20.4,2.5946415626080612,0.9539063000000001,0.0037658743901952166,1.0212327,0.0010865159692438559
math,46,19.6,1.3572942976789228,0.9534662,0.002354842823470861,1.0222959,0.0010194799685937777
math,47,20.2,3.0312530828732904,0.9545299,0.0039711313517610215,1.0215285,0.0008184846870316045
math,48,19.8,3.2660132058618747,0.9535052,0.0022791831048447238,1.0215706,0.0010586543302677648
math,49,20.4,2.1113466852783245,0.9545054000000001,0.002378459772107688,1.0214629,0.0008870354771113168
math,50,22.3,3.128181581340093,0.9551152999999999,0.0037095056291148658,1.0217204,0.0011096557767739
math,51,21.6,2.825433390747478,0.9542909999999999,0.0034464680845412827,1.0208566,0.0008278533846245738
math,52,23.3,2.052629770328954,0.9562229999999999,0.0021419090549181755,1.0206839,0.0008641528169725133
math,53,20.4,2.885174318390035,0.9534271999999999,0.0030565785042942673,1.0207775,0.00034244129194340296
math,54,23.3,2.385714983495729,0.9567776,0.0026478072213001603,1.0206057999999998,0.0005723958778106731
math,55,22.3,2.5246682923444133,0.9543075,0.0031332059619121303,1.0212824,0.0017861009619079757
math,56,20.9,1.4484873357995511,0.9538893999999999,0.0016803433479136848,1.0216836,0.0019119730154948844
math,57,18.5,2.1126927782969798,0.9535002,0.002585958603755035,1.0222823,0.0016895712493353078
math,58,19.6,1.9721028934088127,0.9538489,0.0020206222237556786,1.0219457,0.002233282394628244
math,59,21.1,2.8304599618636206,0.95627,0.0036743244351252796,1.0215029,0.0006650688582247538
math,60,17.5,1.7923620639621403,0.9519519000000001,0.003044119172608955,1.0225813000000001,0.0009986192833693584
math,61,21.1,3.9101815350749116,0.9542906999999999,0.004363323708206927,1.0219623,0.0009711145023013481
math,62,21.9,3.4464401369782474,0.9541934,0.00392253880511524,1.0214456,0.00145341238514022
math,63,22.1,2.909704383319462,0.9548717,0.0021131859349238715,1.0213193,0.0008140522051515843
math,64,19.6,2.5054518226894156,0.9520205,0.0034777596574975932,1.0215444,0.0006974436917962321
math,65,19.1,3.836785716455433,0.9522782,0.003933968586683128,1.0218409000000002,0.001162473703396865
math,66,20.3,3.2703626727056396,0.9536789999999999,0.0022704887777328145,1.0222244,0.001116816816534716
math,67,20.2,3.213360430906802,0.9535525,0.003346968550727299,1.0217592,0.0006847843466302987
math,68,20.0,2.861427623882659,0.9532187999999999,0.0036803433071661298,1.0215793,0.0011788890357302103
math,69,20.7,2.8624210027092807,0.9538266999999999,0.00281194064098029,1.0212992,0.0009508372057044865
math,70,23.2,2.355734966345946,0.9573991,0.0026602834960543285,1.0216406,0.0010943592306374074
math,71,21.3,2.882216681202174,0.9528053,0.003245886099286629,1.02176,0.0015428894740635124
math,72,19.4,3.0759422709124635,0.951486,0.00419305543075558,1.0219458,0.0013673239159254923
math,73,20.7,2.5913523473884963,0.9548218,0.002669329940730569,1.0215003,0.0012617796356013428
math,74,21.6,2.9629557624259073,0.9557219,0.003450717641906182,1.0213044,0.000984763329598118
math,75,20.7,3.0359388996801377,0.9537217,0.0036576279524249385,1.0216203,0.0012671344580799417
math,76,20.6,2.6595717400287993,0.9518081,0.0030318417462720285,1.021228,0.0011137924011935232
math,77,21.3,4.733743664147875,0.9539770000000001,0.005002486768654972,1.0210971,0.001023017038350832
math,78,21.0,2.5459738877265967,0.9535294999999999,0.002532246761114463,1.021002,0.0008962447299478755
math,79,19.9,3.1893831077563526,0.9530329999999999,0.0029947572533781464,1.0220258,0.0010269781494842748
math,80,18.2,2.257124548860663,0.9516500000000001,0.0034228339647076667,1.0219125999999998,0.0007435849879541179
math,81,18.4,3.0943722876594846,0.950582,0.0037668087572148394,1.0218061,0.0008004667582564591
math,82,16.7,2.5470902981673285,0.9495294,0.002819141409578798,1.022101,0.0009108288028376798
math,83,17.8,2.7561620495436454,0.9540630999999999,0.003066852230131249,1.0222482,0.0013729109412781281
math,84,19.8,1.9605362077584443,0.9534338,0.002413616104216501,1.0219961,0.0013537906982683985
math,85,21.0,3.0350023150829064,0.9556068,0.004779955592679478,1.0217466,0.0010788072423405935
math,86,20.0,2.801180294942142,0.9540347,0.0026582812577892628,1.0217442,0.0009431456729109905
math,87,19.3,2.5246682923444133,0.9515295,0.0032762447876513857,1.0222908,0.0012595328135349363
math,88,19.9,2.81029973402556,0.9528487999999999,0.0021456913809591105,1.0213546,0.0010404190232648177
math,89,18.7,3.109951929722794,0.9511829,0.002584048889471282,1.0224326,0.0006642083799848371
math,90,20.0,2.801180294942142,0.9542132999999999,0.0036318619164547603,1.0216264000000002,0.0009046466901799067
math,91,20.1,2.2734398121549684,0.9535117,0.0031187263460309145,1.0213914,0.000916396438568209
math,92,20.0,1.8775753034472467,0.9533069,0.0026395468806849906,1.0215005,0.0008676897075502265
math,93,19.3,2.7818299721866024,0.9521641000000001,0.0025701063317019918,1.0221444,0.0009342021463519462
math,94,21.4,3.818216322209278,0.9554744,0.0036808192974145076,1.0218787,0.0011737851344468424
math,95,20.0,3.5528592812022195,0.9533463,0.0035092905636280756,1.0217578,0.0007524204962283668
math,96,21.5,3.713277370285673,0.9550425,0.0032540789709810205,1.0215257,0.0007869721525179743
math,97,21.5,2.3180213072056053,0.9526460999999999,0.002692053631695549,1.0216029,0.0006813860751341638
math,98,20.2,2.7767153696397293,0.9528909000000001,0.0021250649335704847,1.0223608,0.0007745636108974145
math,99,21.1,3.25991420295643,0.9538945999999999,0.0034313685143845937,1.0217641,0.0012393393382180015
math,100,20.5,2.595737041467345,0.9540404,0.002742419310111289,1.0217411,0.0008315304250860905
math,101,20.7,3.2529299116915356,0.9538847,0.0036262694024225346,1.0215927,0.0015413084997988474
math,102,20.1,2.909704383319462,0.9549738,0.0034068707532315615,1.0223815,0.0011909336045605584
math,103,18.3,2.3375624015581447,0.95178,0.003643648785612827,1.0228937,0.0013084513819652253
math,104,20.1,3.607650152698201,0.9535098,0.004710321755763845,1.0216641,0.0007830032537638703
math,105,20.1,2.4654169190386828,0.9527699999999999,0.0037642821451012156,1.0214937000000002,0.0013218807216940289
math,106,18.7,3.017151968652254,0.9527736000000001,0.003469798034174919,1.0225609,0.0005324436953492173
math,107,19.4,3.6194514604771277,0.9526429999999999,0.0035338850298694637,1.0215356,0.0007767042085845722
math,108,19.7,4.319213129315037,0.9536678000000001,0.0038295035516390423,1.0217601,0.0013175719199869144
math,109,19.9,3.171505258925593,0.9529324000000001,0.004230549538932483,1.0221741999999998,0.0012838545554054268
math,110,19.3,2.656362925178426,0.9526953,0.0032413551081500835,1.0218607,0.0012562405983038113
math,111,19.7,3.356168502067608,0.9533519,0.004017281229452923,1.0224104,0.0012131229495809532
math,112,17.9,1.9209845317065632,0.9514900000000001,0.0017186386765040734,1.0216642999999999,0.0008261122823944882
math,113,20.5,3.892692748787418,0.9552375,0.0049646097889639446,1.0216747,0.000810747999498924
math,114,20.0,3.181350508471139,0.9538551999999999,0.004420942189988227,1.0211231,0.0010331478917067027
math,115,19.7,3.017151968652254,0.9534065,0.0038411685932356835,1.0213752,0.0011354568725533512
math,116,18.9,3.0434212003681966,0.9534227,0.003138315888318395,1.0218977,0.0006890321819595351
math,117,19.6,3.63512694075446,0.9520002,0.0034879835871651655,1.0217886,0.0008129347270154424
math,118,18.7,1.3509959142848618,0.9531549,0.002732716073889101,1.0217385,0.0008250901903296366
math,119,19.3,3.801052358550082,0.9541584999999999,0.0037889681404691903,1.0218108000000001,0.0011233819628964138
math,120,21.0,3.5847241279242805,0.954705,0.002436394910890366,1.022029,0.0013009480333591719
math,121,21.1,3.0434212003681966,0.9544549,0.0037799309006044217,1.0215695999999999,0.0011661505964738485
math,122,21.8,4.420059310855019,0.9545410000000001,0.004804359396004577,1.0212147,0.001160311697145632
math,123,20.5,2.8464853409480444,0.9541830000000001,0.0029922271272245626,1.0211429,0.0007725113028471896
math,124,22.6,2.7019918285697235,0.9560255,0.0027724298237411806,1.0212014,0.000671593464552304
math,125,21.4,3.001090610326625,0.9537863999999999,0.003327740443701747,1.0215843,0.0006806754553270004
math,126,21.0,1.6172621973335206,0.9549163,0.0027883127497020043,1.0215154,0.0008067273229166611
math,127,19.8,2.4734757397050195,0.9537739999999999,0.0025956985541779566,1.0218715,0.0011039694317103164
math,128,19.9,4.57989843442891,0.9537482,0.004451974963435778,1.0217314,0.0014565227277803204
math,129,19.1,2.9677494166885294,0.9531394000000001,0.003055872229655511,1.0221534,0.0008479557112907048
math,130,19.3,2.024739482845095,0.9525387000000001,0.0026243774379549074,1.0227145,0.0009564290770367234
math,131,20.4,3.1670200279174865,0.9532686,0.003372923905668618,1.0217908999999998,0.0012583823815458671
math,132,19.6,3.8626328954654694,0.9528228000000001,0.00426132856125476,1.0223044,0.0015381159862912917
math,133,20.8,3.3349240266398343,0.9557605,0.0026365304788466375,1.0223594999999999,0.000955207852792768
math,134,20.0,3.355321305663333,0.9523828,0.003955384250846406,1.022149,0.0011265886380134465
math,135,20.0,3.4057800965689062,0.956075,0.004598234879908883,1.0222171,0.0011045447014810246
math,136,20.4,2.6595717400287993,0.9532198,0.0023944320095822414,1.0215588,0.0007035398324505064
math,137,21.0,2.185451447013319,0.9552871,0.0019420852351886046,1.0215669,0.001051401581182044
math,138,21.2,2.4963575936868834,0.9548412,0.0037859149678773894,1.0213573,0.0008126629405923833
math,139,23.4,3.8032955292136412,0.9567625,0.004236529690154163,1.021658,0.0006265732512349334
math,140,20.3,2.882216681202174,0.9527785,0.002947515921883702,1.021824,0.0010425060467284134
math,141,20.2,1.6451480831351153,0.9544625,0.0026096849007944704,1.0219993,0.0012733582914571874
math,142,19.5,2.8062503086742567,0.9534784999999999,0.0030838751862604244,1.0213578,0.0015162267007584273
math,143,18.5,3.4431389483500183,0.9529451,0.0028439703228857667,1.0222433,0.0012505374051919207
math,144,19.8,2.6510062693438257,0.9534929999999999,0.0021956432111213775,1.0217569000000002,0.0011375702621690483
math,145,19.0,2.0787789744600365,0.9516415,0.0021792965685846974,1.0222023,0.0007451023630896129
math,146,20.0,2.6552924585118753,0.9522700000000001,0.003053743294610665,1.0215130000000001,0.0012431294489138169
math,147,21.7,3.4890713692129753,0.9536922000000001,0.0025954311601920216,1.0213266,0.0012374817209872874
math,148,23.5,3.1679175821449213,0.9564121999999999,0.0033427126829176645,1.0208033,0.001155420133491875
math,149,20.3,3.16432583769958,0.9527830999999999,0.003535229164652304,1.0217483,0.0015548314139394918
math,150,19.0,2.4780690133729264,0.9513443,0.004020370686039524,1.022373,0.001056076952815877
math,151,18.9,2.2734398121549684,0.9505735,0.0027030999914117912,1.0221102,0.0005576558529367697
math,152,18.5,2.342422203896654,0.9527861,0.00400768999993184,1.0222622,0.0009762301777988163
math,153,20.6,3.523934572442681,0.9544007000000001,0.004080180967817665,1.0218536999999999,0.0009481398500408235
math,154,19.7,2.1605936630093545,0.9534779,0.0022523491665294966,1.0219363,0.0012317964967995842
math,155,21.4,2.459644452867115,0.9552194999999999,0.0023009503345657006,1.0216179,0.0007371628212479114
math,156,18.6,2.616463995368955,0.9517613,0.0037626196542064247,1.022754,0.0008687293533052663
math,157,18.8,2.2061670897218337,0.9526064,0.0019469930586763023,1.0226514,0.0009190188188078336
math,158,20.2,2.607756936296503,0.9533049,0.0028096715334970197,1.0228344,0.0012780587027089341
math,159,19.9,3.4132845788883315,0.9539827000000001,0.0037584275151952102,1.0218914,0.0012455666044492411
math,160,19.0,3.1454018910867068,0.9529567999999999,0.0037226808161283254,1.0215864,0.001050391955381545
math,161,18.7,4.292803752228798,0.9514851999999999,0.004884127782312531,1.0219067000000002,0.0009471058313077884
math,162,18.5,2.6391833565979055,0.9509899,0.0036561819919069165,1.0222194999999998,0.0010794974713823566
math,163,18.5,3.095290907922458,0.9526061,0.00279241745625042,1.0228432,0.0010882163037449191
math,164,17.6,2.0007270735510834,0.9501529,0.003162809948503694,1.0226521,0.0007987020598155118
math,165,19.8,2.9552697423134395,0.9537108,0.003345607362898424,1.0222422999999998,0.0012896952398344552
math,166,18.3,2.740645907967312,0.9528387,0.0034366027041749015,1.0224235,0.0010386335351407954
math,167,21.0,2.185451447013319,0.9547279,0.002638582964578482,1.0220538,0.001693994550116965
math,168,19.3,2.6348709626115685,0.9525099000000001,0.003153889522359884,1.0223763,0.001268701782897089
math,169,20.5,4.228748378898308,0.9550763,0.004095242120441235,1.0235631,0.0019279400650658784
math,170,20.8,1.6793544045531352,0.9544455,0.003780457212051467,1.0233818,0.0013248101658052058
math,171,21.5,3.238916147395361,0.9554095,0.0037374056470613768,1.0218249,0.0010925223249037823
math,172,22.3,2.882216681202174,0.9555617,0.003562931939170139,1.021628,0.0008230921691570407
math,173,20.5,3.7437770806998416,0.9528760000000001,0.004133608393154749,1.0224156,0.0009524635785357684
math,174,18.9,2.7695390579961843,0.9509091,0.004392763303801165,1.0231238,0.001275213697180983
math,175,20.8,3.484994873640346,0.9539484,0.0029452396711485735,1.0221263,0.0008867710612146918
math,176,19.4,3.475191774407589,0.9518437000000001,0.0037843744009541692,1.0221643999999999,0.0010632978357567316
math,177,20.8,2.9552697423134395,0.9558289999999999,0.0036279398971602256,1.0225450999999999,0.00125164489847542
math,178,23.2,5.351116179208398,0.9573544999999999,0.005159984083396139,1.0218216,0.0008926232021156303
math,179,20.4,2.572634027172215,0.9527775999999999,0.002804007840737509,1.0219125,0.0007011249695650976
math,180,22.5,2.6391833565979055,0.9569032,0.003666278295975197,1.0214249,0.0007458272243841079
math,181,21.3,3.4066147443198433,0.9538740000000001,0.004040461361956219,1.0218011,0.0012973727366460985
math,182,24.3,4.673300126742964,0.9553024000000001,0.0034460524970752007,1.021201,0.0007914411153358699
math,183,21.0,3.3040920178305684,0.9518174,0.002662197224443996,1.0220243999999998,0.001034597918458844
math,184,20.6,2.6595717400287993,0.9548266999999999,0.0033038938532714865,1.0219612,0.001215346718814943
math,185,19.2,2.4270649421907837,0.9516981,0.0029315114484719136,1.022575,0.0005617258082574099
math,186,20.7,3.7860639233629256,0.9540115,0.0033002990361634676,1.0230212,0.0011406690714016517
math,187,21.3,2.5020453604442072,0.9545526000000001,0.001768748659693793,1.0221611,0.0010580341427765842
math,188,20.8,3.317830505437367,0.9529972000000001,0.0031292656746651124,1.021842,0.0005843627727614726
math,189,19.1,2.686162800570901,0.9525639,0.003800737243333722,1.0223129,0.0011255261592974465
math,190,19.1,2.81029973402556,0.9526671,0.0027483574033837165,1.0220037,0.0010772161350885235
math,191,18.0,2.500908841938854,0.9511587,0.003298918079019802,1.0224281,0.0007438550384656675
math,192,19.4,2.459644452867115,0.9538606,0.0027652908334607536,1.0222796,0.0007498089468849776
math,193,20.0,2.7396083739880646,0.9539211999999999,0.003579226589156094,1.022289,0.0014099488022215946
math,194,20.0,2.939837418857418,0.9546799,0.002555881261578212,1.0228535,0.0009297089975533602
math,195,20.4,3.6194514604771277,0.9536981000000001,0.0042413765125061415,1.0227575,0.0008388659293474682
math,196,20.9,2.1710947876349684,0.9551349,0.002678336622915785,1.0225043,0.0010851490885348388
math,197,19.7,2.656362925178426,0.952812,0.003482281476485583,1.0223867,0.000699238926557826
math,198,18.2,1.960536207758444,0.9520382,0.0028248983953997014,1.0222921,0.001482526191320559
math,199,20.2,3.317830505437367,0.9528722999999999,0.003849193801163504,1.0222888,0.0014257301347017344
math,200,21.1,3.259914202956429,0.9535079,0.004215416965151409,1.0224351999999999,0.001186979192139586
math,201,21.6,3.681752962563553,0.9561355,0.003464130394688677,1.0224959999999998,0.0011672630614134535
math,202,21.4,3.202726004285758,0.9555369,0.003432913320431084,1.0226007,0.0010086062251416462
math,203,21.8,3.2660132058618747,0.9538408,0.003175131982518725,1.0217501,0.0007107804720792606
math,204,22.1,2.986847100355821,0.9553031000000001,0.0044028172100450316,1.021987,0.0011158337699847497
math,205,22.6,2.90481494215144,0.9554965,0.002735067741864812,1.0220508000000001,0.0013236341788541784
math,206,21.8,3.2485571043488344,0.9540101,0.003094285159824072,1.021293,0.0005990638468984298
math,207,23.7,2.9982473215686034,0.9573997000000001,0.004182614418157718,1.0210399000000001,0.0008499901441216678
math,208,19.1,1.9503590878873451,0.9519740000000001,0.002288053131459703,1.0229453,0.0009673641685464398
math,209,21.0,3.8449278386405785,0.954819,0.0042309868851530515,1.0221861,0.0017473561285811573
math,210,20.0,2.0787789744600365,0.9548011000000001,0.002599857804217831,1.0218778,0.0008311206874531617
math,211,21.4,3.891962343912091,0.9526171999999999,0.00272157199923293,1.0219566,0.001575218332618363
math,212,20.7,3.7407383001011523,0.9546678999999999,0.003304135202203116,1.0216233000000001,0.001014184654129553
math,213,21.2,2.519031606829703,0.9543621999999999,0.0030921141669182375,1.0217074,0.00047854319922393325
math,214,20.6,3.4423131565289675,0.9542239,0.003592587833702197,1.0219439,0.0010654131280889777
math,215,20.5,2.4837986603590245,0.9523206999999999,0.0032538973973531247,1.022157,0.0007168905768221955
math,216,19.7,3.2703626727056396,0.9531411000000001,0.0024492644292680474,1.022142,0.0008760930333843135
math,217,21.9,1.09012089090188,0.9568654999999999,0.0033348124898091606,1.021469,0.0007744850745750914
math,218,19.5,3.2911601012112772,0.952271,0.0040458922966395946,1.0219376,0.00153720936271768
math,219,20.0,3.053679428690489,0.9539318,0.002702729300149475,1.0218758,0.0011273607639718166
math,220,20.7,2.901877323052948,0.9547891999999999,0.004547457373953819,1.0218696,0.0005048965190297285
math,221,19.9,3.0058234481673822,0.9542044000000001,0.003870680459951038,1.0219063,0.0009170231982148908
math,222,19.6,1.8836222604983184,0.9537207000000001,0.003472848175617992,1.0224175,0.0013623403467936048
math,223,18.6,2.7644017153091505,0.9521501000000001,0.003077207129824886,1.0224906,0.0011247995621628576
math,224,19.3,3.6013403093853555,0.9526182000000001,0.0019512894350817464,1.0221246000000002,0.001087619411613015
math,225,19.8,3.317830505437367,0.9542571000000001,0.0036464752934624316,1.0225813000000001,0.0013806186505339107
math,226,18.2,1.8408764812817766,0.9521727,0.0015780778047740731,1.0224347999999999,0.0007730405033897081
math,227,20.8,3.031253082873291,0.9546021,0.002949827466816582,1.0222882,0.0006558519315009567
math,228,21.4,3.341736953100767,0.9551769,0.0031256110075443206,1.0221935,0.0013404108394520324
math,229,18.3,2.7613147219226644,0.9518815,0.0029869664623942086,1.0221804,0.00121377174299082
math,230,17.7,2.2634135678730187,0.9526486999999999,0.0031945738353275927,1.0227423,0.0011774825882912227
math,231,21.6,3.4091174615015367,0.9567959,0.0032863150820990603,1.0221493000000001,0.0012496584261695717
math,232,20.8,2.18024178180376,0.9558047000000001,0.002938803614426712,1.0221613999999999,0.0010432294588965901
math,233,20.3,3.1643258376995793,0.9542767,0.003726018284546449,1.0222921,0.0010639916704862295
math,234,21.1,3.024680743847476,0.9560324,0.002811545664920618,1.0214237000000002,0.0012395439686549777
math,235,22.0,3.6786629469435934,0.9541633,0.005027662477494664,1.0217578,0.0013190065245555918
math,236,21.6,2.3412081990450173,0.9540583,0.0020692732507748123,1.0214902000000001,0.0012871800063627254
math,237,20.6,2.572634027172215,0.9544813,0.0028813294699674367,1.0220493,0.0010443951166808308
math,238,17.9,2.4654169190386828,0.9514669,0.0027344293432850593,1.023011,0.001543836774351384
math,239,21.2,3.213360430906801,0.9541454,0.002444405501410593,1.0226488999999999,0.0013979440013978765
math,240,20.6,2.55043659735259,0.9525444999999999,0.0026324047528600587,1.0226621999999999,0.0015778042618008446
math,241,18.6,2.2164523067350794,0.9535591,0.0016931633237837113,1.0227598,0.0009559873552986277
math,242,20.3,2.8424874663052306,0.9543410999999999,0.0034166803231199154,1.0223458,0.0015638157846095942
math,243,20.5,3.8338206574990776,0.9537028,0.0032718753445990455,1.0220357999999998,0.0010496852231813047
math,244,22.8,2.9935025056163034,0.9552350000000001,0.002915307624172916,1.0214824999999998,0.0013850128431423434
math,245,18.7,2.7406459079673122,0.9510038,0.0032163047001944277,1.0220715999999999,0.0015146125031619234
math,246,19.9,4.542500706410265,0.9526282,0.004023035853659468,1.0223197000000002,0.0013375775254599203
math,247,20.2,3.3519303787681087,0.9531815,0.0032671125887633306,1.0223082,0.0016251685040316744
math,248,18.3,2.5470902981673285,0.9503269,0.0024010846405054967,1.0226604,0.0009365928776923374
math,249,17.1,2.6649111787303594,0.9504028,0.003053773584837287,1.0226095000000002,0.0008827816772166328
math,250,19.3,2.3375624015581447,0.9532591,0.003098555342070787,1.022735,0.0010999564581762333
math,251,18.6,2.2164523067350794,0.9521216000000001,0.004127924671012084,1.0227404,0.0013487160768550052
math,252,18.8,3.3349240266398343,0.9529066,0.0035880801618473567,1.0227876999999999,0.001329812253816028
math,253,20.6,4.830645809117913,0.9548804000000001,0.0034979753788107796,1.0226536,0.001486403826781744
math,254,19.2,3.213360430906801,0.9530384,0.00323482904439173,1.0230736,0.0014861205358488298
math,255,19.5,3.863368845342676,0.9501541,0.002845148626189011,1.0226837,0.0014512623601067266
math,256,19.6,3.1849230536826707,0.9516794000000001,0.0035514519933948774,1.0224325,0.0012845471432442062
math,257,19.6,2.8052370389865304,0.9531809000000001,0.0035400154359344995,1.0222165,0.0008098889304777629
math,258,19.3,2.7406459079673122,0.9527418000000001,0.002677811851664438,1.0220582999999999,0.0010899946095124062
math,259,19.1,3.4464401369782474,0.9515199000000001,0.003565872784468199,1.0218253000000002,0.001488857145836431
math,260,22.5,3.588687339889714,0.9562415,0.002774823676638272,1.0214699,0.0009696697647491027
math,261,19.2,2.563778117837965,0.952792,0.003964959050334727,1.022809,0.0016907304387452794
math,262,21.0,2.997298959273309,0.9547478999999999,0.0032668600389336067,1.0234466,0.0015092804200106367
math,263,22.1,2.986847100355821,0.9555752,0.0023126023270835555,1.0216444,0.0012233752629183432
math,264,22.0,3.0162095503976065,0.9548861000000001,0.003157605847252985,1.021449,0.0014661324672143752
math,265,18.0,2.5902550141411607,0.9500221,0.00340215058023354,1.0229349,0.001327004583383312
math,266,22.1,3.7770423126304724,0.9556616,0.003920361166500279,1.0219371,0.001493368283917446
math,267,19.4,3.5878950477198,0.9520700999999999,0.0043747268599046134,1.0227146,0.001351687573402531
math,268,19.5,3.058330885200241,0.9530662,0.003992374011788872,1.0223922,0.0018787199363041998
math,269,18.3,2.0801461426278602,0.9531382,0.0035181406140789915,1.0223726,0.001433096319422887
math,270,20.2,2.045692846905047,0.9543929999999999,0.001675231064410848,1.0223775,0.0011642894240430294
math,271,24.3,3.617094279204329,0.9578715000000001,0.004153190797236399,1.0216239,0.0018779207894282781
math,272,21.4,2.4826537888253455,0.9541126,0.0027498858769358487,1.0217197,0.0011856569760817215
math,273,20.3,3.918896660749058,0.9539405999999999,0.003891541761346244,1.0218079,0.0013006128706796814
math,274,18.5,2.4375844157492357,0.9496743999999999,0.0022755079817831122,1.0226872,0.001063158022388766
math,275,19.2,1.9313164477327351,0.9522436000000001,0.002678544615269732,1.0224832,0.0011981754250583623
math,276,21.1,2.707247604453604,0.9535571,0.002244549642781372,1.0220534000000001,0.0009353442351374105
math,277,21.1,2.556004027242069,0.9547667000000001,0.0026380149641755573,1.0220796,0.0010420782580046375
math,278,23.1,3.0620469629807223,0.9553891999999999,0.002533982267833246,1.0217687,0.0008940148935261272
math,279,22.5,4.40007498350544,0.9538855999999999,0.004491916240002907,1.0218726,0.0011594956538887897
math,280,20.8,3.5174745586282827,0.9552999,0.003958082372872855,1.0223601,0.0016691060381994083
math,281,19.7,2.1605936630093545,0.9534865,0.003267648888699316,1.0225467,0.000857106246705537
math,282,19.7,2.313110239597199,0.9522411999999999,0.002970087170613769,1.0222945,0.001468687688253915
math,283,19.4,3.238038273372624,0.9522726,0.00400545242713112,1.0220704,0.001262237804216665
math,284,20.9,4.31130730243833,0.9535498,0.0027384526339594875,1.0225640999999999,0.0010540917421631003
math,285,18.6,1.9430570813906982,0.9531651999999999,0.0023769092387979237,1.0225830999999999,0.0009717129058581134
math,286,18.1,2.4654169190386828,0.9512537999999999,0.002294574942945697,1.0225122,0.0015238322222560236
math,287,19.6,2.2164523067350794,0.9535819,0.00311001250920462,1.0223155,0.0013014191118766742
math,288,19.5,3.2564239297897437,0.9525572999999999,0.003437118265576469,1.0225156,0.0013903893927707568
math,289,19.1,2.556004027242069,0.9515868,0.002691902132198573,1.0225473,0.0014779410657910074
math,290,18.5,1.760353023595481,0.9524495999999999,0.002060436364339779,1.0222183,0.0011347214764909567
math,291,19.6,2.55043659735259,0.9539203,0.0034079277496146284,1.0224931,0.0014025717154403552
math,292,19.3,2.979222717529596,0.9522834,0.003853606430578536,1.0224331,0.0012740398024293578
math,293,18.2,2.10054688716444,0.9510175999999999,0.002942892763079653,1.0222606,0.0009135988196201361
math,294,20.0,1.8159986285284682,0.9531466,0.0027413422713580683,1.0224772,0.0015535299345729207
math,295,20.4,2.4129676403180853,0.9544642,0.0035104307107255367,1.0224332,0.0008528935724326205
math,296,18.7,2.5470902981673276,0.9509795000000001,0.0024484045552120083,1.0230451999999999,0.0011017047462336517
math,297,21.3,3.2877029993104983,0.9537129,0.0032525332686549543,1.0219363,0.0011987859332440788
math,298,17.3,2.4561744613163454,0.9515473999999999,0.004008551772021332,1.023129,0.0009502404715361157
math,299,21.1,2.511118990804684,0.9562820000000001,0.0036933001457393573,1.0224636999999999,0.0012360554551324096
math,300,19.7,2.134114799158496,0.9529429,0.003193167536492566,1.0226578,0.0006023693871509501
math,301,20.9,3.242425266677427,0.9538976,0.004274279245868453,1.0216815000000001,0.0010062286089736216
math,302,21.7,3.2703626727056396,0.9522225000000001,0.004059475330981763,1.0215473,0.001142985139711909
math,303,18.8,3.1956167258087556,0.9511516999999999,0.0028653646849059844,1.0227743,0.0012245990023255569
math,304,21.5,4.160975588583849,0.9547236,0.003810037356580272,1.0223343,0.0009177053652373042
math,305,21.9,2.3713718776452386,0.9545783999999999,0.002802916289870518,1.0217675,0.001274633671032214
math,306,21.5,3.3083914237063747,0.9523958,0.003935882786713111,1.0218085000000001,0.0009474764869220138
math,307,21.8,3.300648460857639,0.9531169,0.002099817888489208,1.0220037,0.0012089432026143425
math,308,22.1,3.429902420933541,0.9548019,0.005162588637226147,1.0214463999999999,0.0011669751488314855
math,309,21.4,3.55605861483673,0.954222,0.0036794431271712164,1.0222299,0.0015509833889785693
math,310,19.7,2.8424874663052306,0.9527827999999999,0.0028510842986800154,1.0231122,0.0015056181149584317
math,311,19.8,3.2310066944477867,0.9532139000000001,0.0041917922311156975,1.022845,0.0014265676363453908
math,312,20.1,3.560053738683834,0.9535220000000001,0.0035620262988835393,1.0223724,0.0013284385205602344
math,313,18.5,2.866391075356078,0.9521439,0.0025594992797819296,1.0227334,0.0014164573018805979
math,314,19.9,3.0434212003681966,0.9533503,0.003504781637074502,1.0234432,0.0011757348094714362
math,315,19.5,4.807638389259654,0.9520374,0.003851113259259555,1.0229711,0.0014292681579842522
math,316,20.1,3.8219374188162165,0.9533616,0.0033367807725983674,1.0225756000000001,0.0017201608340502166
math,317,20.3,2.409430427118595,0.9535797,0.002354637726379673,1.022288,0.0012161731309396184
math,318,18.9,1.408686111709351,0.9520852,0.0025617157046277893,1.0225456,0.0009605144175981985
math,319,19.0,2.236880870442222,0.9520854,0.0032625867812628847,1.0225963,0.0008287472824709008
math,320,20.6,2.4826537888253455,0.9542593,0.0031047884514719304,1.0226009,0.0007865680502504324
math,321,19.2,2.857450655145069,0.9514998,0.0036753911730039892,1.0228978999999998,0.0011284862173504312
math,322,20.1,1.5249765779412563,0.9524103,0.0014526392133652215,1.0221429,0.0008935197817351214
math,323,20.6,3.255550776823307,0.9535170000000001,0.0021423764555798656,1.0224668,0.0008144979719941166
math,324,20.2,3.613162226428598,0.9533598,0.004115770200862783,1.0228793,0.0016368703444183
math,325,20.2,4.483917853252945,0.9526717,0.0035544507185600706,1.0227378999999999,0.0011210484673663717
math,326,19.4,3.681752962563553,0.9510427,0.0039011022967014165,1.022474,0.0010532888135322918
math,327,19.2,2.496357593686883,0.9534613000000001,0.003518521951388285,1.0225258,0.0009482540101591139
math,328,19.4,2.743756155884721,0.9538148,0.003740176688155378,1.0223865,0.0006591465390903861
math,329,20.0,2.5682098897158996,0.9536863,0.0026773767245761313,1.022355,0.0005025414934848654
math,330,19.8,3.2485571043488344,0.9536903000000001,0.003764858901389604,1.0222592000000001,0.0013038390372205667
math,331,19.1,2.2482903680001707,0.9520804999999999,0.0029181370142653674,1.022591,0.0008959192771700909
math,332,17.4,2.3412081990450173,0.9501598,0.0034302995272660255,1.0234311999999999,0.0013389844707434775
math,333,19.4,3.4423131565289675,0.9534829,0.004412855928375256,1.0234603,0.001538194348744127
math,334,20.7,3.5696237928815506,0.9543694,0.003983940081094587,1.0225326000000001,0.0016328090354815557
math,335,20.4,2.2921208148738295,0.9536722000000001,0.002295578386698581,1.0226262,0.0010396305319950703
math,336,20.1,2.556004027242069,0.9536650999999999,0.003560910850607484,1.0222132,0.0015752058288220835
math,337,16.9,2.83045996186362,0.9488813,0.002499216837851742,1.0226227,0.0009293864412059636
math,338,16.6,2.190648722954546,0.9523811999999999,0.0022400586647190095,1.0234458,0.0012878574526126367
math,339,19.6,3.2204305394119426,0.9553725999999999,0.003555432830968259,1.0228663,0.0008749389169936161
math,340,20.5,4.0781618218135325,0.9546241,0.004010031787728596,1.0229393,0.001387372094531859
math,341,19.8,3.533602449518919,0.9526389999999999,0.002432795491436017,1.0235877,0.0017748237280951606
math,342,18.8,3.123634142417,0.9522802,0.0035557735079204955,1.0234143,0.0010201325608855541
math,343,21.8,3.3519303787681087,0.9548781999999999,0.0036354444186275725,1.022105,0.0007562394365127969
math,344,19.8,2.4963575936868834,0.9537635,0.0028222071386385787,1.0234071,0.0012299140181410268
math,345,18.5,2.0581624751633356,0.9519467,0.0019439828285162583,1.0232485,0.0008912351368303277
math,346,20.0,2.8812301274573033,0.9544588,0.0025238101601698943,1.0227283,0.0010538655727169962
math,347,21.2,2.1274435893402885,0.9554557000000001,0.0031195793061223535,1.0217396,0.0009186071687781862
math,348,19.8,2.7145885953578457,0.9517433000000001,0.0026585034647732503,1.0227818,0.0011159139122183996
math,349,21.7,3.0731682355329637,0.9534603,0.0032475882921405453,1.0222711,0.001024717657558927
math,350,23.7,1.9091081611046388,0.9556119000000001,0.004013026999243079,1.0210508,0.0007332030087217435
math,351,18.7,2.2126009531621205,0.9508882,0.0034069077873765375,1.0225398,0.0015397781438241294
math,352,20.5,2.4375844157492357,0.9538783000000001,0.0022929418387177543,1.0227574000000001,0.0014644675894129988
math,353,20.7,2.940804311637666,0.9542165,0.002983315168961771,1.0222543,0.0013203189036330154
math,354,20.0,2.633791760861357,0.9520027000000001,0.00279210914880034,1.0224421,0.0017556455353370522
math,355,20.0,3.6786629469435934,0.9530533,0.002857751687434683,1.0229184,0.0018453398967485765
math,356,20.8,3.5496570639844887,0.9543775,0.003899992120558898,1.0226403,0.0013823834133524227
math,357,19.7,2.052629770328954,0.9543535000000001,0.002776984023308689,1.022143,0.0014399678256218772
math,358,20.4,3.2555507768233065,0.9543853999999999,0.0048618813328407786,1.0221558,0.0011039038412332437
math,359,20.4,2.9243236566418473,0.9541081,0.0034909232544245343,1.0221047,0.0013039853927004782
math,360,19.9,3.511812298567526,0.9509084,0.0032819358688942813,1.0222786,0.0010984933730770012
math,361,19.8,2.629470524545083,0.9530912,0.002828346287532703,1.0224857,0.0008997050913003028
math,362,20.0,2.023334876721938,0.9541598,0.003271205309313683,1.0224598,0.0010367428845896047
math,363,20.8,3.141784406403797,0.9535717,0.0035729293340548683,1.0219944,0.000849747935503153
math,364,20.2,3.4191100109098573,0.9520320999999999,0.0035364359264058415,1.0221665,0.0012008738352625701
math,365,19.8,3.334924026639834,0.9545545000000001,0.0028021022846574095,1.0229148000000001,0.001287172320116426
math,366,21.7,4.673300126742964,0.9561447,0.0030752452442351008,1.0222400999999999,0.0015101959884607867
math,367,20.6,2.316794516271726,0.9534674000000001,0.0026638368728310225,1.0225260999999999,0.0010537426276103884
math,368,20.5,2.6819259480905004,0.9528347,0.0018236097182418808,1.0223761,0.0011973818392134474
math,369,21.9,3.1535260593094554,0.9551759000000001,0.0023316644606033595,1.0226406000000001,0.001071042229787551
math,370,20.7,2.5693166382653185,0.9537513000000001,0.004460759074202565,1.022335,0.0008575627325958055
math,371,20.1,2.298314073432978,0.9540718,0.00184849746506344,1.0223346,0.0010971317750780693
math,372,20.1,2.556004027242069,0.9537960999999999,0.0035267554381283295,1.0227869,0.0009732826409325304
math,373,19.8,1.8715088084177551,0.9543185,0.002683122185997419,1.0226793,0.0010849545702090772
math,374,21.7,1.4326995364388628,0.9560827,0.0024615880304452845,1.02237,0.0013387325552641884
math,375,19.6,2.7019918285697235,0.9528257,0.003007392934224206,1.0221774,0.001018599140874371
math,376,18.1,1.979297747271397,0.9523339,0.002551167858080932,1.0224479,0.0011866615859272745
math,377,19.7,2.3617614150940716,0.9529586999999999,0.0017076591436510384,1.0227503,0.0009547952380582159
math,378,21.6,2.2164523067350794,0.9552994,0.0036339047632890633,1.0214536,0.0006749045377309644
math,379,21.7,3.553659384642428,0.9540976999999999,0.0034215676947045473,1.0214592,0.0011727664473479109
math,380,18.5,2.217734604965999,0.9507094,0.0031235131666024303,1.0227142,0.0013969256643421393
math,381,18.2,2.045692846905047,0.9514191000000001,0.0029635869630892766,1.0228433,0.0010991128257794747
math,382,18.4,3.37559533490271,0.9514889999999999,0.004021929434392825,1.0230682,0.0009030742949196641
math,383,19.8,3.468640982957247,0.9539460999999999,0.0034328738339029718,1.0233984,0.001009615336667868
math,384,19.1,2.6001143414425876,0.9544339000000001,0.0034598605099571576,1.0225762,0.0012822869505326132
math,385,22.0,3.83011110592166,0.9548563,0.0040624366327395274,1.0215994,0.0013570992019264897
math,386,22.2,2.7145885953578457,0.9547594,0.003599764487967198,1.0214753,0.0011338251776522898
math,387,21.5,2.342422203896654,0.9539983,0.002638254761924142,1.0221619,0.001335933845203761
math,388,21.2,2.8772805298124573,0.9543934000000001,0.0038471058495589718,1.0218620999999999,0.0015489087887808884
math,389,20.2,2.6510062693438257,0.9535186,0.003465990298908748,1.0220592,0.0013803195702838443
math,390,18.4,2.7644017153091505,0.9520236000000001,0.003891916838074315,1.0226062,0.0012983865045776127
math,391,20.6,2.2671786055203054,0.9539201,0.002904927735452568,1.0225016,0.0015197094521067903
math,392,18.1,2.81029973402556,0.9519494,0.003586622089032375,1.0232354,0.00130768704249803
math,393,17.5,1.727751072068219,0.9498931,0.0024096590277999357,1.02309,0.0008958638070591109
math,394,18.8,2.9552697423134395,0.9537806,0.0032105028473961347,1.0226674,0.0012830885587840444
math,395,17.2,2.496357593686883,0.9520092,0.0022784003232358577,1.0237895,0.0011307671777335629
math,396,19.9,2.5336609060071167,0.9541797000000001,0.0024602727851845154,1.0227009,0.0010768986679872742
math,397,20.3,2.656362925178426,0.9549435000000001,0.0033037905271897957,1.0232983,0.0011555274579250314
math,398,19.5,1.9445196763146888,0.9535586,0.0031716121130082077,1.0226877,0.0009931566745947423
math,399,21.1,2.83045996186362,0.9544587999999999,0.003918820470041179,1.0225259,0.0011430667409433838
math,400,20.3,2.5020453604442072,0.9530069000000001,0.0028564704660229787,1.0221734,0.0012086950882984817
math,401,19.7,1.9677733538428859,0.9529626999999999,0.002052842502885115,1.022804,0.0013549517814097597
math,402,21.0,3.372224794536563,0.9549391,0.003650855684083581,1.0227034,0.0012761155939901392
math,403,20.3,4.721716856950582,0.9518343999999999,0.004592894420749003,1.02284,0.0012524222700667081
math,404,21.3,3.875125034845134,0.9541273,0.0040520286755063905,1.0221968000000001,0.0013649078835262579
math,405,20.4,3.0387469214609464,0.9533122,0.0031752572985476006,1.0223046,0.0010340421431367542
math,406,21.5,3.426585299827803,0.9529652000000001,0.0036749263221869093,1.0219311,0.0008551580068883539
math,407,19.5,3.325533462935348,0.9517143000000001,0.003405980030860811,1.0231792,0.0014300831176094707
math,408,19.3,2.385714983495729,0.9540116,0.0031843697180690255,1.0226898,0.0009640542405991893
math,409,19.9,2.511118990804684,0.9525905,0.002252915804700195,1.0220286,0.0009634701895743856
math,410,19.4,1.8222499331724646,0.9536332,0.0020182717445982987,1.0220538,0.001154036953359955
math,411,19.4,3.0574011600274584,0.9532909,0.0031265498563334423,1.0220095,0.0013252547940528325
math,412,17.1,2.197128029393053,0.9503332999999999,0.002583613648225165,1.0230339000000002,0.0010989001549135057
math,413,17.6,2.29212081487383,0.9512868000000001,0.0028189673571110776,1.0238894,0.0015497551036879743
math,414,19.1,2.578153522955246,0.951967,0.0033177962987027076,1.0225771,0.0009247157182229801
math,415,20.5,3.713277370285673,0.9528958,0.00467627471077895,1.0222276000000001,0.0012627908550990315
math,416,17.4,1.8531901736184346,0.9526132,0.0027108024930296666,1.0226526999999999,0.0009205708020002879
math,417,16.8,2.331473403454576,0.9504471000000001,0.0028260706805021607,1.0227601,0.0013185879954251314
math,418,19.1,1.8300340349592596,0.9540597999999999,0.003275317401210544,1.0226194,0.0010447253753889183
math,419,21.0,2.8414871187583954,0.9536490000000001,0.0034376700380603846,1.0217629000000001,0.0009482073373470229
math,420,18.8,3.597391037104751,0.9521378,0.003953540098946441,1.0224716,0.001519687339847685
math,421,19.4,3.2204305394119426,0.9514219,0.0030770217751178793,1.0231986,0.0012051247801500155
math,422,18.9,2.7489320823035115,0.9519652000000001,0.0020170280301443975,1.0229232,0.0010662578487224683
math,423,20.2,2.2061670897218337,0.9536,0.0019814839942268177,1.0226541,0.00141982183615413
math,424,20.2,3.929763388311918,0.9547093,0.0038686689462859363,1.022108,0.001230089383229846
math,425,18.3,2.5693166382653185,0.9515102000000001,0.003993323357919381,1.0232216,0.0007717228098592215
math,426,21.7,3.7255072177080515,0.954118,0.0043817408741026395,1.0223303,0.000801643307051686
math,427,20.1,3.1172565831907524,0.9528959,0.0033780998327975795,1.0224689999999999,0.001132699537394092
math,428,20.6,4.4763029292409575,0.9531864999999999,0.0047621506686616934,1.0227779,0.0011223948309577651
math,429,19.1,1.8608448537581366,0.9518857000000001,0.002586966640646972,1.0228989,0.0008145460447220581
math,430,22.1,3.242425266677427,0.9553515000000001,0.003538186662332106,1.0219377,0.0012214485451372105
math,431,18.1,2.9677494166885294,0.9507184000000001,0.004167131399753547,1.0232584,0.000938635143881247
math,432,18.8,4.141114016523796,0.9524773,0.005796355286037677,1.0230349,0.0011967442578648814
math,433,18.6,3.5720123002032618,0.9525161000000001,0.0032344391787688023,1.0226962,0.0006716538777586476
math,434,20.8,4.015638715324126,0.9533742000000001,0.0035022013236294287,1.0226631,0.0015407825889477578
math,435,19.5,4.514878831852549,0.9534103999999999,0.004218158423458913,1.0227966,0.0012747898336056837
math,436,20.0,3.1991733398486626,0.9524101999999999,0.0033341488872551004,1.0225091,0.0011465280857467868
math,437,18.8,3.7672445209966368,0.9529142,0.004904677721696808,1.0230826,0.0016078591074627207
math,438,19.0,3.1634272643923245,0.9531531,0.004041797038403491,1.0232952000000002,0.0011185233899220974
math,439,18.5,3.3083914237063747,0.9513801000000001,0.0019766237583533205,1.0232917000000001,0.0010729399764453748
math,440,18.3,2.6776823917170156,0.9530991,0.004802048787666905,1.0229103,0.0010590643127340394
math,441,19.5,3.095290907922458,0.9542002999999999,0.004335669746850187,1.0231952,0.001488784802612955
math,442,19.6,2.6595717400287993,0.9524568999999999,0.0023095479480573573,1.0227271999999998,0.0010963150937117357
math,443,19.5,2.8062503086742567,0.9542482,0.0035735352986900277,1.0224651,0.0010336431998430957
math,444,19.7,1.4718515422287008,0.9532831999999999,0.0023453699757027885,1.0228514,0.001071255516173798
math,445,20.4,2.3892873064102935,0.9542994,0.002175607080921892,1.0229086,0.0011368566143737527
math,446,21.3,4.292803752228798,0.9547188,0.0028428061390951198,1.0230793,0.0014630882207406885
math,447,21.6,2.885174318390035,0.9554582,0.0030277163233899222,1.0223376,0.0010226382307815375
math,448,22.2,4.342189575269938,0.9547998,0.004643756236036445,1.0219259,0.0010769939137199856
math,449,19.8,3.8419690634131274,0.9527362,0.0034416338405071334,1.0233442,0.002145857949623023
math,450,19.4,3.0199774588628143,0.9525216000000001,0.0025954255825275012,1.0232392000000001,0.0011289423847577371
math,451,20.8,2.8969746715991023,0.953788,0.003843717516260945,1.0220471,0.001170947237808762
math,452,21.4,3.019977458862815,0.9543001,0.00268200626579975,1.0216627,0.0006729589570226581
math,453,22.0,3.647618822727778,0.9548359,0.002924075495667561,1.0215828999999998,0.0009557874105302467
math,454,20.8,3.597391037104751,0.9524798000000001,0.0035716885249564233,1.0221533,0.0012155865714462107
math,455,19.8,2.28217664297011,0.9541821,0.003370394080771163,1.0225392,0.000933435831290913
math,456,20.9,2.5336609060071167,0.9542414000000001,0.0037434299823017173,1.0225336,0.0012849260755446118
math,457,17.6,2.190648722954546,0.9516629,0.003316081233149183,1.0228408,0.0013448040457993762
math,458,19.3,2.3617614150940716,0.9535714000000001,0.001998961824045371,1.0232533,0.0009132293599554368
math,459,18.4,3.4091174615015367,0.9515756,0.0025970091928865214,1.0227691,0.0013202484646812587
math,460,19.9,4.542500706410265,0.9539344,0.004384893269892004,1.0228809,0.0014088447494911987
math,461,20.6,3.075942270912463,0.9530623,0.004260590745205453,1.0224391000000002,0.001654819546532725
math,462,20.8,2.9744475538294854,0.9549362,0.0033653352280252056,1.0221683000000001,0.0016272739860599135
math,463,20.7,2.313110239597199,0.9526476,0.0033254477536861613,1.0225626,0.0012293828424984738
math,464,18.8,2.10054688716444,0.9526046000000001,0.00298362110912039,1.0223825,0.0010547089134519873
math,465,19.0,2.4550167075582596,0.9520526,0.0025952646225270476,1.022565,0.000795563077849529
math,466,19.2,3.3006484608576394,0.9512382,0.0018974832544104386,1.0223285,0.0011393417799679664
math,467,20.4,2.9437030844574017,0.9551033999999999,0.003210683630739287,1.0216637,0.0012624336898505654
math,468,23.3,4.358527166187451,0.9564407000000001,0.00479800653404174,1.0213046000000001,0.0012339493626303424
math,469,18.3,2.134114799158496,0.9509156000000001,0.001979301171539721,1.0230632,0.0008797913333363379
math,470,20.22222222222222,3.7218494342395805,0.9538177777777778,0.0018133529141507211,1.0231195555555557,0.0010855768142409633
math,471,20.375,4.685501185814671,0.95362025,0.005010428868131154,1.022554375,0.0016013969569769766
math,472,22.142857142857142,4.637422003041062,0.9549134285714286,0.004387061604523453,1.0225322857142858,0.0016711789264153161
math,473,19.5,2.4611447321442554,0.9518366666666666,0.00298141297674264,1.0224841666666666,0.0015750655632812945
math,474,22.5,7.63123815606485,0.9544815,0.0075771243513875815,1.02176025,0.0019851495214242374
math,475,22.666666666666668,12.747604657402283,0.9567693333333334,0.009897854713892403,1.0214856666666667,0.0020785232156111683
math,476,21.666666666666668,5.736870306332617,0.9520926666666667,0.00566441921394759,1.0213743333333334,0.0022484072095724983
math,477,18.0,7.45241313525099,0.950991,0.015699865897407475,1.022457,0.003501392765621474
math,478,17.5,31.765511840436737,0.9531354999999999,0.036930584065691476,1.0236245,0.019484964962923453
math,479,18.0,0.0,0.950963,0.0,1.02379,0.0
person,1,0.1,0.22621571627982048,0.9461219,0.0036559976851835846,0.9858758,0.010122562315896621
person,2,0.5,0.3770261937997008,0.9634883999999999,0.0063676425342696534,1.0010546999999999,0.007103846511494477
person,3,5.5,4.105952002422242,0.9786894,0.006885636090462438,1.0158441,0.00983760686543339
person,4,17.6,9.19325629373191,0.9899134,0.004967999350185808,1.0228784000000002,0.008240092279227638
person,5,42.9,17.017042904168726,0.9974209,0.006241769091625883,1.0257387999999998,0.00992296938176499
person,6,51.0,15.755906143934938,0.9916807000000001,0.006261676389122496,1.0234878,0.007509290592366835
person,7,60.1,16.167171584460867,0.9929460000000001,0.006850309110515976,1.0161571999999999,0.007218597185556281
person,8,58.7,17.19520536769185,0.9886312,0.009947499096431977,1.0147496,0.006492953421085152
person,9,61.4,16.358592614492384,0.9859123999999999,0.00876798042358807,1.0148743,0.004392636731320507
person,10,56.0,14.402203205882836,0.9808642000000001,0.005194264547644462,1.0164854,0.0036581757512071556
person,11,56.6,14.807868754522183,0.9829973000000001,0.00510591405908887,1.0158878,0.003328525931047168
person,12,55.3,14.00204424606233,0.9789237999999999,0.004826650432198451,1.0171111,0.0012278993548229125
person,13,51.0,11.1436595743305,0.9752723,0.007060295920168475,1.0173559,0.0011966432909836571
person,14,55.8,8.824668358887337,0.9783077,0.010417771022318794,1.017463,0.002264422107165903
person,15,56.3,5.831609309962823,0.9742352999999999,0.008355055156748328,1.0170956,0.0008375872722121481
person,16,50.7,5.693470043388377,0.9681624,0.006883305390270991,1.0174569999999998,0.0011205377814024616
person,17,50.7,2.940804311637666,0.9685051,0.004177638646995942,1.0168359,0.0008755333055312321
person,18,50.7,7.1539664691711184,0.9686213,0.009816575065960884,1.0173251,0.0010609701692731184
person,19,47.4,5.204600460608021,0.9658013999999999,0.0078385374209578,1.0171434,0.0007118146861998981
person,20,48.3,6.976920397120028,0.9670641,0.005989745988097443,1.0172539,0.0009697651640900658
person,21,42.1,3.7920664065980993,0.9593257,0.007411055533095977,1.0168048,0.000805990071837638
person,22,42.7,5.841351397124978,0.9602790000000001,0.00828884460248965,1.0168868,0.0005704691927922897
person,23,40.2,4.262897641709181,0.9535486000000001,0.005297406132270422,1.0176712,0.0009387396693633507
person,24,36.4,4.946951479410039,0.9513985,0.006884658252248626,1.0174977,0.0008868287670731722
person,25,32.8,3.2833765031614983,0.9479469999999999,0.007592982080551008,1.0174094999999999,0.0009864271846947677
person,26,35.2,5.134205328033583,0.950651,0.006575242882600751,1.0172329,0.0008109392553662117
person,27,37.2,4.342189575269938,0.9511312000000001,0.006406595991514266,1.0176815,0.0011098191225545268
person,28,32.7,6.642940478567803,0.9457395,0.009050812495690319,1.0176259,0.0005783470178630469
person,29,27.9,6.249543245138397,0.9429513999999999,0.007969419727367318,1.0184322,0.0008934109808271847
person,30,31.0,4.956138026745853,0.9454290999999999,0.007089794034754299,1.0186275999999999,0.0010448553349412023
person,31,29.3,2.9214056545946874,0.9417631999999999,0.005076362090610328,1.0185219,0.0007779778475651096
person,32,28.1,4.052987742854586,0.9426743,0.005350181544165276,1.0182157,0.000993644621971342
person,33,28.4,4.146602572963725,0.9413351999999999,0.008105937002576363,1.0184461,0.0007183484295263514
person,34,25.4,3.290296166270231,0.9369268999999999,0.005296942686783958,1.0189415,0.001098428620307316
person,35,24.4,2.1381075337982045,0.9358812999999999,0.0037030306044241682,1.0186477,0.000835947391210254
person,36,23.8,3.613162226428598,0.9377015999999999,0.006104280095396192,1.0187674,0.0007369316755809118
person,37,24.3,3.4398345915923185,0.9378769,0.0060972936374797835,1.0186971999999999,0.0008967737937289054
person,38,19.2,3.5496570639844878,0.9320643000000001,0.005109753680723007,1.0188197,0.0010553794394327454
person,39,18.5,1.6945219875776203,0.9325958,0.004723205580325917,1.0190896,0.0009224037918322727
person,40,18.0,3.5688272685398523,0.9314218999999999,0.006210269876352338,1.0187982999999998,0.0006956643968979202
person,41,18.6,2.572634027172215,0.9318274000000001,0.004858266433917469,1.019515,0.0011749319488429013
person,42,18.7,4.130803317438775,0.9284167,0.0057137604154485315,1.0188867,0.0010365354561790927
person,43,17.8,2.4734757397050195,0.9301424,0.003990337400807845,1.0187396,0.0007884364841531469
person,44,16.8,2.1540044629651915,0.930311,0.00378161356120336,1.0193676,0.0006102091968525545
person,45,17.5,1.9735439625769307,0.9292569,0.004181023403585121,1.0194599,0.0006253775606880343
person,46,16.9,3.1172565831907524,0.9310511,0.005840515164996542,1.0193531999999998,0.0009817051907987735
person,47,18.3,3.7102136095575293,0.9338896,0.005041670177926005,1.0189799000000002,0.0011676577771312722
person,48,18.7,3.6794356941313935,0.9336233,0.007043900794161002,1.0202213,0.00315413022081531
person,49,16.0,2.821405686075828,0.9259726,0.004233439649759205,1.0192408,0.001078335189404058
person,50,17.0,2.959115247833905,0.9307763,0.006110065121626488,1.019348,0.0011874236555005364
person,51,16.7,2.1073032471237827,0.9289182,0.005147521873275618,1.0194638,0.001037128368776839
person,52,20.2,3.141784406403797,0.9333269,0.005100536125202305,1.0196488000000001,0.0023126700381506994
person,53,20.0,2.5459738877265967,0.9330107,0.006109366647890817,1.0187065,0.001118561487137791
person,54,18.2,1.9016477646068206,0.9283137,0.0050590120306994776,1.0194216,0.001084322204960578
person,55,17.5,2.6819259480905004,0.9312813,0.004127791372359211,1.0194370000000001,0.0014908091697962025
person,56,16.7,1.5471861438297423,0.9296476,0.005752955251778492,1.0196973,0.0012263303555755298
person,57,18.1,2.222856400713612,0.9325917,0.0062721874360497825,1.0190635000000001,0.0007389245755780699
person,58,18.4,2.4129676403180853,0.9329699,0.00765542312658889,1.0197371,0.0008160790586974949
person,59,18.0,2.132782226565775,0.9296277,0.0042323760980683455,1.0190148,0.0008769162948867697
person,60,16.6,2.29212081487383,0.9301641,0.00569323175804208,1.0188496,0.0009800199428287083
person,61,17.0,2.311880842625105,0.9301697000000001,0.00535050243442159,1.0200035,0.0010674347727651363
person,62,18.7,3.537622933752031,0.9295555,0.004809693339675259,1.0195177000000002,0.0009399083827755393
person,63,18.1,2.171094787634969,0.9313971999999999,0.0035773039175614413,1.0197465,0.001111429440960683
person,64,16.8,1.7128777588435455,0.9306585,0.005421724879239526,1.0191348,0.0009526212021733826
person,65,17.1,2.9868471003558215,0.9321946999999999,0.0064125954131053165,1.0195497,0.0011277174535602457
person,66,19.1,2.2482903680001707,0.9323098999999999,0.004441138224708547,1.0193202,0.0008427845423926939
person,67,19.2,2.10054688716444,0.9329454,0.005160679123531845,1.0191613,0.0013962297187534757
person,68,17.1,1.9209845317065632,0.9298007,0.005295136451317774,1.019761,0.0008509250498342979
person,69,18.0,2.939837418857418,0.9320168000000001,0.005028985469736015,1.0194714,0.001288237373102142
person,70,18.3,2.901877323052948,0.9302139,0.003275576673788102,1.0194811,0.0008083710608625985
person,71,17.2,1.4621618283209237,0.9307867,0.007119099299472442,1.0194298,0.0009925563135552997
person,72,16.5,2.573738873273039,0.929406,0.00588578674531147,1.0199411,0.0009033512638757283
person,73,17.2,2.8772805298124573,0.9333242,0.005097551259512624,1.02028,0.0015015788098069844
person,74,17.3,2.8224131510913595,0.9297219,0.00474185699090899,1.0194104,0.000941159860014221
person,75,17.5,2.9830373448507492,0.9288420000000001,0.006062676558791438,1.0197984,0.0010363391185663946
person,76,17.4,1.692843411645497,0.932582,0.0038498947616582044,1.0196785,0.0015184955724659246
person,77,18.8,1.9016477646068206,0.9345729,0.005238123878018191,1.0188815,0.0010512227135260818
person,78,19.6,2.2671786055203054,0.9318875,0.004607190819175815,1.0190423000000002,0.001236292842301146
person,79,18.1,2.9868471003558215,0.9295182000000001,0.0057967332715520275,1.0203739,0.0010687999003109144
person,80,18.5,2.3180213072056053,0.9323575999999999,0.004471930329059235,1.020063,0.001800039801911884
person,81,19.0,2.69777983562925,0.9324434,0.004107782159501131,1.0190507,0.0008873992759368335
person,82,17.2,1.5379711354562318,0.9274408,0.004330780237900161,1.0195500000000002,0.0011773778905897969
person,83,15.9,1.7012197290514188,0.9303311000000001,0.005184083835363257,1.0198335,0.0014515793333609484
person,84,17.5,1.9735439625769307,0.9337759999999999,0.0035015702177936163,1.0190096,0.0011031976720217544
person,85,17.4,1.3147352622725414,0.930928,0.0044246745383395205,1.0188147,0.0008444982808480468
person,86,16.6,1.692843411645497,0.9303678,0.0026219701135224366,1.0188881,0.0007326905107060557
person,87,16.2,1.9893268264869735,0.9295208,0.006243504307661814,1.019506,0.0012899822156370794
person,88,18.1,1.8911537669917304,0.9349017,0.0036301811339076178,1.0190211,0.0012688412638875773
person,89,16.9,1.5978083629043778,0.928844,0.0043934923675084565,1.0193542,0.0010798701971227946
person,90,16.2,1.960536207758444,0.9311426,0.004892845860089618,1.0194257,0.0011544908509910803
person,91,18.0,2.69777983562925,0.9314579000000001,0.0041342407561955,1.0195653999999998,0.0015538304077656324
person,92,16.2,1.0556733426391622,0.9276438,0.0045411472901979,1.0194699,0.001052801206112039
person,93,18.2,2.18024178180376,0.9314762,0.004653122488491388,1.0190668,0.0012458185459829879
person,94,19.2,2.4035235037258698,0.9329668999999999,0.0036352136486034765,1.0190922,0.0011389917658940862
person,95,18.7,2.5913523473884963,0.9346551999999999,0.005315556400326464,1.0191075,0.0016515979769575377
person,96,18.5,2.4837986603590245,0.9268216,0.0037421479812226356,1.0192427,0.0010579368998769145
person,97,17.5,2.4141455596659185,0.9284445,0.005676094527406873,1.0197376,0.0009972366174515555
person,98,17.0,2.523541962467993,0.9285226,0.005339316765081722,1.0193916,0.0010277529456517423
person,99,17.1,1.9209845317065637,0.9299017,0.0038219239706013142,1.0196345,0.001412881472525579
person,100,17.3,2.4792160021005656,0.9314001,0.005246505053484717,1.0187521,0.0012533929668852766
person,101,18.0,2.5682098897158996,0.9296208,0.0062398545182129695,1.0188054000000002,0.0013767794108176957
person,102,17.9,2.909704383319462,0.9298780000000001,0.004136242857384076,1.0192347,0.0015291680472918777
person,103,17.4,2.459644452867115,0.931235,0.0058573310466761945,1.0186514,0.0015247235077730551
person,104,17.0,2.1592774315969074,0.9279914,0.0038396958602917564,1.0184313,0.00113211563430604
person,105,17.9,2.556004027242069,0.9324087999999999,0.005669732365922572,1.0182182,0.0009851893877713778
person,106,18.0,2.3845230199022156,0.9313638000000001,0.004698047475279205,1.0189959,0.0011103846536302726
person,107,17.1,2.171094787634969,0.92897,0.0063385596068728295,1.0191759,0.0009503520878363861
person,108,16.3,3.406614744319843,0.9294487,0.00820801929888916,1.019158,0.0011361157458375194
person,109,16.0,3.5528592812022195,0.9295120000000001,0.006722507308049255,1.0195087,0.001314614424331695
person,110,16.5,1.823809411363889,0.9307683000000001,0.003729091169367553,1.0195235,0.0008173991356681976
person,111,16.4,3.1490152201254293,0.9287891,0.0038834620595732715,1.0197789,0.0013196926075828865
person,112,16.8,1.960536207758444,0.9304721,0.0053220454960583455,1.0194739,0.001461756467483098
person,113,18.4,2.2671786055203054,0.9332891999999999,0.004763394851014481,1.0188054,0.001499889438687121
person,114,16.9,1.8911537669917304,0.9294992000000001,0.0033914212905472537,1.0193136,0.0011456456271953604
person,115,17.7,3.322112131306376,0.9307795999999999,0.005592357710370136,1.0189078,0.0013024866221332868
person,116,16.9,3.5918547609298574,0.9281638000000001,0.003079540272334924,1.0193102,0.0013456887359270594
person,117,18.9,3.731607110810881,0.9324899,0.005115644111366372,1.0184323000000002,0.0010362174110048884
person,118,16.6,1.7261048105490107,0.9291805999999999,0.004517165126628082,1.0188884,0.0009120158234635017
person,119,17.6,2.0842422663373124,0.9282864,0.004978336282619152,1.0193637,0.0011141237223376776
person,120,18.4,2.90481494215144,0.9307063,0.006218205788157836,1.0188074999999999,0.0010090325617437925
person,121,15.8,2.4035235037258698,0.9266427,0.005613442831018394,1.0194501,0.0006990125379444676
person,122,16.2,2.817372223418702,0.9288814999999999,0.004262300997693556,1.0195339,0.0007863505053102905
person,123,16.2,1.6793544045531352,0.930216,0.0032924901003854156,1.0195159999999999,0.0009686635745365403
person,124,17.0,1.2158729409092592,0.9311308,0.004544945511082914,1.0186588,0.0006368485407177801
person,125,16.6,1.9721028934088125,0.9302573000000001,0.005807352270905394,1.0187796,0.0009531987058353294
person,126,16.0,1.8775753034472467,0.9267496,0.006763029380659791,1.0192931,0.001134492576574457
person,127,15.9,2.3952293382337264,0.9297556,0.004389468411181844,1.0186681,0.000898316471195471
person,128,16.6,2.2671786055203054,0.9272914999999999,0.005384274851982917,1.0191314,0.0011551209970605762
person,129,16.0,2.6766204514048892,0.9261576,0.004352038922707074,1.0193911,0.0008819738189209764
person,130,15.9,2.197128029393053,0.929549,0.004565088082690362,1.0188523,0.0011037131047785054
person,131,15.2,1.6102152697059713,0.9277148000000001,0.004575485176863331,1.0186918999999999,0.0010875870113083964
person,132,16.7,3.2703626727056396,0.9289577,0.006330209631548082,1.0189759,0.0009990303716646257
person,133,15.8,2.450380222385992,0.9300226,0.007963714083411622,1.0187732999999999,0.0013742073834662972
person,134,15.5,2.0581624751633356,0.9281027999999999,0.002656102430441979,1.0191019000000001,0.0008256320275171475
person,135,16.2,2.9744475538294863,0.927486,0.0051354175595141735,1.0192814000000001,0.0012293109209568064
person,136,16.5,2.7030438012895766,0.9274824,0.005250254786880209,1.0189997,0.0008807798025105406
person,137,17.0,2.3845230199022156,0.9306557,0.0035988817496181683,1.0184644,0.0009414280612266066
person,138,17.1,1.8300340349592596,0.9276588,0.003689174327570165,1.0185388,0.0012186689368456013
person,139,16.1,2.0636803469288174,0.9267302000000001,0.004776183201698526,1.0186057,0.0011268940971084548
person,140,16.4,3.0010906103266244,0.9295712999999999,0.005414704213734573,1.0184722000000002,0.001270605024901556
person,141,14.4,2.1381075337982045,0.9266975000000001,0.0035995340431804893,1.0185832,0.0010432405012168664
person,142,15.8,1.9893268264869735,0.9301323,0.004494521384936407,1.0181036,0.0008470637486026866
person,143,14.8,1.7457574910020464,0.9264308,0.003966554609112871,1.0189664999999999,0.0010150217515543182
person,144,15.6,1.2707516709467577,0.9270026,0.006369625901121201,1.0196622,0.0015819476294193823
person,145,15.1,1.8911537669917304,0.9280186,0.004395576158465743,1.0191169,0.0012247881666611077
person,146,14.5,2.030348190218022,0.9267258,0.00539995010029239,1.0196706,0.0009227698154639548
person,147,15.1,2.4422451932664986,0.9271497999999999,0.004425294184441821,1.0191426,0.0009629625831318055
person,148,15.3,1.8790888670170616,0.928473,0.003864373617393851,1.0195389,0.0014228645850285393
person,149,16.6,2.0567806942253286,0.9326254,0.002479814546987577,1.0182123,0.0010437569642867978
person,150,17.2,1.5745076100627147,0.9305388000000001,0.0068603498978522135,1.0185917,0.0014261507869661625
person,151,17.8,1.9893268264869735,0.9307921,0.0033869767064758013,1.0184619,0.0009832220009375297
person,152,16.8,2.10054688716444,0.9274583,0.004427554502214108,1.0185127999999999,0.0011302032805428316
person,153,14.3,1.3509959142848618,0.9263562000000001,0.005749766965768689,1.0188475000000001,0.0013623709811384857
person,154,16.5,3.7285584116819943,0.9293623999999999,0.00593877227605009,1.0186325,0.00107993250871771
person,155,16.1,2.2482903680001707,0.9281670999999999,0.0040712210249191005,1.0182293,0.0006066466556751692
person,156,17.8,2.28217664297011,0.9294714,0.0047458184351648084,1.0180365999999998,0.0008481087835820432
person,157,14.8,1.8408764812817766,0.9272722999999999,0.0039713421188384505,1.0186429000000001,0.0011136547328436989
person,158,16.4,2.2419589266264723,0.9310791999999999,0.003661820223472535,1.0180322,0.0007707019504882399
person,159,16.7,1.7860061501016309,0.9317465,0.005688826770996025,1.0182296000000002,0.0010981128612484797
person,160,16.0,1.3060570468907835,0.9277633999999999,0.0046507394436017735,1.0185086,0.001015500813773187
person,161,16.1,1.3677271513989688,0.9266178,0.004935394477664548,1.0187773,0.0012190262891369635
person,162,14.8,1.9313164477327347,0.9262351000000001,0.005270889516934212,1.0186119999999999,0.0013629407941988306
person,163,16.4,1.9721028934088127,0.9310776000000001,0.004465714673383953,1.0182739,0.0008570782114206686
person,164,15.4,1.692843411645497,0.9284935000000001,0.005423445663406555,1.0186505000000001,0.0007702186714983921
person,165,15.3,1.81756347037723,0.9260130999999999,0.006204953656880031,1.0185752000000001,0.0012491318229515618
person,166,13.7,1.4326995364388628,0.9270423000000001,0.0038150937287172028,1.0190514,0.0007512669159468205
person,167,15.0,1.5817136321961622,0.9290122999999999,0.0037940314301460054,1.0184445,0.0008774135728751032
person,168,16.6,2.4826537888253455,0.935136,0.005757619837330471,1.0191376,0.003933811711363939
person,169,16.2,2.073301286481863,0.9307072,0.006366718650301933,1.0182186,0.0010878042016763299
person,170,16.5,1.91505555296083,0.9272721,0.0055690047701773375,1.0183560999999999,0.0010299037567043944
person,171,16.1,3.0805601120816224,0.9309532,0.006145427652671582,1.0179768,0.0010190944677271865
person,172,15.5,2.2684322293957653,0.9289578000000001,0.003927799430921459,1.0184625999999999,0.0011661551309853403
person,173,15.7,2.3375624015581447,0.9282897,0.0030838388601315764,1.0180712,0.0006118194276279933
person,174,16.4,2.190648722954546,0.9283338000000001,0.003777524653340464,1.018491,0.0011529448184044993
person,175,15.6,1.9430570813906982,0.9304618,0.005349453832013276,1.0180630000000002,0.0009849691369858797
person,176,16.2,1.5379711354562318,0.9302702999999999,0.004145338435060692,1.0185459,0.0009786863600392127
person,177,15.9,2.3472719445002177,0.9265504999999999,0.005341320453650194,1.0182319,0.0009586401457973113
person,178,15.1,1.9503590878873451,0.9261887,0.0031201729282967325,1.0187989,0.0009059110474909871
person,179,16.3,2.5020453604442072,0.9279626999999999,0.004885666411269475,1.0183465,0.0009089816295444073
person,180,17.0,2.612114093781567,0.9289059999999999,0.004533815802048102,1.0180055,0.0008993699660952041
person,181,15.9,2.171094787634969,0.9262661,0.003233801001167207,1.0182419,0.0006194271598055929
person,182,16.3,1.9386626760334578,0.9342788000000001,0.0041129248263915,1.0172303,0.0004731831102390605
person,183,19.2,1.9016477646068206,0.9351819000000001,0.003621605531259935,1.0175145,0.000542226928932291
person,184,16.2,1.7457574910020464,0.9298282,0.004737996199237525,1.0178644000000001,0.0006016445219015904
person,185,16.2,2.1540044629651915,0.9287928000000001,0.005489389006051945,1.0183012,0.0007456150538014786
person,186,16.1,1.2818890589189826,0.9302206,0.00612998903116081,1.0182795,0.0010913104165943101
person,187,16.2,2.355734966345946,0.9280915000000001,0.005243996729615478,1.0181063,0.000850658730575216
person,188,16.6,2.3412081990450173,0.9294941999999999,0.0040261103504343684,1.0179867999999999,0.0005738362252298939
person,189,15.6,1.7907752003806006,0.9264882999999999,0.0038245704508117523,1.0187148000000001,0.0007987134038416291
person,190,16.3,1.7211565782644838,0.9268641000000001,0.004984565369997393,1.0185876,0.0008672850291528662
person,191,17.8,2.519031606829703,0.9267999,0.0032915489784724745,1.0186747999999999,0.0010456168951755488
person,192,17.6,3.0943722876594846,0.9283467,0.005021491927427025,1.0187989,0.0010911259702017979
person,193,16.8,2.4503802223859914,0.9306628,0.005690591190048986,1.0185175000000002,0.001370254041914931
person,194,17.4,2.8653990728777257,0.9289221,0.0041229117047759,1.0181149999999999,0.000994640547155057
person,195,18.4,2.29212081487383,0.9307531000000001,0.0056842542478453655,1.0175732,0.0007433664598556069
person,196,17.2,2.331473403454576,0.9303898,0.004730208189240241,1.0181528,0.000843182094618862
person,197,17.4,2.2419589266264732,0.9301676999999999,0.007112753798436215,1.0183738999999998,0.0012264666349462992
person,198,18.7,3.322112131306376,0.9318894,0.004335702350974466,1.0179126,0.001061231974025877
person,199,16.5,1.9445196763146888,0.9251416000000001,0.004145011121270471,1.0183813000000002,0.0010043528899518778
person,200,15.7,2.5913523473884967,0.9252375,0.0050877161522990605,1.0191864000000002,0.001029729489952595
person,201,14.2,1.158397258135863,0.9247503,0.004616833716020386,1.0193927999999999,0.0012643898090395958
person,202,17.1,2.0359414465183843,0.9321009,0.005817683210976088,1.0185298,0.0013699772196924661
person,203,16.2,2.7767153696397284,0.9282158,0.004711212144030668,1.0185843,0.0007461462530105123
person,204,15.0,2.023334876721938,0.9280576999999999,0.006096973009879783,1.0192903,0.0012902831896143413
person,205,15.3,1.7211565782644835,0.9302053000000001,0.004409235411719227,1.0183985,0.0009635875668441745
person,206,17.2,2.10054688716444,0.9309405,0.005143499564575477,1.017981,0.0005700174224328287
person,207,18.2,2.4503802223859914,0.9314045,0.005017061698534714,1.0180059,0.0007095745513344007
person,208,16.9,2.3472719445002177,0.9289552000000001,0.0055226747016287716,1.0182158,0.0009493172054552421
person,209,16.0,1.8775753034472467,0.9259660999999999,0.0034512158222670046,1.0182139,0.0008206742904639423
person,210,17.3,2.313110239597199,0.9276158000000001,0.004924241311131414,1.0182503999999999,0.0010547521997069256
person,211,17.3,1.4326995364388628,0.9301463999999999,0.00541633575304188,1.0176985,0.0011220655897721142
person,212,16.9,2.322921991972386,0.9285471,0.0051191169274011706,1.0176876,0.0006473496664963352
person,213,16.5,3.1679175821449213,0.9276920000000001,0.006201537323055257,1.0179451,0.0007611115432740073
person,214,16.5,2.2684322293957653,0.9306468000000001,0.0060759450148095764,1.0179825,0.0013675396996539809
person,215,15.6,2.316794516271726,0.9262907,0.005029186721673518,1.0185304,0.00117964935915042
person,216,14.9,1.4872237769147432,0.9257789000000001,0.003429180746755724,1.0180837,0.0007282981366064664
person,217,16.9,2.0359414465183843,0.9316656999999999,0.00372031546966562,1.0174813999999999,0.0005212886048096136
person,218,16.3,1.8485821511359979,0.9280224,0.004596097997411764,1.0176867,0.0008158397351862772
person,219,15.5,1.760353023595481,0.929566,0.00494040417122392,1.0174395999999999,0.0007153722621340837
person,220,14.8,1.5745076100627147,0.9281280000000001,0.004764575777780765,1.0180851,0.0007807035029044579
person,221,14.8,2.10054688716444,0.9293528,0.004327665393381702,1.0178839,0.0008121535899157952
person,222,15.8,1.7128777588435455,0.9260198,0.004545961824811054,1.018337,0.0008578053031781551
person,223,16.6,0.9656582238663676,0.9288597,0.0014899428744373764,1.0183882,0.0007659471592053233
person,224,17.1,2.578153522955246,0.9334305,0.006651348549420578,1.0178538,0.0009210422453045594
person,225,17.0,2.8414871187583954,0.9321279,0.005380889502224026,1.0178702,0.0010868312627496898
person,226,16.3,2.5246682923444133,0.9285335,0.00644839866634497,1.0182624,0.0011780016848382917
person,227,16.8,2.9744475538294863,0.9333793,0.004896697964071656,1.0176095,0.0007932978210587796
person,228,18.2,3.3519303787681087,0.9328074000000001,0.006438740703075905,1.0177910000000001,0.0007990070893407365
person,229,16.3,2.0801461426278602,0.9284636000000001,0.004780841318489642,1.0177749999999999,0.0008526577534599479
person,230,18.2,1.3822008576545752,0.9325696000000001,0.004948337479903349,1.0173206000000001,0.000599766955272907
person,231,15.9,2.81029973402556,0.9276099,0.007304734558876361,1.0179431,0.0009063124662131862
person,232,17.4,2.9820841454831157,0.9283291,0.005381771145475966,1.0181976000000001,0.0010224332657046982
person,233,16.9,3.2071613006973068,0.9295886,0.0043466043329928985,1.0175697,0.0007111988553232341
person,234,16.5,2.1126927782969798,0.9279828999999999,0.005418580681561928,1.0181008999999999,0.0006981125533990759
person,235,15.7,2.2883968143397984,0.9285401,0.005838975636644596,1.0177540999999999,0.0007938418043245785
person,236,17.4,2.6808656887297966,0.9280125,0.004291966371833922,1.0178281,0.0008302378715522405
person,237,17.0,2.612114093781567,0.9282459,0.004108416917187723,1.017643,0.0007350357091569132
person,238,17.7,2.8021950315430555,0.9336683000000001,0.004359546194255615,1.0174066,0.0011004178307107571
person,239,17.2,3.675570333578987,0.9274723999999999,0.00956081941574783,1.0182126999999999,0.0010313335822739347
person,240,15.0,2.4780690133729264,0.9272251,0.003778969970721591,1.0180266,0.0011125454209771962
person,241,15.4,2.722954065405149,0.9321045,0.004875036794859872,1.0178551,0.0011318175350553941
person,242,15.7,2.5693166382653185,0.9263735000000001,0.0061224638073135015,1.0184639,0.0007659567836132458
person,243,17.3,2.5246682923444133,0.9314148,0.005232450342563507,1.0175684,0.0013742364354686707
person,244,16.7,2.212600953162121,0.9295702,0.002592739190167616,1.0179459,0.0009121301100203655
person,245,17.9,3.34598798770728,0.9305612,0.003621174182740923,1.017941,0.0011921503859997752
person,246,18.4,2.722954065405149,0.9338765,0.00558319639257587,1.0176376,0.0010469826212356538
person,247,18.2,3.4191100109098573,0.9295496,0.004565253152168117,1.0178668,0.0011414589306372855
person,248,18.6,2.4364178282616265,0.9340469,0.006416804687834824,1.0175128,0.0008533338582378869
person,249,18.2,2.955269742313439,0.9315192,0.006092551619496828,1.0179034,0.000874701237647692
person,250,15.7,1.3082319976844774,0.9278142,0.004280495546634965,1.0182211,0.0008938557771779957
person,251,15.9,1.5249765779412563,0.9276714,0.004847301235847419,1.0206627000000001,0.005175550191819659
person,252,15.2,2.017706674229335,0.9257500000000001,0.005857017683174227,1.0192127,0.0010161953114811058
person,253,18.0,1.6861123972682814,0.932929,0.0052151614755395845,1.0180094,0.000677255433551439
person,254,19.2,2.403523503725869,0.9334486999999999,0.00560418521147919,1.0177055,0.0006773274679676628
person,255,15.9,2.0078193576620635,0.9263968,0.005663276597647468,1.0182914,0.0007301795890929855
person,256,15.1,2.4654169190386828,0.9278128000000001,0.004429361989492738,1.0181894,0.0006274470959349289
person,257,14.5,1.9445196763146888,0.9251971000000001,0.004155165494737199,1.0183095999999998,0.0010572575598627003
person,258,15.4,1.6242785521744172,0.9257574999999999,0.004897553530701652,1.0183974,0.0008877701983085754
person,259,16.5,1.400590147471071,0.9300564,0.004728832403222363,1.0179608999999998,0.0007715435472856779
person,260,17.1,1.8911537669917304,0.9319700000000001,0.006659013563289342,1.0182579,0.0010191301558244898
person,261,15.4,1.943057081390698,0.9257289,0.0032355730974222238,1.0185374,0.0008761543758629901
person,262,16.6,2.1113466852783245,0.9294458000000001,0.004345923926002407,1.0179293,0.0008167646138266312
person,263,14.9,1.4872237769147432,0.932406,0.003036697808279806,1.0180069,0.0008151497750511664
person,264,17.3,2.9600758436221795,0.9331951999999999,0.0063202198576445354,1.0183073,0.0013931975270647138
person,265,17.0,2.6552924585118753,0.9310452,0.0067067654580108575,1.0177559,0.0011745407862744106
person,266,19.2,2.257124548860663,0.9327605999999999,0.005326983099549992,1.0175404000000001,0.0008087710289606689
person,267,19.0,1.6172621973335206,0.9290583,0.0031456196944921024,1.0174427,0.0006506873597525802
person,268,19.5,3.1858155640136783,0.9303017,0.005341991419810126,1.0177358,0.0013965377893417608
person,269,17.3,1.9091081611046388,0.9263676000000001,0.003218315646450512,1.0182962999999998,0.001042402579720047
person,270,17.2,2.355734966345946,0.9292605999999999,0.0042933352296264295,1.0186902999999998,0.0008640885036442974
person,271,15.8,1.4227431994389976,0.9293788,0.0030365585313213883,1.0181162000000001,0.0010878229977976058
person,272,16.5,2.2432266445262656,0.9299573999999999,0.003672233953950355,1.0182277000000002,0.0010221926517858108
person,273,17.1,3.396585434790067,0.9314622,0.004964725468858123,1.0178613,0.0006260271759757355
person,274,16.9,1.8300340349592596,0.9267661,0.003301304708720811,1.0180482,0.0009164281811802262
person,275,17.1,2.643488715669723,0.9279227000000001,0.006899701535315457,1.0184396,0.001338505060991734
person,276,17.5,2.366571524792126,0.9293516,0.00394975977846521,1.0185806,0.0011655579352226153
person,277,18.1,2.4883728790780255,0.9305201000000001,0.0044263295524660335,1.0177765,0.0008522849860642313
person,278,16.1,2.298314073432978,0.9248818999999999,0.003491447438286569,1.0183192,0.0006612979080387781
person,279,15.2,2.073301286481863,0.927735,0.0046884200797261705,1.0185015,0.0012351595046648058
person,280,16.4,2.2671786055203054,0.9266485,0.0051341571004976435,1.0184697,0.0008821447469458634
person,281,15.5,1.727751072068219,0.9271001,0.004727407359043403,1.0222764,0.006565242940149409
person,282,16.0,2.1592774315969074,0.9275309,0.004504535750922001,1.0179596,0.0009315730070351568
person,283,16.0,1.9663280555547273,0.9278343,0.004157310211944347,1.0181685999999999,0.0007835856993566892
person,284,17.2,2.18024178180376,0.9306192,0.005204903505051316,1.0176605,0.0008541658518957363
person,285,16.8,1.7457574910020464,0.9292892,0.0047228855666368195,1.0175951,0.000606290705259444
person,286,15.1,1.9209845317065637,0.9252692,0.006688881544860432,1.0184202,0.0010250470006309658
person,287,16.5,3.0396823522731484,0.9281453000000001,0.0033854401268803573,1.0181292000000002,0.0005773398350902961
person,288,15.7,1.81756347037723,0.9287048,0.002760231044334134,1.0183852999999998,0.0004336886993756359
person,289,16.9,3.1354437654174174,0.930406,0.004990734392513269,1.0183954,0.0015227805666707527
person,290,14.5,1.6945219875776203,0.9251235,0.004892932331370016,1.0189595,0.0007590726890084243
person,291,14.7,2.2634135678730183,0.9246166,0.006024644006379365,1.0179103,0.0009917917819888505
person,292,16.5,3.0396823522731484,0.9293001999999999,0.0073630141831098495,1.0178629000000001,0.0010319813674811427
person,293,16.8,2.045692846905047,0.9293285000000001,0.006205239130205312,1.0177491,0.0010105811927192362
person,294,17.0,2.4317458818185185,0.9302526,0.003121078783589091,1.0175273,0.0007748967584782754
person,295,17.0,2.939837418857418,0.9315659999999999,0.005098566768693982,1.017746,0.0012254176320036021
person,296,17.5,2.551551055171717,0.9272819999999999,0.004408989640899438,1.0177539,0.0010318625706279066
person,297,17.4,2.7019918285697235,0.9309426999999999,0.003580298640502145,1.0177292,0.0008424792698559714
person,298,18.4,2.9629557624259073,0.9295488000000001,0.0034839389821265036,1.0184503,0.0006398912775036862
person,299,18.9,2.3229219919723865,0.9312193000000001,0.0030193521806624254,1.0178612,0.0008885903069663719
person,300,17.9,2.1447455737795234,0.9305431000000001,0.005599208653995112,1.0173429999999999,0.0006946628378302839
person,301,18.2,2.8969746715991023,0.9289433,0.004619505755759856,1.0185309,0.0018884181978687012
person,302,17.8,1.3822008576545752,0.9287684,0.004826235763514383,1.0176830000000001,0.0008424808356383674
person,303,18.0,2.6552924585118753,0.9295395,0.005816413073892422,1.0180905,0.00035204238141439735
person,304,18.7,3.017151968652254,0.9305584,0.005642513939786564,1.0182611,0.0008656846178116004
person,305,18.1,2.007819357662063,0.9307587999999999,0.003979284725435679,1.0179262,0.000720869413084152
person,306,16.3,0.8294576263593417,0.9284330000000001,0.0027879383861143486,1.0189011000000001,0.0008285322614976737
person,307,17.7,2.5913523473884967,0.9313392,0.00630810737793868,1.0179114999999999,0.0007883024112658493
person,308,16.9,1.7986955185523754,0.9321553,0.0030516502371349444,1.017645,0.0008960278591735169
person,309,14.7,1.2182089141308132,0.9270179000000001,0.004036743736964015,1.0178718999999998,0.0009703278703041218
person,310,15.7,2.1867519240382647,0.928055,0.004763785849796262,1.018304,0.0006841261787796006
person,311,16.9,3.4792797557931996,0.9281948,0.004703486493362876,1.018045,0.0007526350960792507
person,312,16.7,2.4561744613163454,0.9297416999999999,0.006503966136752206,1.0188612,0.001895232450869089
person,313,15.8,2.5858610245242595,0.9294724000000001,0.0034819363817937096,1.0181978,0.0009782928631325608
person,314,16.7,1.9964596095946823,0.9323549,0.0041866145488338785,1.0176418,0.0006643410201135324
person,315,16.3,1.6537659948146721,0.9292617,0.0038673849712857035,1.0178706,0.0008090499454796863
person,316,18.1,3.362938389939709,0.93252,0.005774346145099698,1.0181311000000002,0.0013671704874911373
person,317,16.4,2.90481494215144,0.9274843,0.003865131597165737,1.0181469,0.0008700239619496514
person,318,17.8,2.519031606829703,0.9339921,0.005631483055089284,1.0179177,0.0010544569505111403
person,319,17.7,2.5693166382653185,0.9279294,0.004115051002019148,1.018499,0.0011676240575515585
person,320,18.5,3.1858155640136783,0.9325564,0.004485402742860799,1.0178518,0.0013377843066518197
person,321,18.4,2.5946415626080612,0.9279299999999999,0.003750894047908143,1.0181774000000001,0.0006788363225956319
person,322,19.3,3.5696237928815506,0.9289339,0.004938606856454156,1.0184054,0.0008133119846628115
person,323,16.8,1.8408764812817766,0.9304821999999999,0.004569853254370878,1.0179874999999998,0.0006053362602905729
person,324,17.4,2.3653699143948894,0.9298005999999999,0.005726481993370078,1.0185623,0.001139936189885445
person,325,16.9,1.5618170712084998,0.9299502000000001,0.004689338426140052,1.0179137,0.0010061324737593458
person,326,17.6,1.0770022314825958,0.9298588000000001,0.0033651274727943895,1.0177285,0.0009197258453606293
person,327,18.9,4.052987742854586,0.9315656999999999,0.00688707654343977,1.017315,0.00046596545114191824
person,328,16.3,2.6132022480023895,0.9254187999999999,0.003661920251293682,1.0188382,0.0018109365783639982
person,329,15.4,2.056780694225329,0.9297454,0.0030170630207211357,1.0177329,0.0006004884672140062
person,330,15.9,2.0359414465183843,0.9305583000000001,0.004186120020520949,1.0179493000000002,0.0010251884535947035
person,331,15.5,2.8464853409480444,0.9279462,0.005986340152739155,1.0182024,0.0012062717808460392
person,332,17.4,3.681752962563553,0.9302748,0.0047539881218561465,1.0176766000000002,0.0010852656753911718
person,333,17.6,3.475191774407589,0.9305284,0.005693333344537612,1.0179084,0.0011655720334461115
person,334,18.9,2.2482903680001707,0.9360683,0.005479472823252887,1.0173572,0.0006945185014961613
person,335,18.0,2.5459738877265967,0.9306856,0.003510030280906077,1.0183403,0.001695316483480996
person,336,18.9,2.7899938341177863,0.9306146,0.004608700808952578,1.0181111,0.001164990998987411
person,337,18.2,2.797117667285802,0.9313238,0.004897582735587036,1.0181464,0.000589809173321973
person,338,16.9,2.171094787634969,0.9293855000000001,0.0030859368252657547,1.0186424,0.0010082084906514832
person,339,17.0,3.0722430004568886,0.930555,0.006503990772016605,1.0179071,0.0007885327000957931
person,340,17.1,1.7343204914786234,0.9281442999999999,0.0039934542694046405,1.0183756,0.0005975077242077358
person,341,17.1,3.024680743847476,0.9299481999999999,0.004410865207525965,1.0185708,0.000945055502899333
person,342,16.4,2.9437030844574017,0.9276206,0.005293493414218973,1.0187393999999999,0.0008703531365268721
person,343,17.3,2.2126009531621205,0.9281016,0.005072409719110964,1.0184091,0.000886836807124692
person,344,17.5,2.0581624751633356,0.9287538,0.004929799578308217,1.0185314,0.000991870730963674
person,345,16.8,2.519031606829703,0.9280053,0.003665509898903221,1.0185555000000002,0.0007770741810581899
person,346,15.1,2.2734398121549684,0.926653,0.004687619040897161,1.0190101999999999,0.000908391535352232
person,347,16.2,1.9016477646068206,0.9269572,0.005745405989326073,1.018292,0.0012610300590670065
person,348,16.6,1.8531901736184346,0.9283224000000001,0.005253291022776238,1.0184013,0.0008924842535063997
person,349,17.6,1.5888869734518407,0.9294224,0.0033956582396224566,1.0182934,0.0007632531676618266
person,350,17.8,2.017706674229335,0.9294371,0.0035832120935971857,1.0179902,0.0006581948575901575
person,351,19.8,1.0556733426391622,0.9347356,0.004448180512884437,1.0172706,0.0006751591720393065
person,352,19.5,2.0581624751633356,0.9318883,0.006176531326459552,1.0177508,0.001279868637805036
person,353,17.8,2.607756936296503,0.9308141000000001,0.004929580103552625,1.0176614000000002,0.0009530028506394894
person,354,18.6,2.29212081487383,0.9327052,0.004647037024485848,1.0178418,0.0007139559622362569
person,355,18.1,1.3255031346719128,0.9299942,0.003757966335129821,1.0181451,0.0009647706734304935
person,356,19.4,4.613913406368695,0.9311512000000001,0.005707282048489497,1.0175379,0.0008121117223945815
person,357,18.1,3.560053738683834,0.9304333,0.005201005477911414,1.0180369,0.0010320498512891726
person,358,16.7,2.5693166382653185,0.9304798,0.0037788912379012538,1.0174897999999999,0.0005241511167953419
person,359,18.5,3.588687339889714,0.9311614,0.005818137622426726,1.0179612,0.0012337143635639167
person,360,17.4,2.1113466852783245,0.9311216999999999,0.0050402158943301,1.0180147,0.0009370327225256926
person,361,16.6,1.552688897930322,0.9309532,0.00464952269192765,1.0178524,0.0007430020831234309
person,362,19.1,1.4484873357995511,0.9322047,0.002405705391770872,1.0173313,0.0005911898685085807
person,363,18.7,1.7538811155696892,0.9277646,0.0036551818985505894,1.017934,0.0007299294103912362
person,364,17.2,0.7388174355783598,0.9293150000000001,0.003927996521954223,1.0179089000000001,0.0004204565888843411
person,365,16.5,1.91505555296083,0.9282529,0.0055190106831840835,1.0181379,0.0008321779304553712
person,366,16.4,2.4129676403180853,0.9305178,0.004093763201563469,1.0182994,0.0010075856801555782
person,367,15.9,1.141088321485055,0.9281122999999999,0.004262735673197512,1.0180376,0.0006704575888344528
person,368,15.7,2.052629770328954,0.9299099999999999,0.004501338802766979,1.0183118,0.0008700343106856779
person,369,16.5,1.8547236369951094,0.9275209,0.004067505772134402,1.0189841,0.0012783150779836967
person,370,17.5,2.342422203896654,0.9284167999999999,0.004959632911640961,1.0184696,0.0011055670787803791
person,371,18.7,3.5855171207728094,0.9297561999999999,0.004809172068671024,1.0179172,0.0010819882338524418
person,372,17.5,2.4141455596659185,0.9284456999999999,0.0030855460317781333,1.0182168,0.0006812640941730408
person,373,19.333333333333332,3.3505463295806215,0.932576,0.007950984484422307,1.017386111111111,0.0013507119687676018
person,374,15.625,3.028773535758165,0.92777625,0.005577087086593137,1.021081125,0.005739340670931977
person,375,15.875,2.911106001076983,0.931255375,0.006022565039910967,1.018090125,0.0006362246235880893
person,376,16.571428571428573,3.9548067723664966,0.9304931428571429,0.0071798756820895425,1.0179951428571428,0.0014643780511308356
person,377,17.333333333333332,5.419262341644895,0.9275796666666666,0.010892563456536471,1.0187021666666667,0.0021896057958207494
person,378,19.25,6.920753719678286,0.9266805,0.006001199973214669,1.0186012500000001,0.003758296930261627
person,379,16.666666666666668,16.16281124175083,0.9197056666666666,0.019547335447129856,1.01919,0.006378256141117889
person,380,17.666666666666668,7.9853855114441235,0.9313176666666667,0.01135912281458439,1.018109,0.0019097575091067635
person,381,15.333333333333334,2.8684351531663084,0.9313176666666667,0.02072086323991852,1.019624,0.0031527534350504352
person,382,16.0,0.0,0.930021,0.0,1.019135,0.0
person,383,15.0,0.0,0.928472,0.0,1.023749,0.0
