subject,generation,valid_solutions_count_mean,valid_solutions_count_compute_ci95,mean_fitness_mean,mean_fitness_compute_ci95,best_fitness_mean,best_fitness_compute_ci95
byte,1,0.1,0.22621571627982048,0.5926223,0.012470962602742868,0.7434722,0.0686403297851165
byte,2,1.2,1.4227431994389976,0.693787,0.013533123564732949,0.7951617000000001,0.1055210289791547
byte,3,5.2,6.640800286985931,0.7185433999999999,0.02145115433935943,0.7950377,0.10584413972055744
byte,4,14.9,19.05963435175995,0.750624,0.062006008193716315,0.7950796,0.10590942336744916
byte,5,21.3,25.43750773252191,0.7570996,0.0700660866262112,0.7952323,0.106021273243523
byte,6,26.1,29.918780517553863,0.7797755000000001,0.09013448275716171,0.8564120000000001,0.1155180527247038
byte,7,27.4,29.34261913518861,0.7833712,0.08821931140595247,0.8563542,0.11550426874243827
byte,8,31.3,29.52777106259345,0.7834604,0.09604611701702596,0.8869897,0.11319347427594471
byte,9,36.1,28.18270168174108,0.7891526,0.0901022453147931,0.9182138,0.1056755332232029
byte,10,40.8,28.440473058922457,0.8071061,0.08642066206224833,0.9178497,0.10608207534493282
byte,11,44.9,27.058715781199368,0.8164859999999999,0.07355617289641322,0.9179478,0.10603052140936893
byte,12,47.3,26.878662486669867,0.8168907000000001,0.07603891008428984,0.9179864,0.1059873013048907
byte,13,44.9,24.74498480589182,0.7905395000000001,0.06474793659862707,0.9182189,0.10571843863668365
byte,14,47.3,24.773920409414263,0.7995981999999999,0.059393662294386945,0.9180987999999999,0.10586013963514121
byte,15,48.1,24.400207825900477,0.8092474,0.059219659053280985,0.9180697999999999,0.10589339903746076
byte,16,44.0,22.56872623579576,0.7764756,0.05365556769078272,0.9182321999999999,0.10570469371118126
byte,17,44.7,23.285572379562677,0.7745529,0.06623575606725074,0.9181800000000001,0.10576649317478781
byte,18,44.1,22.662881116058397,0.7745535,0.05445583170088278,0.9183727000000002,0.10554158945776218
byte,19,41.8,21.265881636565947,0.7553436,0.04384805965093413,0.91823,0.10570550297175894
byte,20,38.2,19.473831758641058,0.7344874,0.037085628253142204,0.9183951,0.10552038926202217
byte,21,41.0,21.188737918095672,0.7509012,0.05211059183858558,0.9183842999999999,0.10553019811877012
byte,22,37.5,19.308011650016255,0.7208229,0.04773837594217508,0.9183923,0.10552032345653323
byte,23,33.3,16.851172973127568,0.6919883,0.02946481555879057,0.9183936000000001,0.1055208006390228
byte,24,32.5,16.767283600934675,0.6987415,0.03743687171294856,0.9183298000000001,0.1055945252735707
byte,25,30.3,15.545371090098966,0.6787951,0.0292042685777139,0.9183956999999999,0.10551953361869633
byte,26,30.9,16.933303699694793,0.6791661,0.048715445603982825,0.9210359,0.10260707976528621
byte,27,27.2,14.025374409348869,0.6543038,0.023627265592902076,0.9210374,0.1026054420897992
byte,28,26.1,12.615231090156986,0.64678,0.019684719948062153,0.9794677,0.06907866385319758
byte,29,28.2,13.224109769577488,0.6497537,0.027861881572159887,0.9794681000000001,0.0690797697981622
byte,30,27.8,11.19355148801875,0.6387395,0.02683810897415795,0.9794710999999999,0.0690787644476583
byte,31,27.9,10.84604168446836,0.6293164,0.030312152355289845,0.9794682,0.06907878953472307
byte,32,26.2,10.625451700713704,0.6223604,0.0258526870242213,0.9794672,0.0690785381957253
byte,33,24.2,9.447045660376286,0.5984526,0.027665972758105766,0.9794692000000002,0.06907904091643108
byte,34,23.2,8.489705684607378,0.5953204999999999,0.01773876176521765,0.9794695000000001,0.06908012175430074
byte,35,23.6,9.580917352934906,0.6071759,0.03996559533205383,0.9794693000000001,0.06908082555106937
byte,36,20.4,6.6185012691655025,0.5716616999999999,0.01930336141528862,0.9794672,0.06907954360220048
byte,37,20.8,6.00218122065325,0.5738006999999999,0.020720160424828483,0.9794712999999999,0.06908057419478668
byte,38,21.8,6.261813748725758,0.5710877,0.025267513336440266,0.9794689,0.06907821146785983
byte,39,22.2,6.151884541824927,0.5874539000000001,0.018739137171647133,0.9794682,0.06907979492437061
byte,40,21.9,6.2130439214816,0.5760474,0.01706689772319729,0.9794693000000001,0.06908007151404745
byte,41,18.3,5.300403674278379,0.5447021000000001,0.024277031104116886,0.9862277,0.05378421928417935
byte,42,17.6,4.795204055220366,0.5544228999999999,0.026521675116788053,0.9862339999999999,0.05378479762194163
byte,43,19.6,7.458641640233696,0.5692253,0.03476776776144566,0.9862306000000001,0.053782183385023045
byte,44,18.9,7.020790612976107,0.5627437,0.030484879591764324,0.9862309,0.053783264228801
byte,45,16.5,5.128110655987404,0.5470633,0.019015890554238007,1.0100053,2.9982473215788127e-06
byte,46,18.5,4.438672871750859,0.5528752,0.022490704220099765,1.0100054,3.341736953119032e-06
byte,47,17.9,3.429902420933541,0.5484904,0.014672610713520603,1.010008,4.184820916120442e-06
byte,48,19.9,4.190930642496751,0.5557817,0.018982488527249555,1.0100061999999999,4.407176569065981e-06
byte,49,19.8,3.597391037104751,0.5573319,0.013546284393043255,1.0100069,4.190930642509565e-06
byte,50,19.8,3.9729330840153083,0.5573148,0.028144283440961468,1.0100078,3.283376503184393e-06
byte,51,20.5,3.376437444267165,0.5516705,0.019000292685283443,1.0100054,3.0943722876619676e-06
byte,52,20.5,3.325533462935348,0.5691619,0.021276830392716235,1.0100087,4.033299275145197e-06
byte,53,22.1,3.9964776542768283,0.5749713,0.024609008748294522,1.0100062,3.1417844064153783e-06
byte,54,20.4,3.681752962563553,0.5609803999999999,0.02643749896702702,1.0100106,4.30800892592883e-06
byte,55,20.9,2.442245193266499,0.5677348999999999,0.022092488605320728,1.0100071,3.362938389937864e-06
byte,56,19.4,2.8653990728777257,0.5530006999999999,0.021898470482801285,1.0100083,4.358527166192135e-06
byte,57,21.5,2.1394367894651816,0.5684034,0.01844019009428082,1.0100076,3.7125116671246944e-06
byte,58,19.1,3.479279755793199,0.5553209,0.025473895519670213,1.0100066,3.523934572442981e-06
byte,59,20.2,1.5005453051633122,0.5587729,0.011184653377573238,1.0100047,2.2883968143578804e-06
byte,60,19.8,3.01243692909577,0.5565084,0.016296175250933586,1.0100053,3.07316823554184e-06
byte,61,19.1,2.7489320823035115,0.5526559,0.020294324934121373,1.0100052,3.900718175799467e-06
byte,62,21.2,4.496580736000341,0.5624737,0.024578741927281034,1.0100068,3.6600680699430497e-06
byte,63,18.5,2.6819259480905004,0.5485291,0.011002989314949928,1.010004,3.1090376413256463e-06
byte,64,19.7,2.2883968143397984,0.5595011,0.026104357929666193,1.0100066,2.616463995377603e-06
byte,65,19.6,3.0759422709124635,0.5592897,0.023263132494955135,1.0100076,4.241502788231444e-06
byte,66,17.7,3.0359388996801377,0.5400024,0.023947757599651738,1.0100047,3.3730677453879823e-06
byte,67,18.3,2.5693166382653185,0.550323,0.02704102740034468,1.0100054,2.7848942249760886e-06
byte,68,19.5,3.5408360342633913,0.5647048,0.029887109989419822,1.0100096,6.1832295783148446e-06
byte,69,19.0,2.262157162798205,0.5527441,0.01311671454667477,1.0100072,4.315920794704719e-06
byte,70,19.2,3.1053777958606448,0.5560115,0.0190440497899404,1.01001,4.660507389088055e-06
byte,71,20.1,2.3952293382337264,0.5585898,0.016644226247262982,1.0100042999999999,2.361761415123764e-06
byte,72,20.0,2.023334876721938,0.5581858000000001,0.019028913805902145,1.0100065,4.282194397123651e-06
byte,73,19.7,3.521513455995795,0.5604014,0.026512675108233307,1.0100098000000002,5.276211837928559e-06
byte,74,19.2,3.533602449518919,0.5502438,0.023119806025089142,1.0100081,7.3220777690228825e-06
byte,75,20.3,3.339183734630646,0.5640445,0.01954511777538363,1.0100097,3.976509404003245e-06
byte,76,21.3,3.1822440207787364,0.5687354,0.018884348090163115,1.0100085,2.76542994733242e-06
byte,77,20.8,1.2973207813040304,0.5690862,0.01517474207530723,1.0100054,2.528044271085157e-06
byte,78,18.3,2.21260095316212,0.5441579,0.018664976412803586,1.0100038,2.4963575937080926e-06
byte,79,20.5,2.595737041467345,0.5661202000000001,0.017458609582007196,1.0100066,3.255550776824624e-06
byte,80,20.4,1.8531901736184346,0.5577031,0.01664807858028191,1.0100044000000001,3.1670200279248404e-06
byte,81,22.0,3.0350023150829064,0.5711132,0.014586816729609828,1.0100071,3.3965854347909082e-06
byte,82,21.9,2.9485280394810967,0.5685290999999999,0.027009380586969254,1.0100048000000001,2.9744475538471044e-06
byte,83,18.2,3.468640982957247,0.5416795999999999,0.023991235642161404,1.0100094,5.418694120127581e-06
byte,84,19.2,2.7354543027979377,0.5571051,0.019905483052948928,1.0100055,3.540836034260915e-06
byte,85,22.3,3.0916147891575463,0.5684196,0.01628109937744468,1.0100061,5.815988028087981e-06
byte,86,20.8,2.5415033418935153,0.5554688000000001,0.0198590899106607,1.0100068,3.5496570639812808e-06
byte,87,21.8,2.355734966345946,0.5665212000000001,0.013212980830225953,1.0100078,4.2092066118431305e-06
byte,88,22.3,3.53762293375203,0.5717985000000001,0.015586556729609414,1.0100026,1.9430570814127843e-06
byte,89,19.1,3.5918547609298574,0.5497903,0.02378827127359448,1.0100051,2.76953905801451e-06
byte,90,19.3,2.677682391717016,0.5581768,0.01918711075441782,1.0100061,3.189383107761966e-06
byte,91,19.8,3.159830415856352,0.5562665,0.019119838026400743,1.0100063000000001,3.505329944543236e-06
byte,92,19.2,2.231791260046642,0.5522446000000001,0.017154777133978706,1.0100058,2.473475739724082e-06
byte,93,21.0,3.647618822727778,0.5645803,0.02253933585679841,1.0100079000000002,4.217977910278642e-06
byte,94,20.7,1.5835100139587432,0.5564356,0.01576609845301865,1.0100063000000001,4.781548397805065e-06
byte,95,18.5,2.4608000293710206,0.5475938,0.02805774245127605,1.0100068,3.3178305054345968e-06
byte,96,20.4,2.616463995368955,0.5571604,0.01724850985729544,1.0100060000000002,3.647618822725369e-06
byte,97,19.7,3.146305612378473,0.5501370999999999,0.019485782107879376,1.0100072,3.4191100109033065e-06
byte,98,20.4,2.7019918285697235,0.5663916999999999,0.016942194716387148,1.0100067,3.2529299116936734e-06
byte,99,20.3,3.663949784945107,0.5536296,0.013610504189515206,1.0100039,2.890096987586917e-06
byte,100,21.0,3.6319972570569363,0.5647691,0.022520092152884356,1.0100066,2.8254333907759977e-06
byte,101,20.8,2.18024178180376,0.5586788,0.021499885216451044,1.0100059,3.224841485926534e-06
byte,102,19.3,2.7198200293786168,0.5447778,0.018248478141194895,1.0100054,3.458791532932818e-06
byte,103,19.0,4.116324950326671,0.5574841,0.03069365303050697,1.0100107,4.51235936803181e-06
byte,104,20.5,3.6044966117522685,0.5705045,0.023609895554366996,1.0100092999999999,3.830853303598403e-06
byte,105,19.5,2.2933608045857747,0.5635528,0.012109158688570704,1.0100065,2.414145559679119e-06
byte,106,20.8,3.1956167258087556,0.5606146,0.021085356405953663,1.0100062,2.8374822018876957e-06
byte,107,19.0,2.939837418857418,0.5488237,0.01505383947660625,1.0100066,3.847884338752989e-06
byte,108,19.4,2.341208199045017,0.5499083,0.014660046553040557,1.0100063000000001,2.9214056546028495e-06
byte,109,21.0,3.9181711406723507,0.5590641,0.029294728207432535,1.0100060000000002,2.431745881841718e-06
byte,110,20.6,4.1602922852557205,0.5571346,0.029632780162734688,1.0100077,4.089300557000633e-06
byte,111,18.8,4.127360693857635,0.5571793,0.026574120622759028,1.0100031,2.830459961875204e-06
byte,112,19.7,3.933378959403605,0.5671395,0.029333414336309375,1.0100048000000001,2.8772805298197224e-06
byte,113,19.9,2.4883728790780255,0.5504578999999999,0.01564519789823742,1.010005,4.357874838556001e-06
byte,114,21.6,1.9135704379232206,0.5735957,0.016204999585826822,1.0100062,3.5496570639812808e-06
byte,115,20.4,2.0842422663373124,0.561763,0.009114246374793245,1.0100055000000001,1.823809411397297e-06
byte,116,20.6,2.8653990728777257,0.5527611,0.027573140799739757,1.0100061999999999,3.7973107961078966e-06
byte,117,21.9,3.1535260593094563,0.5745368,0.023073916580427664,1.0100064,4.842402083048625e-06
byte,118,21.0,2.4550167075582596,0.566465,0.021735775151034854,1.010007,3.0350023150786616e-06
byte,119,22.2,4.315920794718687,0.5675878,0.029240836822793635,1.0100039,2.273439812181746e-06
byte,120,20.7,2.901877323052948,0.5629716,0.01658955746619977,1.0100054,1.47763487119921e-06
byte,121,20.6,2.616463995368955,0.5585861000000001,0.024596458725831938,1.0100069,5.854963086598528e-06
byte,122,18.8,1.6451480831351153,0.5493975,0.01788034987074134,1.0100094,5.344736940482454e-06
byte,123,19.8,2.6723684702430424,0.5573251,0.01947009386264358,1.0100083,5.841351397111287e-06
byte,124,21.1,3.024680743847476,0.5604606000000001,0.023415936166983252,1.0100107,8.577988072390612e-06
byte,125,20.7,2.82241315109136,0.5618613,0.023964922829478263,1.0100061,3.7316071108107644e-06
byte,126,19.4,2.190648722954546,0.5476558,0.015422944822623654,1.0100098000000002,3.987219117469911e-06
byte,127,20.0,3.4719179236814326,0.5500887999999999,0.02692098048401544,1.0100064,1.8836222605283534e-06
byte,128,18.8,2.693561256292125,0.5513589000000001,0.02369610811827085,1.0100062,2.974447553831824e-06
byte,129,17.6,2.190648722954546,0.5450943,0.016447652534338626,1.0100054,2.9629557624446365e-06
byte,130,19.7,1.7538811155696892,0.5531033,0.016495729972513706,1.0100052,2.877280529821478e-06
byte,131,22.6,3.0943722876594846,0.5711339,0.018782708687845134,1.010004,3.1090376413256463e-06
byte,132,20.6,1.7907752003806006,0.5600737,0.016161052103909952,1.0100079000000002,4.136305555387837e-06
byte,133,20.4,2.0007270735510834,0.5535169,0.016332880837487896,1.010006,3.903632422102637e-06
byte,134,19.4,2.056780694225329,0.5476332,0.00868634494604404,1.0100077,3.918896660763971e-06
byte,135,21.3,3.6013403093853555,0.5673581999999999,0.032834475788001735,1.0100049,5.0633930023561675e-06
byte,136,20.9,3.3965854347900666,0.5584419,0.01599593291293007,1.0100056,3.038746921488498e-06
byte,137,20.4,2.825433390747478,0.5539286,0.013474675189020255,1.0100069,4.402658703636781e-06
byte,138,18.8,2.073301286481863,0.5486115,0.009957475641599253,1.0100062,3.351930378771838e-06
byte,139,21.7,2.940804311637666,0.563465,0.018540824392494184,1.0100061,4.038934344983941e-06
byte,140,20.6,2.8052370389865304,0.560804,0.023894559365480073,1.0100051,3.821937418812647e-06
byte,141,22.8,3.752121037537343,0.5717838,0.028757183253153358,1.0100059,3.924695993072516e-06
byte,142,22.5,3.4431389483500183,0.5702257000000001,0.022687991611308665,1.0100051,3.1715052589433455e-06
byte,143,20.1,2.197128029393053,0.5562305000000001,0.01977149918098046,1.0100067,3.9188966607439965e-06
byte,144,17.7,2.385714983495729,0.5435874,0.014370899951684097,1.0100088,4.236137191151556e-06
byte,145,18.2,1.8097257302385639,0.5475514,0.018968938865544686,1.0100063000000001,3.423264964453102e-06
byte,146,19.4,3.978653652973947,0.5477147,0.026120947031268556,1.0100036,1.8836222605283534e-06
byte,147,20.9,2.948528039481096,0.5686025,0.024387446060005074,1.0100083,5.490102104891578e-06
byte,148,20.2,2.0733012864818625,0.5529747,0.01137949265804807,1.0100101000000001,5.73724365333503e-06
byte,149,20.2,3.452209621098022,0.553536,0.025473274323971413,1.0100072,5.730798145746201e-06
byte,150,21.0,2.9204323393404223,0.5654266,0.02199208270173441,1.0100026,1.9430570814127843e-06
byte,151,22.8,2.9935025056163034,0.5723855,0.022193403796295696,1.0100048000000001,2.8772805298197233e-06
byte,152,21.6,2.1381075337982045,0.5579997,0.016024586037621084,1.0100065,4.970458016209848e-06
byte,153,22.0,3.8596876926769843,0.5667284,0.02246198831880346,1.0100039,2.273439812181746e-06
byte,154,21.5,3.5247412416926758,0.5651105000000001,0.029527631922650538,1.0100056,2.845486398887052e-06
byte,155,21.8,2.797117667285802,0.5666249999999999,0.015994048103980803,1.0100049,5.545746453402298e-06
byte,156,21.0,3.8890393526293776,0.5614825,0.02590884619671773,1.0100056,3.6351269407541016e-06
byte,157,20.1,3.1354437654174174,0.5663598000000001,0.02355571385961064,1.0100047,2.862421002737118e-06
byte,158,19.6,3.0943722876594846,0.5546255,0.021542636248598333,1.0100051,3.080560112090902e-06
byte,159,21.6,2.316794516271726,0.5763846,0.017786893586156784,1.0100073,3.035938899668671e-06
byte,160,21.6,2.6808656887297966,0.5669675,0.0231774275782633,1.010009,4.157557948902974e-06
byte,161,23.0,2.821405686075828,0.5744111000000001,0.02310544240144253,1.0100052,3.468640982959442e-06
byte,162,20.7,3.322112131306376,0.5586063,0.02491655817427005,1.0100079000000002,3.413284578884949e-06
byte,163,18.7,2.2883968143397984,0.542991,0.01817668908524263,1.0100068,2.797117667291308e-06
byte,164,18.6,1.8836222604983184,0.5492931999999999,0.020143945605719374,1.0100072,2.8772805298056816e-06
byte,165,17.4,2.0567806942253286,0.5475648,0.02178151889152691,1.0100097,5.602868027102486e-06
byte,166,19.3,2.7818299721866024,0.5562278,0.025389427034360347,1.0100086000000001,3.0387469214444573e-06
byte,167,20.8,2.7145885953578457,0.562052,0.01769243870666492,1.0100076,4.214606494253128e-06
byte,168,20.6,3.7732769420278083,0.5608955,0.024148440676467334,1.0100055000000001,3.620236846507456e-06
byte,169,22.1,4.298098609316589,0.5706927,0.03133543885060071,1.0100058,2.073301286511035e-06
byte,170,20.8,4.236137191167437,0.567833,0.02725340633247042,1.0100065,2.0021475402540764e-06
byte,171,20.7,3.7102136095575293,0.5552701,0.020175470319355838,1.0100055000000001,4.47693800096955e-06
byte,172,19.6,3.0759422709124635,0.5553109,0.012042462865211653,1.0100078,3.7063803472283132e-06
byte,173,21.8,3.5174745586282827,0.5749264000000001,0.028675785450511297,1.0100061999999999,4.546879624309068e-06
byte,174,21.1,2.091051308540542,0.5675239999999999,0.01414420164968135,1.0100055,4.036117793486291e-06
byte,175,18.8,2.607756936296503,0.5444492999999999,0.015207984782381768,1.0100078,4.1135613884400395e-06
byte,176,18.5,2.366571524792126,0.5465392,0.01674415910234022,1.0100075,3.7740303166807617e-06
byte,177,18.1,2.556004027242069,0.5470486,0.019144691023119834,1.0100087,2.842487466309018e-06
byte,178,19.4,3.019977458862815,0.5555813000000001,0.014951720841723437,1.0100111,4.726531252121075e-06
byte,179,20.7,2.313110239597199,0.5615694,0.020978256770033028,1.0100083,5.490102104884679e-06
byte,180,20.9,2.4654169190386828,0.5560775,0.018745401194717293,1.0100036,2.8851743184134873e-06
byte,181,19.6,2.743756155884721,0.5519708999999999,0.026980721087405457,1.0100052,2.541503341911954e-06
byte,182,19.5,3.8338206574990776,0.5490647,0.02664385811939699,1.0100061999999999,3.6131622264297654e-06
byte,183,20.1,3.0620469629807228,0.5548727,0.02430362051249341,1.0100054,3.184923053692595e-06
byte,184,20.1,2.621891223758966,0.5522905,0.012167647794220974,1.0100084,4.650736922614687e-06
byte,185,18.8,3.159830415856352,0.5442828000000001,0.021930888610907327,1.0100065,3.993631159874406e-06
byte,186,18.8,2.10054688716444,0.5455072,0.017403035899537223,1.0100082000000001,6.021097691202662e-06
byte,187,20.6,4.1739370981612955,0.5580801,0.022783468125570763,1.0100079000000002,3.851576772535127e-06
byte,188,21.6,2.638105918971212,0.5588509,0.01981850881167181,1.0100054,2.7848942249760886e-06
byte,189,20.2,2.3314734034545763,0.557467,0.01621974255679478,1.01001,5.889337415867004e-06
byte,190,19.7,2.8624210027092793,0.5630565,0.01551716694262862,1.0100060000000002,3.1090376413337673e-06
byte,191,20.7,2.432914709514858,0.5577188,0.012403155539608919,1.0100031,2.9291805337208003e-06
byte,192,21.7,3.054610286638857,0.5699805,0.021760343855465266,1.0100048000000001,3.9729330840113365e-06
byte,193,22.3,1.4326995364388628,0.5657383,0.009176721562367856,1.0100076000000002,4.399428816396057e-06
byte,194,21.8,2.017706674229335,0.5683653,0.012244590621079413,1.0100053,4.332357447976583e-06
byte,195,20.1,2.197128029393053,0.5558174,0.016758853529146342,1.0100061,4.41555462670485e-06
byte,196,20.1,1.9503590878873451,0.5617829999999999,0.023878268103474654,1.0100065,3.0020377748173083e-06
byte,197,20.7,1.7860061501016309,0.5664639,0.014547552624258431,1.010008,5.047083924943536e-06
byte,198,20.1,1.7668012247594596,0.5560697,0.012321076443901307,1.0100058,2.7354543028064435e-06
byte,199,19.4,3.238038273372624,0.5603497,0.02533410807205,1.0100042999999999,4.461671330759762e-06
byte,200,21.9,2.83045996186362,0.5681898999999999,0.014477513967476706,1.0100093,5.458943498513393e-06
byte,201,21.1,3.1535260593094554,0.5635001,0.02254221814158947,1.0100084,4.450825756309311e-06
byte,202,21.3,4.158241701568216,0.5664284,0.030615673530096473,1.010005,2.6552924585406825e-06
byte,203,22.0,4.060696380436044,0.5736399,0.022455702819096594,1.0100065,3.5728081144676858e-06
byte,204,20.3,2.2883968143397984,0.5642138,0.01659806639668826,1.0100061,3.189383107761966e-06
byte,205,19.8,2.9935025056163034,0.5559864,0.023246375093316264,1.0100068,2.7971176672913083e-06
byte,206,18.9,3.4132845788883315,0.5486065,0.01655316665091953,1.0100076,3.3755953348965485e-06
byte,207,17.5,2.886159523922724,0.5442566,0.03197017881115251,1.0100087,4.103181454200588e-06
byte,208,17.9,3.1535260593094554,0.5480338,0.027490894273346934,1.0100088,4.896117373651289e-06
byte,209,19.5,2.595737041467345,0.549624,0.016601594329077027,1.010004,2.4317458818313343e-06
byte,210,18.7,1.9386626760334578,0.5477232,0.017201850520432733,1.0100037,3.0171519686643207e-06
byte,211,18.7,1.996459609594682,0.5487795,0.01243786852482877,1.0100077,5.458943498531432e-06
byte,212,19.4,2.316794516271726,0.5540904,0.01095418052450522,1.0100072,4.249538481195372e-06
byte,213,20.0,1.9076184159217722,0.556044,0.011502962591688894,1.0100076,3.6351269407513233e-06
byte,214,18.9,3.607650152698201,0.5518436,0.01939235576834181,1.0100058,4.521800119067368e-06
byte,215,20.4,3.37559533490271,0.5667656,0.02136457948292139,1.0100085,3.540836034255567e-06
byte,216,19.0,4.088605275076591,0.5509806,0.031052670881209585,1.0100044000000001,4.795204055230296e-06
byte,217,18.8,2.28217664297011,0.5557365,0.02155988970002837,1.010007,4.1438592034397e-06
byte,218,18.6,4.146602572963726,0.5427442,0.028570909351418015,1.0100061,2.4422451932754674e-06
byte,219,19.2,2.629470524545083,0.5583066,0.023577719856593685,1.0100049,1.8608448537943454e-06
byte,220,19.8,2.8969746715991023,0.556738,0.0229550174078582,1.0100072,3.856740240771801e-06
byte,221,19.8,1.960536207758444,0.5613556,0.010367334256492963,1.0100077,3.217781069162473e-06
byte,222,21.7,4.11701555094395,0.5633264,0.03129736774600034,1.010008,4.461034085661588e-06
byte,223,20.8,3.01243692909577,0.55752,0.028855094879897066,1.0100048000000001,3.266013205869973e-06
byte,224,20.1,2.66491117873036,0.5537738,0.017616462868227985,1.0100076000000002,3.891962343920851e-06
byte,225,19.6,2.2671786055203054,0.5603842,0.016511790757091027,1.010009,3.889039352608107e-06
byte,226,20.6,2.885174318390035,0.5606566,0.02554270203557067,1.0100049,2.76953905801451e-06
byte,227,18.2,2.257124548860663,0.5469804,0.01440607310909551,1.0100068,3.4686409829521624e-06
byte,228,17.7,2.5020453604442072,0.5533944,0.017567902134359707,1.0100066,2.9437030844639907e-06
byte,229,21.3,2.2634135678730183,0.5674533,0.020466512410349025,1.0100077,4.648902674122829e-06
byte,230,20.8,3.3006484608576394,0.5618518,0.026824697809196746,1.010006,3.903632422102637e-06
byte,231,22.1,1.860844853758137,0.5702908,0.015488197978119511,1.0100061999999999,3.7973107961078966e-06
byte,232,19.5,2.1126927782969798,0.5464072,0.016986988203734083,1.0100033,2.5693166382903075e-06
byte,233,19.5,2.030348190218022,0.5498618000000001,0.020486046033570376,1.0100088,3.1956167257821226e-06
byte,234,21.4,4.1602922852557205,0.5681015,0.02481418127280477,1.0100072,4.182102617095078e-06
byte,235,20.4,2.0567806942253286,0.5635494999999999,0.015933251131713358,1.0100046,3.1849230536894237e-06
byte,236,19.6,3.6971643022719958,0.5488719,0.020467200450411283,1.0100073,4.075372381106274e-06
byte,237,19.4,4.601573417953896,0.5568502,0.02935768991495779,1.0100093,3.585517120757777e-06
byte,238,19.9,2.909704383319462,0.5640961,0.016158612064988885,1.0100034,2.3653699144266113e-06
byte,239,18.8,3.213360430906802,0.5474922,0.01889248195556653,1.0100065,3.892692748785026e-06
byte,240,20.1,3.4955838739359777,0.5544348,0.027000986146421976,1.0100047,3.073168235539375e-06
byte,241,18.7,3.287702999310499,0.5461125,0.024397556889518373,1.0100088,6.021097691172047e-06
byte,242,17.7,1.7538811155696892,0.5457017000000001,0.013964759942002445,1.0100086000000001,5.344736940499461e-06
byte,243,17.0,1.9950350931025014,0.5377802,0.021129697290002747,1.0100077,3.86042420403282e-06
byte,244,17.6,1.5156265414366452,0.5423245999999999,0.017560872980318408,1.0100048000000001,3.6131622264374535e-06
byte,245,20.0,2.760284956933686,0.5620049,0.017782119679860115,1.0100077,3.2177810691624734e-06
byte,246,21.1,3.511812298567526,0.5608518,0.02014572549337132,1.0100054,3.184923053692595e-06
byte,247,21.3,2.1867519240382647,0.5710042,0.012473956609889831,1.0100082000000001,2.4963575936868507e-06
byte,248,17.7,2.656362925178426,0.5411256,0.022543391752589074,1.0100061,3.462898874994798e-06
byte,249,18.7,2.940804311637666,0.550571,0.017757556793829284,1.0100072,2.257124548860682e-06
byte,250,18.8,2.1274435893402885,0.5569272,0.01813743742382635,1.0100080999999999,4.136305555382038e-06
byte,251,20.1,2.2482903680001707,0.5642613,0.025285045725381018,1.0100072,2.735454302799982e-06
byte,252,21.2,1.9016477646068206,0.5585408000000001,0.010394433096910963,1.0100045,1.823809411397297e-06
byte,253,19.6,3.290296166270231,0.5511227,0.018598970399411212,1.0100036,3.0199774588618637e-06
byte,254,19.8,2.355734966345946,0.5606014,0.02090075369932524,1.0100072,3.6444998663582735e-06
byte,255,21.5,2.7447921219989952,0.5738998000000001,0.022015051029095747,1.0100079000000002,5.737243653354393e-06
byte,256,21.0,3.1991733398486626,0.5744272,0.016887471968033762,1.0100076,3.3755953348965485e-06
byte,257,20.7,2.5913523473884967,0.5535542,0.016641111502287545,1.0100029,2.2734398121512023e-06
byte,258,20.5,2.6391833565979055,0.5601666,0.02645225291229449,1.0100048000000001,3.1956167258176802e-06
byte,259,21.9,2.8900969875870293,0.5694731,0.016922720808265096,1.0100087,3.3221121312808626e-06
byte,260,19.8,2.8969746715991027,0.5554840999999999,0.02165365931872135,1.0100061,2.890096987596527e-06
byte,261,18.5,2.366571524792126,0.5463937,0.01236289429257897,1.0100062,3.8714550605049775e-06
byte,262,19.8,2.5858610245242595,0.5626303,0.016297607287605848,1.0100094,2.0567806941862583e-06
byte,263,19.5,2.390476894388607,0.5555436,0.020362255905505403,1.0100048000000001,3.468640982957987e-06
byte,264,21.4,3.1490152201254293,0.5555513999999999,0.021027971352250627,1.0100064,3.507762231140187e-06
byte,265,20.8,1.8097257302385639,0.5616824,0.012964337975510894,1.0100059,3.639035260286628e-06
byte,266,20.4,2.5946415626080612,0.5552133,0.018111051185477123,1.0100067,4.144545216060316e-06
byte,267,21.8,3.1777739469036814,0.5732934000000001,0.017054691136826505,1.0100065,4.064195473200597e-06
byte,268,20.2,1.7457574910020464,0.552717,0.018912578903301402,1.0100065,3.572808114495955e-06
byte,269,18.9,2.686162800570901,0.5521347,0.020388625863769314,1.0100072,2.2571245488606825e-06
byte,270,18.3,3.0359388996801377,0.5509653,0.01633875641319635,1.0100089,4.592296666196071e-06
byte,271,18.8,4.249538481181317,0.5600342,0.031195062035782758,1.010007,3.0350023150786616e-06
byte,272,20.0,2.718774547875689,0.555173,0.016790031697859226,1.0100066,4.241502788258829e-06
byte,273,19.5,2.6819259480905004,0.5570596,0.017515322393874072,1.0100065,3.892692748785026e-06
byte,274,21.6,3.075942270912463,0.5763098,0.017824321506907156,1.010005,2.1592774316297633e-06
byte,275,20.9,4.052987742854586,0.5691685,0.027902063557399978,1.0100065,3.308391423703244e-06
byte,276,20.4,2.805237038986531,0.5647295999999999,0.024423916388887492,1.0100061,4.678164348839622e-06
byte,277,20.4,1.8836222604983184,0.5519402,0.013482095068387172,1.0100055000000001,3.9650538255942335e-06
byte,278,18.7,3.322112131306376,0.5501691,0.023826822775528562,1.0100078,3.36885088194159e-06
byte,279,19.6,4.514249097721326,0.5465062,0.029753165097805994,1.0100094,5.684974932628251e-06
byte,280,22.8,2.4734757397050195,0.5706019,0.016449831751972788,1.010005,2.5459738877452603e-06
byte,281,22.9,2.9677494166885294,0.5639519,0.016484459565052137,1.0100049,2.418851500925655e-06
byte,282,20.3,2.7198200293786168,0.5561428,0.007634171876562929,1.0100051,2.418851500925655e-06
byte,283,19.3,2.7406459079673113,0.5522519,0.029797955678331305,1.0100044000000001,3.877325352090493e-06
byte,284,20.7,3.217781069165483,0.5640073,0.016393441095038777,1.0100042999999999,1.7860061501377902e-06
byte,285,21.6,3.112693183608668,0.5742672,0.02225514281036681,1.0100097,4.8990198087784155e-06
byte,286,21.3,3.017151968652254,0.563291,0.018724799852583147,1.0100061999999999,3.266013205861468e-06
byte,287,19.5,2.4608000293710206,0.5523627,0.015630612251982,1.0100058,4.222693370548315e-06
byte,288,19.0,2.311880842625105,0.5591687000000001,0.026291207962066503,1.0100068,2.797117667291308e-06
byte,289,20.7,2.6132022480023895,0.5564311,0.01669772931316621,1.0100093,4.2260583351224575e-06
byte,290,19.7,2.8624210027092793,0.5516333999999999,0.02390780872888041,1.0100087,3.6948566992290167e-06
byte,291,20.4,2.7019918285697235,0.5619856999999999,0.01205173361904204,1.0100069,4.122536191117223e-06
byte,292,21.3,3.801052358550082,0.5684859,0.025495511927958254,1.0100075,4.295451996636978e-06
byte,293,20.6,4.04947896569019,0.5635047,0.02508153140081658,1.0100068,3.549657063991951e-06
byte,294,20.2,2.955269742313439,0.5508943000000001,0.01845373322456787,1.01001,4.088605275070645e-06
byte,295,20.5,2.4375844157492357,0.5617877,0.023058717313165628,1.0100108,5.1120080544814714e-06
byte,296,21.2,2.6510062693438257,0.5626766,0.018379198610488076,1.0100062,4.001454147098596e-06
byte,297,19.6,2.9629557624259073,0.553915,0.024656857263881147,1.010005,1.5081047752421698e-06
byte,298,19.1,2.9291805336915253,0.5537156999999999,0.020286853276344732,1.0100029,1.8300340349818732e-06
byte,299,20.1,2.81029973402556,0.5602164000000001,0.018904906360302592,1.0100072,3.4191100109033065e-06
byte,300,21.6,2.572634027172215,0.5692852,0.013677650389117686,1.010007,3.889039352634079e-06
byte,301,21.4,4.1739370981612955,0.5734219,0.029793919965925435,1.0100038,4.099715636003567e-06
byte,302,21.6,4.187537450585488,0.5602823,0.0221472545996871,1.0100064,2.9243236566490898e-06
byte,303,18.4,2.389287306410294,0.5433276,0.012141075460408613,1.0100063000000001,3.4232649644531024e-06
byte,304,23.5,5.226948431531673,0.5808175999999999,0.03435734630829566,1.0100056,4.539370321717538e-06
byte,305,21.9,4.6046615153539925,0.5672807,0.02301050584207787,1.0100037,2.6988334501618895e-06
byte,306,19.3,2.5913523473884963,0.5542962,0.015839404015361953,1.0100055000000001,2.639183356608019e-06
byte,307,21.6,1.9430570813906982,0.5667435000000001,0.019935502704288528,1.0100076000000002,3.818216322219214e-06
byte,308,20.8,2.2061670897218337,0.5574778,0.014008066042528414,1.0100068,3.7369363494192527e-06
byte,309,18.6,2.5280442710653985,0.5587416000000001,0.024558726637075555,1.010009,4.696965629604431e-06
byte,310,18.8,1.6102152697059713,0.5540482,0.01209587434480032,1.0100091,6.222188824767828e-06
byte,311,19.4,3.001090610326625,0.5553198,0.020577260149532525,1.0100051,2.76953905801451e-06
byte,312,20.2,2.5415033418935153,0.5610199,0.01995101778159284,1.0100063000000001,3.146305612378459e-06
byte,313,20.9,2.7695390579961843,0.5592889999999999,0.01561181736054459,1.0100055,4.036117793486291e-06
byte,314,20.3,2.921405654594688,0.5534015,0.01968756325572373,1.010007,3.520706047206138e-06
byte,315,18.7,3.845667176756948,0.550089,0.02687701913414271,1.0100075,2.703043801293739e-06
byte,316,20.1,4.217977910268849,0.5667156999999999,0.03888873689482666,1.0100061,2.8900969875965266e-06
byte,317,19.8,2.519031606829703,0.5548639,0.01974222353982157,1.0100064,3.83307903437631e-06
byte,318,19.2,3.01243692909577,0.5527917,0.02110641107220853,1.0100056,2.943703084478573e-06
byte,319,21.5,2.7447921219989952,0.5635806,0.017748323245468812,1.010007,4.2388208386997834e-06
byte,320,20.7,1.8485821511359979,0.559024,0.015580283415416653,1.0100065,2.785914893589093e-06
byte,321,22.2,2.817372223418702,0.5647327,0.020417829803783306,1.0100062,3.351930378771838e-06
byte,322,22.3,3.1643258376995793,0.5660156,0.021707514512659922,1.0100053,3.9478081309628285e-06
byte,323,22.5,2.8062503086742567,0.5631141000000001,0.025890732364868847,1.0100046,3.1849230536894237e-06
byte,324,21.9,2.870355656884831,0.564626,0.024654688368512954,1.0100063000000001,3.2177810691707125e-06
byte,325,20.3,2.7198200293786168,0.550783,0.01823428456355252,1.0100067,3.6013403093888255e-06
byte,326,18.7,2.5693166382653185,0.5489822,0.015664119414039508,1.0100069,4.995561499236061e-06
byte,327,21.0,3.2520558206071835,0.5715445,0.02352614228934022,1.0100051,4.690302834108293e-06
byte,328,18.6,2.4826537888253455,0.5483922,0.0226206942177269,1.0100076,4.049478965701878e-06
byte,329,20.1,2.9677494166885303,0.553801,0.029595583291037963,1.0100087,4.1990631158290965e-06
byte,330,19.7,1.7211565782644838,0.5596077,0.018763469289314376,1.0100078,3.736936349445605e-06
byte,331,18.9,2.322921991972386,0.5475502,0.013675113609923142,1.0100046,3.1849230536894237e-06
byte,332,20.7,3.128181581340093,0.5714565,0.022856680635031115,1.0100085,3.540836034255567e-06
byte,333,19.7,2.5470902981673276,0.554196,0.02178732215024747,1.0100080999999999,4.641558431490638e-06
byte,334,18.6,2.722954065405149,0.5423321,0.02271466408358146,1.010008,5.202415030954009e-06
byte,335,20.2,1.8408764812817766,0.5605115,0.014410038850659411,1.0100073,4.757706073224091e-06
byte,336,20.7,2.998247321568603,0.5685013999999999,0.024391305156319966,1.0100055000000001,5.061146598968362e-06
byte,337,21.5,2.551551055171717,0.5653506,0.019255226511155233,1.0100065,3.37643744426984e-06
byte,338,19.9,4.363742276836883,0.5563610999999999,0.03136799920315804,1.0100086,7.1710342415373844e-06
byte,339,20.2,3.068539270357571,0.5585626,0.019295881646311384,1.0100076,3.818216322200035e-06
byte,340,20.2,2.231791260046642,0.5615659,0.021592068074421433,1.0100058,2.473475739724082e-06
byte,341,21.3,2.0801461426278602,0.5627739,0.016174892820771718,1.0100089,5.006930566027426e-06
byte,342,20.6,2.8052370389865304,0.5556494,0.024453217716644292,1.0100057,2.960075843632871e-06
byte,343,20.0,3.372224794536563,0.5524625000000001,0.014173121592092447,1.010007,3.600550801462037e-06
byte,344,19.7,3.4727366757087754,0.5526101,0.016268806039132406,1.0100071,3.654626742417556e-06
byte,345,17.6,1.8836222604983184,0.543391,0.02009658503372427,1.0100076,3.773276942022548e-06
byte,346,18.4,3.727795847319447,0.5507291000000001,0.026119777782370436,1.0100085,4.947526138365368e-06
byte,347,20.4,2.6808656887297966,0.5641589,0.01773506966351892,1.0100058,3.419110010914384e-06
byte,348,22.2,3.6444998663449293,0.5624892,0.026618271252140564,1.0100077,2.921405654587723e-06
byte,349,19.2,2.9359666635001953,0.5462675,0.016010048704324834,1.0100056,2.845486398887052e-06
byte,350,20.0,2.2871541333823777,0.5575896,0.015961129831257834,1.0100057,4.661117363254861e-06
byte,351,21.8,1.9313164477327347,0.5732398,0.01987566328080987,1.0100069,2.967749416689849e-06
byte,352,20.8,2.355734966345946,0.5597538999999999,0.022590207719325118,1.0100087,4.979601198041629e-06
byte,353,22.5,2.390476894388607,0.5719715,0.019472202740363622,1.0100042999999999,1.7860061501377902e-06
byte,354,21.3,2.82241315109136,0.5587515,0.01781259369673288,1.0100060000000002,2.4317458818313343e-06
byte,355,20.6,2.459644452867115,0.5536190000000001,0.01545016325466922,1.0100064,2.3167945162936612e-06
byte,356,20.1,3.3965854347900666,0.5649708,0.032321513733495184,1.010005,3.4719179236830872e-06
byte,357,20.1,2.850477608465269,0.5522016,0.019082918163815597,1.0100041000000002,2.6861628005868066e-06
byte,358,19.8,2.7354543027979377,0.55178,0.016121676264626704,1.0100058,3.856740240777039e-06
byte,359,20.6,3.666276841251439,0.5628256,0.02244064299873697,1.0100051,1.8608448537943454e-06
byte,360,19.8,2.9165358301477453,0.5524036000000001,0.020422899077891365,1.0100065,3.095290907926828e-06
byte,361,20.4,2.8254333907474773,0.5616916,0.025332674204001506,1.0100069,2.967749416689849e-06
byte,362,21.4,1.9721028934088125,0.5722363,0.02062603363151239,1.0100062,4.730739828804117e-06
byte,363,19.2,1.8408764812817766,0.5394142000000001,0.01094303557831143,1.0100052,3.2660132058715195e-06
byte,364,19.8,3.0870134846442507,0.5509544,0.02406169405063814,1.0100079000000002,5.941722288296481e-06
byte,365,20.9,2.578153522955246,0.5591126,0.020730840749090578,1.0100046,4.021298533089769e-06
byte,366,21.5,4.55250347262436,0.5649976,0.03672779636499228,1.0100086000000001,4.711469932697675e-06
byte,367,19.6,4.56435328594022,0.5428386,0.03455228674123062,1.0100063000000001,2.9214056546028495e-06
byte,368,18.3,3.553659384642428,0.5445799,0.026753335495255878,1.0100076,4.119086658077511e-06
byte,369,18.3,2.979222717529596,0.549184,0.01587423109202058,1.0100066,3.7125116671328564e-06
byte,370,21.7,2.7818299721866024,0.5672290999999999,0.02488598448755731,1.0100059,3.5759896005148344e-06
byte,371,22.8,3.2310066944477867,0.5768877,0.02358741252151398,1.010005,2.6552924585406825e-06
byte,372,20.1,2.7899938341177863,0.5600048,0.015506219775232245,1.0100068,3.6600680699175235e-06
byte,373,20.8,2.045692846905047,0.5596443,0.015501337281891197,1.0100044000000001,3.4423131565267252e-06
byte,374,20.5,2.1394367894651816,0.5509963,0.017396400383945094,1.0100061999999999,3.2660132058614686e-06
byte,375,20.0,2.2113156780300454,0.5459242,0.014069624507347056,1.0100086000000001,3.7732769420325857e-06
byte,376,19.7,3.054610286638857,0.5539531,0.024077503381914982,1.0100077,4.1582417015582945e-06
byte,377,17.8,3.9442057868176255,0.5431398,0.02606079121257665,1.0100084,2.845486398862205e-06
byte,378,19.1,1.23673786985251,0.5548605,0.01369562166147458,1.0100064,2.9243236566490898e-06
byte,379,20.1,2.3952293382337264,0.5489346,0.01887989030878634,1.0100073,6.236792779284116e-06
byte,380,21.0,2.023334876721938,0.5611025,0.012506134551310616,1.0100093,5.213878317033941e-06
byte,381,19.5,5.0835659627328615,0.554671,0.02895106325763796,1.0100069,2.967749416689849e-06
byte,382,20.0,2.90089745561895,0.5590782,0.018799734070331687,1.0100061,3.2773098131473493e-06
byte,383,20.9,2.0078193576620635,0.5692280000000001,0.01887491409194585,1.0100058,3.856740240777039e-06
byte,384,21.0,2.262157162798205,0.5606574,0.01783908612047254,1.0100039,1.6674620133531019e-06
byte,385,21.1,3.880989775294834,0.5587176,0.03121723310819633,1.0100069,3.4628988749867776e-06
byte,386,21.2,4.249538481181317,0.5650687,0.023041379679267424,1.0100056,2.845486398887052e-06
byte,387,20.1,2.8900969875870293,0.5536326,0.019604749635950013,1.0100044000000001,2.505451822706031e-06
byte,388,19.3,2.3375624015581447,0.5526385,0.014155495293984136,1.0100062,2.7354543028092124e-06
byte,389,18.3,2.7198200293786168,0.544609,0.013894461380759159,1.0100053,2.4094304271493663e-06
byte,390,19.5,2.551551055171717,0.5554973000000001,0.020318582368711684,1.0100084,3.906544494428066e-06
byte,391,20.2,3.1777739469036814,0.5645575,0.024306561652877888,1.0100061,2.8900969875965266e-06
byte,392,19.6,2.3892873064102935,0.5553831,0.015825808725079212,1.0100076000000002,2.4129676403131734e-06
byte,393,18.1,1.141088321485055,0.545967,0.010071592470814012,1.0100055000000001,3.2738380856683885e-06
byte,394,17.2,2.3797491952543672,0.5452760999999999,0.018612758276015114,1.010008,3.8890393526373245e-06
byte,395,18.3,2.740645907967312,0.5420284,0.018508449831731805,1.0100087,6.2549997740321556e-06
byte,396,19.2,2.496357593686883,0.5568762,0.019574732469245786,1.0100091,4.479477387443025e-06
byte,397,19.6,3.184923053682671,0.5557106,0.02191579010530151,1.0100095,4.527455120377589e-06
byte,398,20.6,3.3587088091062713,0.5616026,0.024399206833150732,1.0100072,5.100873194707806e-06
byte,399,19.8,2.9935025056163034,0.5574616,0.021463444085176937,1.0100091,2.2228564006982984e-06
byte,400,19.1,3.5918547609298574,0.5484289999999999,0.031440235180035886,1.0100045,2.7447921220169766e-06
byte,401,21.0,5.55138263641088,0.5647879,0.02799927982911196,1.0100073,3.3221121312975847e-06
byte,402,20.8,2.231791260046642,0.5675492999999999,0.015328274094797825,1.0100061,3.654626742418592e-06
byte,403,20.9,4.641558431489226,0.5591603,0.030653639623800015,1.0100052,3.4686409829594426e-06
byte,404,20.2,2.776715369639729,0.5583819,0.0202164650486248,1.0100051,2.298314073452649e-06
byte,405,19.5,2.4837986603590245,0.5627659,0.017100504925540022,1.0100075,3.774030316680761e-06
byte,406,19.2,3.533602449518919,0.5584058,0.022892638624796128,1.0100068,3.6600680699175235e-06
byte,407,18.6,2.8454863988779953,0.5448025,0.025228563016595054,1.0100065,5.1281106559963796e-06
byte,408,19.6,2.962955762425908,0.5533294,0.019403414859978846,1.0100051,3.080560112090902e-06
byte,409,23.0,2.7396083739880646,0.581137,0.0190540612557144,1.0100073,4.384540689729615e-06
byte,410,21.6,2.8653990728777257,0.5693178999999999,0.02229856245274157,1.0100059,4.641558431502607e-06
byte,411,20.8,2.9935025056163034,0.555596,0.020441114320632732,1.0100049,2.8703556569121687e-06
byte,412,22.3,3.7710159149944458,0.573397,0.025529654262477736,1.0100064,4.160292285272779e-06
byte,413,22.1,3.1172565831907524,0.5702714999999999,0.02354723545945174,1.0100084,3.6971643022744974e-06
byte,414,20.4,2.459644452867115,0.5600711,0.01901714193280362,1.0100051,3.080560112090902e-06
byte,415,20.8,2.5858610245242595,0.5614653,0.014767031691543298,1.0100079000000002,3.4132845788738523e-06
byte,416,20.9,3.511812298567526,0.5728658999999999,0.023822477865532436,1.0100053,2.4094304271493663e-06
byte,417,23.2,3.9872191174692486,0.5682935,0.030514138571220116,1.0100075,3.113606398579331e-06
byte,418,19.7,2.052629770328954,0.5556732999999999,0.015284763080413447,1.0100054,3.3755953348995407e-06
byte,419,20.2,2.7145885953578457,0.5622201,0.025639826185475702,1.0100051,3.6390352602828114e-06
byte,420,20.6,2.90481494215144,0.5594531,0.021865661809428318,1.0100052,2.541503341911954e-06
byte,421,19.4,2.3412081990450173,0.553153,0.016466620660427252,1.0100036,3.3923978047497842e-06
byte,422,20.1,2.171094787634969,0.5650521000000001,0.015821616051239395,1.010004,3.1090376413256463e-06
byte,423,18.3,2.9214056545946874,0.5438221000000001,0.02378086234074419,1.0100079000000002,2.9097043833061556e-06
byte,424,20.7,3.423264964455165,0.5709833,0.022742860115586495,1.0100058,5.403983657160739e-06
byte,425,20.3,1.5835100139587435,0.564832,0.022651786785718893,1.010008,2.861427623881108e-06
byte,426,20.6,2.389287306410294,0.5549478999999999,0.015008965623394937,1.0100055000000001,2.268432229415079e-06
byte,427,20.4,3.3075319896293442,0.5600221000000001,0.026492723020216095,1.0100072,3.0499531558733516e-06
byte,428,19.9,3.4955838739359777,0.5543837,0.020631372889540037,1.0100044000000001,3.4423131565267252e-06
byte,429,22.4,3.9499679605061595,0.5717554,0.022026316556244003,1.0100067000000001,3.845667176748524e-06
byte,430,21.4,3.507762231139378,0.5673366,0.019854540531029294,1.010008,4.060696380437773e-06
byte,431,20.8,1.4621618283209237,0.5558733,0.014109716901469078,1.0100065,3.0952909079268285e-06
byte,432,19.3,3.235403222123733,0.5471723,0.022704625945478184,1.0100104,5.0154404535950775e-06
byte,433,22.5,3.950687641292036,0.5826247999999999,0.026190078749096173,1.0100059,3.821937418816281e-06
byte,434,21.0,2.780807804240212,0.5539059,0.013991462763237782,1.0100059,3.224841485926534e-06
byte,435,23.5,3.492329139641835,0.5775953,0.02111253122822208,1.0100076,3.1670200279184614e-06
byte,436,23.5,3.6202368465036177,0.5696761,0.01893904376885702,1.010007,7.097712116416059e-06
byte,437,21.7,2.5470902981673285,0.5564568999999999,0.015048165194777531,1.0100057,3.7860639233625853e-06
byte,438,18.0,2.4082502015140483,0.5341028,0.014110658982537206,1.0100065,3.6515137718582644e-06
byte,439,18.8,2.9935025056163034,0.5539392,0.025641480986160377,1.0100033,2.9018773230596024e-06
byte,440,22.1,3.4132845788883315,0.5705927,0.013794079767916396,1.0100065,2.3180213072109874e-06
byte,441,21.2,4.209206611832473,0.5595188,0.023019101428337393,1.0100044000000001,2.505451822706031e-06
byte,442,20.7,2.740645907967312,0.569205,0.020071790384272998,1.0100075,3.1136063985914957e-06
byte,443,19.5,1.5906752542355695,0.5574886,0.010263591856651781,1.0100073,5.213878317078496e-06
byte,444,20.5,2.0856058531801596,0.5588355,0.016335686435770658,1.0100052,4.195676500921164e-06
byte,445,21.1,2.4188515008955065,0.5665085000000001,0.017533050620526677,1.0100088,5.7208678001359825e-06
byte,446,20.6,2.4826537888253455,0.5639618,0.020372095419288527,1.0100049,2.4188515009256546e-06
byte,447,17.7,3.054610286638857,0.5446063,0.02049694653923382,1.0100096,5.852534749594245e-06
byte,448,19.6,2.6808656887297966,0.5611911,0.02276898462246122,1.0100098,6.615063979249273e-06
byte,449,19.3,4.144545216065577,0.5574201999999999,0.024934854294253676,1.0100059,3.7619582175641753e-06
byte,450,18.2,2.7145885953578457,0.5418033999999999,0.01949175328069212,1.0100057,3.4563247848184494e-06
byte,451,19.6,2.5054518226894156,0.5590347,0.02193335180802227,1.0100065,2.0021475402540764e-06
byte,452,18.3,3.663949784945107,0.5465536,0.020881866936432857,1.0100048000000001,2.9744475538471044e-06
byte,453,19.3,2.2634135678730187,0.5484298,0.015454632236012096,1.0100041000000002,3.4628988750079237e-06
byte,454,20.4,2.6808656887297966,0.554202,0.0211836272817854,1.0100061,2.8900969875965266e-06
byte,455,19.5,2.390476894388607,0.5575458,0.02398525151452638,1.0100072,3.5336024495162003e-06
byte,456,19.3,2.2381514646204788,0.5608192,0.01528124658297712,1.0100085,3.635908940736385e-06
byte,457,20.4,2.8653990728777257,0.5664497,0.01819866173538217,1.0100075,4.007843415326403e-06
byte,458,19.2,2.7354543027979377,0.5595711999999999,0.02127986943827196,1.0100055000000001,2.983037344859287e-06
byte,459,20.4,2.1645375549372,0.5658599,0.016252673666271342,1.0100047,2.9982473215762865e-06
byte,460,19.0,2.90089745561895,0.5483116,0.019762974094400185,1.0100087,4.3845406897111865e-06
byte,461,20.2,2.519031606829703,0.5608632,0.0197366332806786,1.0100054,3.964336752807944e-06
byte,462,20.7,2.940804311637666,0.5570533,0.02122345814848636,1.0100067,3.918896660743996e-06
byte,463,18.5,2.3180213072056053,0.5483551999999999,0.016589923386629686,1.0100068,4.141114016518487e-06
byte,464,21.9,2.442245193266499,0.5749565999999999,0.022564494868584833,1.0100042999999999,2.361761415123764e-06
byte,465,21.0,3.3890439751552406,0.5594959,0.02592971347648614,1.0100066,4.14660257295752e-06
byte,466,22.5,3.2911601012112772,0.5748157,0.02145027939459593,1.0100108,5.2329279907252885e-06
byte,467,22.2,3.2310066944477867,0.5667251,0.021333822213644764,1.0100048000000001,3.468640982957987e-06
byte,468,21.5,3.713277370285673,0.5625822,0.022804654250162915,1.0100099999999999,5.437549095752172e-06
byte,469,21.4,3.8330790343840047,0.5623042,0.02494672729858004,1.0100098000000002,3.987219117469911e-06
byte,470,20.2,3.6444998663449297,0.5612222,0.02412663280819312,1.0100084,4.650736922614687e-06
byte,471,20.4,4.63849489843058,0.5655608,0.02899077892858252,1.0100084,6.417867405542723e-06
byte,472,21.3,3.6794356941313935,0.5618445999999999,0.0284752349579159,1.0100047,2.9982473215762865e-06
byte,473,20.6,2.0842422663373124,0.5625121,0.013871064886089378,1.0100078,4.742743755294288e-06
byte,474,20.5,3.203613554809735,0.5648213999999999,0.023232066764488284,1.010006,4.225385556610884e-06
byte,475,18.9,3.0620469629807223,0.5526016,0.027546852441465493,1.0100073,2.6988334501296108e-06
byte,476,22.5,3.0396823522731484,0.5804712000000001,0.015205123644325087,1.0100089,4.066992579836434e-06
byte,477,20.0,1.6861123972682814,0.5530182,0.018475203413501496,1.0100077,3.6794356941251648e-06
byte,478,20.9,3.328951278290588,0.5646772,0.031227263025787638,1.0100061,3.731607110810764e-06
byte,479,20.2,2.916535830147745,0.5625036,0.02486767929318085,1.0100097,4.005004998917447e-06
byte,480,19.0,2.0787789744600365,0.542466,0.022636615857250072,1.0100065,3.540836034260915e-06
byte,481,20.0,3.6786629469435934,0.5557074,0.02274698601475245,1.010006,3.0162095504048086e-06
byte,482,20.2,2.9935025056163034,0.563195,0.018924387683862683,1.0100051,3.2946135755114283e-06
byte,483,19.5,2.866391075356078,0.5489922,0.015407763481949057,1.0100054,3.458791532932818e-06
byte,484,20.8,2.6935612562921247,0.5667369,0.022459711154753606,1.0100085,2.112692778290502e-06
byte,485,20.9,3.0620469629807223,0.5557863000000001,0.017969709247481955,1.0100089,3.544046221704924e-06
byte,486,23.7,4.55000484264875,0.5735916999999999,0.022511717284772935,1.0100072,3.856740240771801e-06
byte,487,24.0,4.060696380436044,0.5809937,0.020352650134037132,1.0100055,4.03611779348629e-06
byte,488,22.0,2.69777983562925,0.5661841,0.019153276928430142,1.0100057,2.960075843632871e-06
byte,489,20.7,2.160593663009355,0.5562808,0.01204842763988942,1.0100061,2.890096987596527e-06
byte,490,21.2,3.5174745586282827,0.5595383,0.023781674473937395,1.0100063000000001,3.4232649644531024e-06
byte,491,20.2,2.563778117837965,0.5587481999999999,0.022411632995692623,1.010005,3.975794397371167e-06
byte,492,20.7,2.740645907967312,0.5548756,0.018381115455321482,1.0100058,2.473475739724082e-06
byte,493,21.1,1.5618170712085,0.5646538999999999,0.012132806020398323,1.0100073,2.8021950315391563e-06
byte,494,20.7,2.8224131510913595,0.5590664000000001,0.02246112322826584,1.0100083,4.292803752236511e-06
byte,495,22.2,2.797117667285802,0.5657166,0.020876476904975544,1.0100087,4.00500499893447e-06
byte,496,22.8,2.5415033418935153,0.5792618,0.018175484351547228,1.0100059,2.9291805337057142e-06
byte,497,22.5,4.295451996621476,0.5650324,0.030727841086432544,1.0100054,2.1381075338301626e-06
byte,498,22.3,4.537491054258753,0.5663553,0.022321604758160113,1.0100059,2.5781535229649864e-06
byte,499,20.1,2.3472719445002177,0.5502298,0.016963431488398063,1.0100061,3.2773098131473493e-06
byte,500,21.7,2.4792160021005656,0.5653687,0.02114105525185779,1.0100048000000001,2.9744475538471044e-06
byte,501,21.0,2.4317458818185185,0.5589666,0.016653168338616624,1.0100096,4.1875374505919365e-06
byte,502,20.1,2.6649111787303594,0.5628392,0.01603327994353345,1.0100069,3.345987987710107e-06
byte,503,19.4,3.818216322209278,0.5526019,0.02732717809698366,1.0100059000000001,1.7343204915070201e-06
byte,504,20.5,2.217734604965999,0.5668725,0.015531004667947518,1.0100062,3.8714550605049775e-06
byte,505,18.7,3.0359388996801377,0.5567852,0.021798196898978984,1.010008,4.828291119321631e-06
byte,506,21.0,3.2520558206071835,0.5655254000000001,0.025056565578955945,1.0100046,2.1381075338301626e-06
byte,507,21.3,3.017151968652254,0.561842,0.016747142750861244,1.0100047,1.848582151173105e-06
byte,508,20.7,2.5020453604442072,0.5594967,0.015077800256890329,1.0100054,2.1381075338301626e-06
byte,509,20.0,3.338332227863102,0.5587523,0.021792980664676775,1.0100037,2.5913523474004055e-06
byte,510,18.7,2.4094304271185956,0.5573617000000001,0.012381132541198754,1.0100069,2.3713718776567273e-06
byte,511,18.5,2.785914893582625,0.5531543,0.020691333286069365,1.010005,2.9782682973026635e-06
byte,512,18.4,3.3587088091062713,0.5509407,0.021220000718843862,1.010003,2.676620451429971e-06
byte,513,19.4,3.184923053682671,0.559034,0.021781918490387124,1.0100082000000001,4.930833838075767e-06
byte,514,20.3,2.7613147219226644,0.5590997,0.023638868445016722,1.0100075,3.3255334629332162e-06
byte,515,18.6,2.72295406540515,0.5455933,0.013562008059184673,1.0100051,3.821937418812647e-06
byte,516,19.9,3.9964776542768283,0.5529065,0.01927478013739319,1.0100060000000002,3.4719179236830872e-06
byte,517,21.1,3.8663112439758622,0.5740664,0.03609451924213252,1.0100046,2.7848942249724625e-06
byte,518,21.9,3.259914202956429,0.5737346999999999,0.019523644548867562,1.0100072,3.2660132058576027e-06
byte,519,20.9,2.4654169190386828,0.5638327000000001,0.020621933105427613,1.0100044000000001,3.038746921488498e-06
byte,520,20.2,2.7354543027979377,0.5525975,0.020027146326097985,1.0100048000000001,4.621301583106841e-06
byte,521,20.5,3.492329139641835,0.5572065,0.019955764628402144,1.0100055000000001,2.639183356608019e-06
byte,522,20.0,2.939837418857418,0.5458968,0.01875290144345691,1.0100058,2.916535830165813e-06
byte,523,18.4,2.4826537888253455,0.5459061000000001,0.017608707410791857,1.01001,4.660507389117854e-06
byte,524,18.7,1.6190191366863125,0.5514245,0.011764139209851076,1.0100047,2.4094304271493663e-06
byte,525,19.3,2.8224131510913595,0.5512091,0.030730900414543023,1.0100053,4.212582349511665e-06
byte,526,20.9,2.4883728790780255,0.5609161,0.021103776780722838,1.0100057,2.9600758436328712e-06
byte,527,19.9,2.948528039481096,0.5461337,0.014425798895030841,1.0100057,3.679435694143008e-06
byte,528,18.9,2.8900969875870293,0.5464502999999999,0.024242892380347675,1.0100042,2.0733012865110344e-06
byte,529,20.1,2.091051308540542,0.5509401,0.013324521825631225,1.0100063000000001,3.5053299445446764e-06
byte,530,20.8,2.4503802223859914,0.5566162,0.02125828863934861,1.0100080999999999,4.217977910274751e-06
byte,531,19.6,3.906544494445004,0.5481409,0.026816656203983626,1.0100074,4.119086658090384e-06
byte,532,19.3,2.4329147095148587,0.5427211,0.017167849233656853,1.0100062,2.9744475538318243e-06
byte,533,21.1,2.4883728790780255,0.564589,0.016008363220438093,1.0100051,3.821937418812647e-06
byte,534,20.7,2.882216681202174,0.5587323,0.021402928375607182,1.0100049,4.821809793290483e-06
byte,535,20.7,2.5693166382653185,0.5573001,0.013053692251929327,1.0100047,3.287702999309226e-06
byte,536,22.3,3.90436064381625,0.5699394,0.025794621150313817,1.0100051,3.6390352602828114e-06
byte,537,21.0,4.370902894026638,0.5511448,0.02902982108210801,1.0100071,2.144745573774384e-06
byte,538,21.7,3.521513455995795,0.5725728,0.014544410201935074,1.0100073999999999,4.347424284327423e-06
byte,539,21.5,3.6202368465036177,0.5625076,0.021657080830897662,1.0100069,1.7986955185644398e-06
byte,540,19.5,2.3180213072056053,0.5524374,0.01441025856024874,1.0100073999999999,4.021298533086629e-06
byte,541,20.2,2.496357593686883,0.559843,0.01947435378966758,1.0100065,2.3180213072109874e-06
byte,542,22.0,3.9470879251538613,0.5678008,0.02583353103222936,1.0100065,2.3180213072109874e-06
byte,543,21.8,4.315920794718687,0.57218,0.02632790379246267,1.0100048000000001,3.068539270384915e-06
byte,544,20.2,2.817372223418702,0.5534564,0.021069081684925994,1.0100037,2.5913523474004055e-06
byte,545,21.2,2.629470524545083,0.5653535,0.019308894142033864,1.0100076,4.4889872928131616e-06
byte,546,20.5,3.203613554809735,0.5561155999999999,0.022618097090409916,1.0100066,3.788315969116692e-06
byte,547,19.4,1.8222499331724646,0.5424367999999999,0.010116087946837514,1.0100082000000001,3.871455060519326e-06
byte,548,18.6,2.722954065405149,0.5462104,0.018911286346840105,1.0100044000000001,3.1670200279248404e-06
byte,549,17.4,4.347424284313927,0.5513652,0.02582040017317786,1.0100083,4.487086924137051e-06
byte,550,20.0,3.83011110592166,0.5688771,0.01829907326488521,1.0100048000000001,3.972933084011336e-06
byte,551,20.7,2.2883968143397984,0.5624479,0.022673710583569793,1.0100091,4.080949355833494e-06
byte,552,19.0,2.523541962467993,0.5438556,0.01855729269961285,1.0100072,4.608981375671807e-06
byte,553,18.8,2.9744475538294863,0.54452,0.02266952976164551,1.0100051,2.76953905801451e-06
byte,554,18.2,3.7672445209966368,0.5460278,0.020294834445439634,1.0100088,3.468640982939787e-06
byte,555,19.2,2.857450655145069,0.557627,0.02423283758323021,1.0100076,4.360483563600878e-06
byte,556,19.8,1.6451480831351155,0.5558011,0.016491805961631707,1.010008,4.804680752319586e-06
byte,557,20.1,3.3965854347900666,0.5630964,0.02434459852421328,1.0100069,3.7163386052604995e-06
byte,558,19.5,2.4141455596659185,0.5559866,0.025310846831775487,1.0100044000000001,2.1113466853127265e-06
byte,559,19.4,3.392397804748996,0.5506808000000001,0.027404553928036753,1.0100047,2.4094304271493663e-06
byte,560,20.0,2.5459738877265967,0.5596815,0.019569659106595107,1.0100063000000001,3.4232649644531024e-06
byte,561,19.6,2.5946415626080612,0.5616104,0.013143870700294808,1.0100058,2.0733012865110344e-06
byte,562,20.8,2.3797491952543672,0.5590965999999999,0.01760763665801688,1.0100062,3.1417844064153783e-06
byte,563,20.9,2.707247604453604,0.5665776,0.0200946558746356,1.0100049,2.76953905801451e-06
byte,564,19.5,2.390476894388607,0.55288,0.013607375368960879,1.0100067,4.66111736326082e-06
byte,565,19.6,2.722954065405149,0.5574211,0.02025124510250496,1.0100037,3.585517120777848e-06
byte,566,19.7,3.505329944543106,0.5570678,0.023466013609698348,1.0100049,2.4188515009256546e-06
byte,567,19.6,4.077464640541354,0.5509815,0.02295872318425214,1.0100065,4.064195473175745e-06
byte,568,19.5,2.390476894388607,0.5570629,0.01947528727637966,1.0100051,2.76953905801451e-06
byte,569,18.8,2.541503341893516,0.5504502,0.01753259967881135,1.0100076000000002,4.281530439531792e-06
byte,570,16.5,2.2933608045857747,0.5293425,0.01158789108208075,1.0100083000000002,3.322112131310886e-06
byte,571,17.0,2.2113156780300454,0.5398816,0.01810521074202225,1.0100086000000001,5.614526425264052e-06
byte,572,17.4,2.4826537888253455,0.5453960999999999,0.02446700394961126,1.0100051,2.418851500925655e-06
byte,573,18.6,2.5946415626080612,0.5536759,0.022793472506367443,1.0100060000000002,4.060696380453318e-06
byte,574,21.2,3.929763388311918,0.567186,0.025697002404707594,1.0100063000000001,3.9333789593971466e-06
byte,575,20.9,3.639035260279996,0.5654488,0.02350957869212955,1.0100058,3.533602449544784e-06
byte,576,19.3,3.6483981452070746,0.5494789,0.020544582098756745,1.0100029,1.8300340349818732e-06
byte,577,20.1,3.4628988749923835,0.5687464,0.02275991663272296,1.0100054,2.7848942249760886e-06
byte,578,19.1,2.322921991972386,0.5476554,0.021024272398990275,1.0100055000000001,2.7447921220169766e-06
byte,579,19.2,2.693561256292125,0.5488858000000001,0.01941124359390154,1.0100068,2.6510062693610024e-06
byte,580,20.5,2.617550341272258,0.5548175000000001,0.021096187288882975,1.0100076,3.9499679604950875e-06
byte,581,18.9,3.259914202956429,0.5521399,0.02128861877292749,1.0100060000000002,2.697779835641308e-06
byte,582,20.5,4.2821943971088645,0.5608207000000001,0.028878161991076852,1.0100051,2.6649111787390055e-06
byte,583,20.6,4.04947896569019,0.562829,0.028655551620345752,1.0100075,3.3255334629332162e-06
byte,584,21.1,3.685611838963474,0.5621136,0.021232507741519795,1.0100041000000002,2.3229219920057573e-06
byte,585,22.1,3.8663112439758622,0.574948,0.024200494985582972,1.0100045,2.7447921220169766e-06
byte,586,21.9,3.117256583190752,0.5705387,0.014860890285136524,1.0100054,4.463582520118113e-06
byte,587,21.9,3.7316071108108813,0.5624278,0.025614479909073666,1.0100072,4.9423518024628524e-06
byte,588,20.0,2.4780690133729264,0.5553198,0.011667929960661481,1.0100029,2.2734398121512023e-06
byte,589,19.666666666666668,1.4380462344029872,0.5558393333333334,0.016104207949074884,1.0100043333333335,2.337812591420926e-06
byte,590,17.666666666666668,2.0337044880122632,0.5486087777777777,0.018568139192045727,1.0100073333333333,5.366932547659104e-06
byte,591,20.333333333333332,2.717651935745143,0.5593911111111111,0.022528874700336914,1.0100076666666666,5.040493451156988e-06
byte,592,21.666666666666668,4.831003752699377,0.5707233333333334,0.03562535784765801,1.0100051111111112,3.8133304169252566e-06
byte,593,20.88888888888889,2.809701056892524,0.5650571111111111,0.022898138086903306,1.0100063333333333,4.514902484112288e-06
byte,594,21.88888888888889,2.474240962108729,0.5793052222222221,0.018604048009041255,1.0100052222222222,3.1406881264326845e-06
byte,595,20.88888888888889,3.6551043407211874,0.5569882222222222,0.02281818428981217,1.010006777777778,2.8959964604248516e-06
byte,596,21.666666666666668,3.3943461798143906,0.5652635555555556,0.013677628711998988,1.0100064444444445,3.0532456322626206e-06
byte,597,21.666666666666668,2.744693914580733,0.5661725555555556,0.015741989152361906,1.010004888888889,4.32174071562313e-06
byte,598,20.0,2.6903381577381937,0.5497107777777779,0.01760985191680156,1.0100023333333334,1.0168522439977407e-06
byte,599,19.666666666666668,2.9270007124831414,0.5557487777777778,0.023638051201117255,1.010007222222222,5.98843441157299e-06
byte,600,20.0,2.606680164567678,0.5711284444444444,0.016946921972518136,1.0100104444444444,4.983185345018274e-06
byte,601,21.22222222222222,2.7116059840163507,0.5704593333333334,0.014233039391691852,1.0100096666666667,5.556252508954195e-06
byte,602,21.22222222222222,3.800396528608328,0.5656284444444445,0.02640313960693742,1.0100053333333332,4.1925892076816225e-06
byte,603,21.444444444444443,2.494061633660013,0.5667992222222222,0.01742641205801973,1.010008,4.800330402867117e-06
byte,604,20.77777777777778,2.484171066077332,0.5601801111111111,0.017375650322078485,1.0100056666666668,3.459006202807733e-06
byte,605,19.0,2.771472050303538,0.5487464444444444,0.019058548458687534,1.0100056666666668,3.0985999511176637e-06
byte,606,21.555555555555557,3.8068689656484493,0.5793717777777778,0.027648388377576716,1.0100084444444444,3.2636976972212422e-06
byte,607,19.444444444444443,2.434115476048842,0.5570406666666666,0.016800002005262056,1.010004888888889,2.0497814535542e-06
byte,608,23.77777777777778,5.41867054758398,0.5768477777777777,0.036128725061784966,1.0100064444444445,2.7476821505528226e-06
byte,609,21.555555555555557,2.720669873305533,0.5606246666666667,0.016177281758768362,1.0100075555555557,3.787418471825749e-06
byte,610,19.88888888888889,2.503913133368232,0.5524576666666667,0.020777200834741823,1.0100056666666668,3.4590062028077333e-06
byte,611,22.77777777777778,3.580247858041281,0.5682591111111112,0.029450629357641946,1.010004888888889,2.7025116957693432e-06
byte,612,21.444444444444443,3.3308948619615726,0.5573047777777778,0.020934744998212847,1.0100063333333333,2.139881274121503e-06
byte,613,21.11111111111111,4.200411209274311,0.5670695555555556,0.017371295913443892,1.0100028888888888,2.0855015339621538e-06
byte,614,21.333333333333332,3.4590062028062487,0.5698628888888888,0.02174981671709356,1.0100037777777777,3.323495604699752e-06
byte,615,21.666666666666668,3.3943461798143906,0.5720831111111111,0.020897368818216116,1.010004,2.578191001385677e-06
byte,616,21.77777777777778,3.4328102538399756,0.5765538888888888,0.02139496192807871,1.0100076666666666,4.012564997049194e-06
byte,617,23.555555555555557,2.4642708438030234,0.5819085555555555,0.020445245340423895,1.0100061111111112,3.225761138727608e-06
byte,618,20.555555555555557,2.8271708690882287,0.5581074444444444,0.013785165300048665,1.010006777777778,3.7416407967624686e-06
byte,619,17.77777777777778,2.8703802636264766,0.5416233333333333,0.016906366079970113,1.010005,3.238456036806091e-06
byte,620,18.0,1.385736025151769,0.5520051111111112,0.01704894954795976,1.0100056666666668,3.459006202807733e-06
byte,621,20.22222222222222,3.990005035514378,0.5654613333333333,0.018131457083360704,1.010005,4.2969850022615436e-06
byte,622,19.77777777777778,3.1406881264247573,0.562219,0.023522945436189144,1.0100053333333332,3.804712710052034e-06
byte,623,20.555555555555557,3.6280625068654233,0.561082,0.016135980816240507,1.0100073333333333,3.459006202793509e-06
byte,624,20.0,3.074672180272221,0.5549137777777777,0.013725246576005738,1.0100064444444445,5.477415322386046e-06
byte,625,20.11111111111111,3.1091754083083187,0.5562287777777778,0.028119980048257585,1.0100055555555556,3.7874184718382574e-06
byte,626,18.22222222222222,2.1321976540383725,0.5488781111111112,0.015365862697449672,1.0100063333333333,2.139881274121503e-06
byte,627,20.444444444444443,2.434115476048842,0.5665442222222222,0.019397553177059036,1.0100027777777778,1.5742585123344738e-06
byte,628,20.22222222222222,2.628624942802172,0.5621285555555555,0.021825621325291623,1.0100098888888889,5.427749588666586e-06
byte,629,20.88888888888889,2.474240962108729,0.5608945555555556,0.01865278687988881,1.0100063333333333,4.365195376277238e-06
byte,630,19.666666666666668,3.3725173605992538,0.5514032222222222,0.022974311518909395,1.010008888888889,2.809701056868258e-06
byte,631,19.11111111111111,1.8609247171197902,0.5536897777777778,0.013655246384212014,1.0100055555555556,3.7874184718382574e-06
byte,632,18.555555555555557,2.77443144468677,0.5525408888888889,0.02116987644712292,1.0100066666666667,3.5641670998195517e-06
byte,633,19.0,3.026249119683566,0.5502108888888889,0.017335697480835,1.0100064444444445,4.159181589960409e-06
byte,634,18.22222222222222,2.5718172190432487,0.5556105555555555,0.018537021248672653,1.010011888888889,6.1905754215587e-06
byte,635,20.77777777777778,2.7655437610545337,0.5585155555555555,0.021781644233512237,1.0100063333333333,4.482066393918166e-06
byte,636,22.444444444444443,3.2636976972156053,0.5786462222222223,0.022669667164630855,1.0100063333333333,2.9521256429593064e-06
byte,637,19.77777777777778,1.6204945246693414,0.5576618888888889,0.013560629382570197,1.010006,4.1572080754841195e-06
byte,638,19.88888888888889,2.809701056892524,0.5572908888888889,0.01489933668648564,1.0100057777777778,2.48417106609522e-06
byte,639,21.22222222222222,2.7116059840163502,0.5764582222222222,0.023439286217004158,1.010004888888889,3.7152288844935536e-06
byte,640,17.444444444444443,2.523500757553292,0.5386585555555556,0.02327101568356621,1.0100061111111112,4.776337169614112e-06
byte,641,20.666666666666668,2.771472050303538,0.5595937777777777,0.02167002706001026,1.0100066666666667,2.6627442164276934e-06
byte,642,20.444444444444443,2.8271708690882287,0.5643037777777777,0.017814441992732594,1.010006888888889,4.52216701414281e-06
byte,643,20.22222222222222,2.7116059840163502,0.5619643333333334,0.020787397469540652,1.010006,3.625799916998191e-06
byte,644,20.22222222222222,3.389507480020438,0.5627905555555556,0.026677134690333743,1.010006777777778,4.0451548927117365e-06
byte,645,19.88888888888889,2.9129487796066225,0.5682675555555555,0.01656565426596555,1.0100074444444445,3.607648113771559e-06
byte,646,19.11111111111111,3.0853296547941227,0.5467558888888889,0.02302172456325085,1.0100047777777776,1.6204945247159398e-06
byte,647,19.555555555555557,3.1950875944453987,0.5607895555555555,0.026686072794177746,1.0100055555555556,3.352994664831175e-06
byte,648,20.75,3.678220609791237,0.557820625,0.024813017375629253,1.010005,2.718216133139379e-06
byte,649,23.0,4.144938664398878,0.5720351666666667,0.01586884377522415,1.010005,4.87733610752038e-06
byte,650,22.333333333333332,3.0173175738637217,0.56389,0.031064099415102166,1.0100056666666666,5.1268627710508725e-06
byte,651,19.166666666666668,1.925554737304494,0.5550101666666666,0.022098361389381236,1.0100091666666666,7.666388925733747e-06
byte,652,20.0,2.32294063538519,0.5649978,0.026126986769593786,1.0100026,3.5771992845107704e-06
byte,653,20.0,6.3918566424425505,0.5510184,0.053940877230931945,1.010004,5.483039754280494e-06
byte,654,20.6,4.4423121683164695,0.5702242,0.008870928656710663,1.010009,6.019189553731222e-06
byte,655,19.25,5.7188185247846395,0.5540510000000001,0.04669323421542914,1.01000475,5.569281034318306e-06
byte,656,20.5,3.312395134417855,0.566192,0.03614473295347707,1.01000625,8.942523110808944e-06
byte,657,19.25,6.145638092373071,0.55732625,0.043525731887723906,1.01000325,7.505784599507857e-06
byte,658,20.5,3.0469603616576246,0.5560842500000001,0.027588851822611452,1.010004,3.182446305375221e-06
byte,659,19.25,5.5692810342464885,0.5555515,0.023261008912582783,1.0100095,1.0514923314274654e-05
byte,660,19.5,4.593465577592697,0.55491625,0.03172307050024972,1.01000775,1.27546238501305e-05
byte,661,18.5,6.688186835500448,0.55264225,0.03633691554386879,1.010005,3.674772462179828e-06
byte,662,16.0,6.996558321708416,0.54268025,0.06512040488867554,1.010006,9.635334683073796e-06
byte,663,17.75,6.544681031603746,0.53013775,0.03636203750658288,1.01000675,6.9207537197182105e-06
byte,664,19.25,6.006735676007777,0.56981525,0.02140730471141071,1.0100115,1.0514923314274654e-05
byte,665,19.0,7.23379682539342,0.5513965000000001,0.042684481048665485,1.0100095,8.66693351790951e-06
byte,666,18.25,3.012136813856149,0.5497485,0.04804523890893686,1.01000975,1.333688030554262e-05
byte,667,17.25,2.717530883796015,0.544705,0.029352870751859692,1.01000325,4.570440542551232e-06
byte,668,19.0,8.715488147264296,0.5660505,0.07458544989637635,1.0100022499999999,2.386834728943085e-06
byte,669,19.0,4.684434123032382,0.5492232499999999,0.03628869858952458,1.0100085,7.406740688883146e-06
byte,670,17.5,3.787868752810705,0.5392115,0.016887333061363207,1.01000625,7.277418106137783e-06
byte,671,20.0,6.750988089684549,0.5522415,0.04684338679417372,1.01000775,1.4777829144730626e-05
byte,672,18.75,9.926563074826577,0.5475512499999999,0.039703601486355024,1.0100042500000002,5.415616046056587e-06
byte,673,17.25,4.570440542486437,0.5539975,0.01930978812137488,1.0100095,7.956115763084731e-06
byte,674,20.5,2.0542602567605206,0.574829,0.024900302503886477,1.01000175,5.569281034318306e-06
byte,675,18.25,4.381886884825006,0.553583,0.06021686788601401,1.0100085,1.3153683640016266e-05
byte,676,17.5,4.004490450671851,0.5531445,0.02970222361406607,1.0100025000000001,5.277490155102428e-06
byte,677,17.333333333333332,1.4342175765831542,0.5485159999999999,0.04392962165403505,1.0100056666666666,5.736870306497584e-06
byte,678,18.666666666666668,8.724004935135127,0.5494986666666667,0.04426804505911822,1.0100056666666666,5.736870306497584e-06
byte,679,17.0,25.41240947234939,0.572247,0.010558856135760799,1.010007,0.0
byte,680,16.0,50.82481894469878,0.5473055,0.3153870608589608,1.0100125000000002,6.988412604885438e-05
byte,681,22.0,63.531023680873474,0.58357,0.028347542766405526,1.0100065,4.44717165771849e-05
byte,682,21.5,57.177921312786125,0.5655885,0.2462017760704885,1.0100035,4.44717165771849e-05
byte,683,22.5,57.177921312786125,0.564535,0.47316635817040964,1.0100065,4.44717165771849e-05
byte,684,19.0,0.0,0.550399,0.0,1.010014,0.0
byte,685,18.0,0.0,0.547447,0.0,1.010007,0.0
byte,686,16.0,0.0,0.543734,0.0,1.010007,0.0
byte,687,18.0,0.0,0.546804,0.0,1.010011,0.0
byte,688,12.0,0.0,0.495062,0.0,1.010007,0.0
byte,689,17.0,0.0,0.544938,0.0,1.010007,0.0
byte,690,14.0,0.0,0.519957,0.0,1.01,0.0
math,1,2.0,1.5817136321961622,0.506251,0.021418998765572596,0.8897995,0.12087898556488377
math,2,6.8,4.942351802469916,0.6461563,0.03413085797674024,1.022567,0.0053947093610036845
math,3,20.9,15.214116466977169,0.7511908,0.07488196903264255,1.02454,0.006996679374916001
math,4,39.1,20.23180310515059,0.8121124,0.07033435736936047,1.0258764,0.006930034098441718
math,5,57.2,22.831232011748682,0.8788389999999999,0.080368281926849,1.0403902,0.012629597916718216
math,6,67.1,17.855126221034652,0.8921125,0.056989998050391434,1.0353401999999998,0.014427478543755033
math,7,68.0,10.404830061934014,0.8711093,0.04037976351428643,1.0282954,0.008086852429330679
math,8,75.3,9.698004923006033,0.9077341999999999,0.05036104089382256,1.0334086,0.009530717733494953
math,9,67.8,6.851511035374182,0.8518809,0.04765518072952082,1.0270924000000001,0.00882221662904644
math,10,69.3,5.693470043388378,0.8551531000000001,0.03348630991215742,1.025398,0.004828103542466389
math,11,64.7,3.990782635132421,0.8274497000000001,0.020072799229139238,1.0216796000000001,0.0026053638579475276
math,12,65.2,4.621301583088696,0.8274265,0.03799570913327552,1.0204189,0.0015603928547034212
math,13,58.9,4.529966188294222,0.7771401,0.030899368761444338,1.0197299000000002,0.0013134466421438993
math,14,64.2,6.261813748725758,0.8167154,0.04498754957877518,1.0218573,0.004799244980537785
math,15,59.3,5.521084868386832,0.7758745,0.03781285842268773,1.0209282,0.002604238949396018
math,16,53.3,5.623127966747578,0.7358062000000001,0.042303920678485755,1.022899,0.004437101995323601
math,17,52.3,5.321815208328967,0.7241051,0.046791182912513725,1.0200938000000002,0.002258386694408436
math,18,48.9,5.727324483313916,0.7066505000000001,0.04076168750534274,1.0186817,0.0009811779417853493
math,19,47.1,4.529966188294222,0.6848492,0.034321588247064244,1.019129,0.0006527452217551331
math,20,45.3,6.845284085950528,0.6670729,0.04892062553079667,1.0184634,0.0012047315532097798
math,21,44.4,3.847884338761118,0.6673102,0.029087864407304955,1.0194257,0.0011069594375372408
math,22,42.3,5.311120231265021,0.6479589,0.03208412970968815,1.0191158,0.0013298901450829303
math,23,37.6,3.94996796050616,0.6205397,0.0288570179592761,1.0192112999999998,0.0010682185708242916
math,24,37.4,4.063495895680979,0.6109004,0.032862873180008495,1.0187552,0.0006598075419387789
math,25,38.3,3.6013403093853555,0.6147039999999999,0.026403369623309858,1.0188692,0.0008300492642207939
math,26,34.3,4.956711620640112,0.5992605,0.03483712129309974,1.0188129,0.0004514927254770335
math,27,32.2,3.0499531558825126,0.5941907000000001,0.021114643061088574,1.019286,0.000778729801356803
math,28,34.3,2.1867519240382647,0.5940635000000001,0.014424596951745685,1.0194031,0.0011798348797213906
math,29,28.4,2.5946415626080612,0.5554315,0.021356938079898576,1.0195204,0.0011415770510875395
math,30,29.7,3.7860639233629256,0.5597115,0.024443807089911722,1.0194968,0.001092959635437755
math,31,31.0,4.357874838537881,0.570027,0.02897310238612944,1.0195516999999998,0.0012188913890323436
math,32,27.7,3.7710159149944458,0.5422799,0.03052529935219163,1.0193271,0.0007821862471576116
math,33,25.3,3.3730677453795095,0.5312048,0.02659437926382042,1.0200577,0.0008715531813229756
math,34,27.2,2.28217664297011,0.5432655,0.0198380108021176,1.0205429,0.0019349873900804877
math,35,25.2,4.0997156359805285,0.5340533,0.02730677108656572,1.0193556000000001,0.0008874863582686746
math,36,25.1,2.621891223758966,0.5323295,0.01700970569097976,1.0197939,0.0009212722153795824
math,37,23.5,3.635908940750762,0.5104993,0.031550226846214335,1.0200794,0.0008339010908960596
math,38,22.1,3.3118269297449205,0.5197758,0.023784695118294882,1.0204072,0.0013040655242240106
math,39,20.5,3.588687339889714,0.5051985999999999,0.021321316282753487,1.0203251999999998,0.0008973928518760532
math,40,21.2,3.5656393918263594,0.5075392,0.018801293490244335,1.0200559999999999,0.0009162960909295264
math,41,18.0,3.1991733398486626,0.47708190000000006,0.02368300451580237,1.0211928000000001,0.0011412201519258027
math,42,17.8,3.958595494542794,0.48268939999999994,0.03184071131930648,1.0211181,0.0007758531787614345
math,43,19.2,3.5012723787143956,0.4888466,0.026782732632536017,1.0212264,0.0011012822541660518
math,44,22.2,3.2310066944477867,0.5220598,0.019325070770076537,1.0199474,0.0005209086675647303
math,45,17.8,1.778029307418365,0.47834659999999996,0.011076703700349053,1.0208311,0.0008937588916237274
math,46,18.5,2.390476894388607,0.4930156,0.017442872343428447,1.0209429,0.0006569112466009948
math,47,18.4,2.8454863988779953,0.4850704,0.02437528743531221,1.0209037,0.0007840026709100484
math,48,17.9,3.1172565831907524,0.4789856,0.0193279760641627,1.0211621000000002,0.00072192728674388
math,49,18.8,1.8408764812817766,0.48703710000000006,0.014690867980519893,1.0206177,0.0009094973450779147
math,50,18.6,1.8531901736184346,0.485472,0.025639934311172986,1.021222,0.0012005590571026598
math,51,20.3,2.4792160021005656,0.4972113,0.02159308676391779,1.0209346,0.001340885766276865
math,52,21.3,3.017151968652255,0.5052177999999999,0.023759500696621833,1.0204479000000002,0.0007223425512557957
math,53,21.9,3.2248414859244336,0.4982041,0.026153890401131197,1.0204744,0.0009295205464134207
math,54,18.7,2.4094304271185956,0.47627569999999997,0.01846801771114348,1.0215657,0.0011460558951252298
math,55,18.8,3.213360430906802,0.4972842,0.02095585977177861,1.0207798000000001,0.0010514083600527725
math,56,16.7,2.6988334501336366,0.47518000000000005,0.01999311746290652,1.0218216999999998,0.0012653310050534195
math,57,18.1,1.7986955185523754,0.48573079999999996,0.0160410505932844,1.0212474,0.0010984508244229834
math,58,19.7,2.677682391717016,0.49790650000000003,0.03000617489606574,1.0212785,0.0013986006373239686
math,59,18.4,1.692843411645497,0.4826996,0.018674904965080216,1.0208159,0.0004998192837686537
math,60,20.5,1.7923620639621403,0.4950768,0.018929248957343967,1.0209189,0.0008144684177079098
math,61,18.6,3.184923053682671,0.4809622,0.023759721691291064,1.0204768,0.0009721681811682131
math,62,16.7,2.2381514646204788,0.47305720000000007,0.021228660263262842,1.0215698,0.0012334144782049793
math,63,20.6,1.9430570813906982,0.4999752,0.013976144057510617,1.0207428,0.0005032204412870257
math,64,18.8,3.5656393918263594,0.4848924,0.02831588000447745,1.0209158999999999,0.0012823730891292403
math,65,19.0,2.4317458818185185,0.49703590000000003,0.027324013267347708,1.0211786,0.0009458729395139316
math,66,18.8,2.5415033418935153,0.48319,0.019646267496983144,1.0213454,0.0012145718312265915
math,67,17.0,3.455502144136438,0.4690352,0.026357409858201133,1.0220266,0.001658401807540854
math,68,17.8,2.4734757397050195,0.47924429999999996,0.019588857444603633,1.0214524,0.000948053079157117
math,69,18.7,2.6132022480023895,0.4819319,0.020191179909856156,1.0215225,0.0013098578564518031
math,70,19.2,3.4024394581028377,0.4922937,0.027256763306609515,1.0211615,0.000929382476758756
math,71,18.4,1.5526888979303224,0.4825087,0.010213819525835215,1.0214124999999998,0.0006257367562792609
math,72,19.7,2.052629770328954,0.4969919,0.017012051985842238,1.0214644,0.0009457826450965384
math,73,18.3,1.4718515422287008,0.48059709999999994,0.017482281461873733,1.0217407,0.001059902379665648
math,74,17.8,2.4035235037258698,0.48319530000000005,0.01872827250664665,1.0215457000000001,0.000912130272096697
math,75,17.5,2.366571524792126,0.47411830000000005,0.01700804381885857,1.0216766,0.0006358747407421753
math,76,17.7,2.4094304271185956,0.48327489999999995,0.023826291879724185,1.0217589999999999,0.0009526213334857029
math,77,17.6,2.5504365973525904,0.47710369999999996,0.018106775964270485,1.0216232,0.0008497103025890157
math,78,18.3,1.1209794633132366,0.48429009999999995,0.016988558808214944,1.0221202,0.0007778599029623963
math,79,18.1,3.0620469629807223,0.49039479999999996,0.02893492784559647,1.0212202,0.0011097680701342635
math,80,20.3,3.8897703063718776,0.4969044,0.02838017851761335,1.0217553,0.001068843288850866
math,81,20.5,2.8264394201155683,0.5034698,0.019287996240218482,1.0212721999999999,0.0009166457460745394
math,82,18.8,2.519031606829703,0.4834493,0.020839599022356162,1.0209808,0.0008806822370587154
math,83,20.0,3.8743913180848235,0.4855868,0.027323868688479466,1.0213014,0.0009609788236023487
math,84,18.2,3.300648460857639,0.47602029999999995,0.02714592325411567,1.0221427,0.0007051362403904999
math,85,18.5,1.8851309689985039,0.49953909999999996,0.017468307089705468,1.0217235,0.0013218314782430893
math,86,20.4,2.9629557624259073,0.4985518,0.017856241334046244,1.0211798,0.0009820257207985336
math,87,19.7,1.7211565782644838,0.4904759,0.01989679065196925,1.0214461,0.0007350704760365616
math,88,19.9,3.685611838963473,0.493346,0.024484751783733074,1.0217007,0.0008510425160499082
math,89,18.0,2.69777983562925,0.47925629999999997,0.024931160891358523,1.0218672,0.0011461132341467652
math,90,19.3,2.5470902981673276,0.48404479999999994,0.023172254934230477,1.0219209,0.0008541882315232555
math,91,19.3,1.8790888670170616,0.4840396,0.017873310427716074,1.0219402,0.0008830463958748026
math,92,19.0,1.118440435221111,0.4852906,0.010553212886192573,1.0211193,0.0009038487907810554
math,93,19.1,3.1893831077563526,0.48975479999999993,0.030421442048980556,1.0215605,0.0008985582785656076
math,94,19.1,1.7986955185523754,0.48431389999999996,0.017477541525185793,1.0214352,0.0008524051665353057
math,95,18.9,2.850477608465268,0.4846764,0.02571649389878004,1.0211381,0.0015317266233775986
math,96,18.8,2.837482201871954,0.4885757,0.017217259140696908,1.0213619,0.0006788011633200697
math,97,18.6,3.8182163222092775,0.47660169999999996,0.02730582427147195,1.0217142,0.001220559274247514
math,98,19.7,3.617094279204329,0.4892334,0.028994241110352592,1.0210813,0.0010073853766376741
math,99,19.5,2.8264394201155683,0.4886775,0.02568509338870588,1.0213518000000001,0.0011236521616165257
math,100,18.2,2.8772805298124577,0.48792169999999996,0.019692868569531494,1.0222994,0.001139291770994566
math,101,18.7,2.6988334501336366,0.4878291,0.018767489980127717,1.0218668,0.0012817638712386138
math,102,18.5,2.342422203896654,0.4829721,0.025078232798382276,1.0212878,0.0007276290472453656
math,103,19.6,3.818216322209278,0.4923853,0.03121335793878287,1.0213903,0.0013038017180328526
math,104,19.7,2.8624210027092807,0.4884121,0.02035336558735773,1.0210414,0.0008651735137993338
math,105,17.9,3.1535260593094554,0.4786834,0.029368648680338873,1.0219533,0.0015074068532145925
math,106,16.9,1.860844853758137,0.46568160000000003,0.01338700006898427,1.0219072,0.0009385811441807915
math,107,18.4,2.2671786055203054,0.4877006,0.020536712883323274,1.0216809,0.0009183446393803792
math,108,17.5,1.727751072068219,0.46783089999999994,0.013829827451718972,1.0215181,0.0007772469338450577
math,109,18.2,3.1053777958606448,0.4730722,0.026205061846490522,1.0216299,0.0009672020106225669
math,110,18.1,1.979297747271397,0.4775729,0.01752352728872308,1.0215514,0.0005878994187273088
math,111,17.4,2.459644452867115,0.4774908,0.021712637736293925,1.0226441,0.0008313805924565781
math,112,17.2,3.2310066944477875,0.46988450000000004,0.025581116116638485,1.0225347,0.0008885049582964861
math,113,18.4,2.1381075337982045,0.4759398,0.02227946284326435,1.0216693,0.0005928400969033469
math,114,17.2,2.1540044629651915,0.4889819,0.021966379650998222,1.0218152,0.0010372073122971407
math,115,19.3,2.6988334501336366,0.48659109999999994,0.020422491372930715,1.0218296,0.0014484134257308373
math,116,17.4,2.5280442710653985,0.47294590000000003,0.02082625157565985,1.0219166,0.0009105075763353734
math,117,17.2,2.693561256292125,0.4734793,0.02054913938414226,1.0224332,0.0009503311680705682
math,118,19.1,1.7986955185523754,0.4894039,0.01707613693797638,1.0209333,0.0006926728721190267
math,119,19.5,3.3083914237063747,0.48949990000000004,0.026057385234759093,1.0211016000000002,0.0007803048510973144
math,120,18.2,1.6102152697059713,0.4857096,0.012088946591234002,1.021508,0.001346221619280735
math,121,17.8,1.7457574910020464,0.4766646,0.01633637503083431,1.0218494,0.0006124054187927709
math,122,19.6,2.316794516271726,0.4881773,0.017750688678852593,1.0212809,0.0006017788247054521
math,123,18.5,2.2933608045857747,0.485545,0.01884709540225853,1.0214441,0.0006462038422109598
math,124,17.2,2.5415033418935153,0.4713777,0.02601783657844355,1.021853,0.0015080547806968232
math,125,18.2,2.7145885953578457,0.47843350000000007,0.01829955295274211,1.0218482,0.0009522037165747251
math,126,19.3,4.397489745336608,0.4847822,0.02865166844263566,1.0222227,0.0009871411551029786
math,127,19.2,4.182102617081084,0.4961525,0.031030135191850702,1.0214036,0.001561388157004682
math,128,17.9,2.197128029393053,0.4879779,0.017391808068306015,1.0219597999999999,0.0011031323990400288
math,129,17.6,2.5504365973525904,0.4855047,0.02387755597370975,1.0223149,0.0010438756821035356
math,130,15.8,2.045692846905047,0.465073,0.02284594355702887,1.0227334000000001,0.0012855420371425147
math,131,18.0,1.8470435889458994,0.4836087,0.016269100534374196,1.0220542,0.0008848898293613012
math,132,16.6,2.000727073551083,0.4707204,0.0193104291043934,1.0228078,0.001308445678409286
math,133,18.9,3.171505258925593,0.4944704,0.028317122682638207,1.0220648,0.0011672911093385597
math,134,17.5,2.5291685959024224,0.48377549999999997,0.024007459731030176,1.0223958,0.001030899588204988
math,135,16.5,1.9735439625769307,0.4686924,0.021706066641597795,1.0223265,0.0012579865383677777
math,136,16.8,1.0556733426391622,0.48041350000000005,0.016420309294085493,1.0225835,0.0012197579134693283
math,137,17.9,1.7668012247594596,0.48130090000000003,0.016256778505147923,1.0221175,0.001001417072456271
math,138,17.2,2.916535830147745,0.48300109999999996,0.025730519696594557,1.0217997,0.0008816908601089216
math,139,19.6,2.9437030844574017,0.49930769999999997,0.028388470664656485,1.0218104000000001,0.0012299366593042146
math,140,21.5,3.0768663935924425,0.5075743,0.021378971517632565,1.0219087999999998,0.0009625575929973384
math,141,19.9,1.9209845317065632,0.49607280000000004,0.011187593663169359,1.0217258,0.0005257190083801343
math,142,19.2,1.8097257302385639,0.4807728,0.022575199636553894,1.0221221,0.0009812094893905292
math,143,17.0,2.132782226565775,0.46923709999999996,0.01660716654698347,1.0228215,0.0013454091794938266
math,144,17.0,2.4082502015140483,0.47364860000000003,0.019645954135353232,1.0227539,0.0010243917803952152
math,145,18.5,3.1136063985861004,0.49283520000000003,0.026815607021056075,1.021729,0.001165513580806768
math,146,19.7,2.9792227175295967,0.5028622,0.026794243526763677,1.0212292,0.0008057038858254805
math,147,19.5,3.238916147395361,0.4958417,0.02182086881138263,1.0215702,0.0011345326885130512
math,148,18.7,2.0801461426278602,0.48239669999999996,0.011670112443735966,1.0218073,0.0011578934936672875
math,149,17.3,2.21260095316212,0.47249090000000005,0.017752709885117148,1.0223727999999999,0.0009019253862979933
math,150,19.2,2.355734966345946,0.4907039,0.02386776769917675,1.0218761,0.0010902658543020768
math,151,19.5,3.7285584116819943,0.4927113,0.024386304541002306,1.0217234,0.0012743779472085134
math,152,17.6,3.112693183608668,0.4690613,0.019799815776481006,1.0220884,0.001108099069482064
math,153,19.0,2.5682098897158996,0.49039859999999996,0.02346562710558239,1.0222465,0.0012686498478099923
math,154,17.7,2.8224131510913595,0.4954765,0.023981381422151823,1.0216398,0.0010692384047290965
math,155,18.0,2.8414871187583954,0.4846362,0.0291907793290437,1.021597,0.0008976998583152232
math,156,17.4,1.7261048105490107,0.475441,0.0216590161834462,1.022036,0.0008882595659957817
math,157,18.8,2.857450655145069,0.48575099999999993,0.02807338548352174,1.0219888000000001,0.0009872162484710122
math,158,20.1,3.836785716455433,0.49272609999999994,0.03059048598392898,1.0213217,0.0010979087723485682
math,159,20.1,1.7986955185523748,0.49417790000000006,0.020155865595924822,1.0215433,0.0009874485193692934
math,160,18.6,1.0770022314825958,0.4831936,0.015109376878042155,1.0218023,0.0006979336392525856
math,161,16.9,2.442245193266499,0.4810874,0.02400526374995747,1.0218357,0.0006404265123518642
math,162,19.3,2.4561744613163454,0.49367859999999997,0.019893311516103476,1.0216528,0.0009830132335512465
math,163,18.3,3.406614744319843,0.4809856,0.017489807134716782,1.0218243,0.0011725549080767823
math,164,18.7,2.901877323052948,0.483873,0.019361222879464308,1.0219549,0.001107978439702784
math,165,18.6,1.726104810549011,0.4871741,0.0145030816916548,1.0216427,0.00074390537945667
math,166,19.4,2.722954065405149,0.4975638,0.02856785248301611,1.0211596,0.0010824283845830695
math,167,17.7,2.5693166382653185,0.4669073,0.01624281432133257,1.0223286999999999,0.0007706619073879354
math,168,16.3,2.5913523473884967,0.4634335,0.018659221138170458,1.0222735,0.0007358764180068417
math,169,17.7,2.940804311637666,0.49328380000000005,0.026356756777442404,1.0221955,0.0010914504058004738
math,170,19.8,2.355734966345946,0.4928648,0.016377435710148935,1.0218949,0.0012093016492414027
math,171,18.6,2.825433390747478,0.47980999999999996,0.02508357067871268,1.0216995,0.0009887031994079585
math,172,17.3,1.5471861438297423,0.4657691,0.019595130720459104,1.0220835,0.0010279107759385837
math,173,19.4,2.2164523067350794,0.481067,0.020507076931603516,1.0215231,0.0010826710046200035
math,174,20.0,2.051244262394962,0.4965502,0.014348288885679628,1.0219948,0.001092427514389672
math,175,18.0,2.132782226565775,0.48587109999999994,0.01719837717059733,1.0226051,0.0009137060629541585
math,176,17.3,2.4792160021005656,0.4735768,0.020471867181017355,1.0218953000000002,0.0007425029498821319
math,177,15.9,1.7343204914786234,0.46898650000000003,0.021555037589715404,1.022764,0.0007801402096288346
math,178,15.8,2.4734757397050195,0.4683368,0.025881412975604264,1.0225273,0.0007822897261320932
math,179,18.6,2.743756155884721,0.48955279999999995,0.017500839599837552,1.0221613999999999,0.001287350876553104
math,180,17.5,1.6606281238540848,0.48281989999999997,0.013106712580755383,1.0225939,0.0013706993085439649
math,181,19.8,2.257124548860663,0.4911748,0.014187513373966343,1.0215524,0.0006192628961781304
math,182,19.1,2.6001143414425876,0.48993089999999995,0.018700263309488426,1.0219977,0.0011295060455904541
math,183,17.5,1.2729869438632984,0.47339760000000003,0.012117506250871374,1.0217708,0.0009515400075890057
math,184,17.5,2.217734604965999,0.47358330000000004,0.015584665831549976,1.0222932999999998,0.001159404873397963
math,185,19.3,3.521513455995795,0.498201,0.020978842012920187,1.0213985,0.0009714943756497057
math,186,19.5,1.91505555296083,0.5014547,0.01581586877591761,1.0211961,0.0004656466673366728
math,187,17.5,2.9830373448507492,0.4857502,0.026436755679697912,1.0216991,0.0012377656569930505
math,188,18.1,3.1535260593094554,0.4844326,0.03116992274811587,1.0223642,0.0011011779870625637
math,189,17.3,2.2126009531621205,0.4768674,0.017722340337759237,1.022372,0.0009623178046555081
math,190,20.0,3.181350508471139,0.49527790000000005,0.02608835112796656,1.0221425,0.0007373766643142512
math,191,19.4,1.692843411645497,0.4902431,0.013501396575879692,1.0217912999999998,0.0008362438972656983
math,192,19.0,2.2871541333823777,0.4810247,0.02080111011382619,1.02205,0.0010392027632830476
math,193,19.2,3.6910074881710573,0.48274090000000003,0.025830338434646365,1.0221091,0.0015097357926657094
math,194,20.7,3.054610286638857,0.4976081,0.02677843706806392,1.0213084000000001,0.0010671258276030234
math,195,19.8,1.6451480831351155,0.5054786,0.014026277411527217,1.0213627,0.0007628766340488089
math,196,17.9,3.479279755793199,0.4791315,0.026088885253734744,1.0218299,0.0010650077705882828
math,197,17.5,2.866391075356078,0.47667460000000006,0.024245192189155558,1.0215467999999999,0.00098573394468564
math,198,18.5,1.5906752542355695,0.4810606,0.018370281528408465,1.0219363,0.0009481729526430166
math,199,18.3,1.7211565782644838,0.48040380000000005,0.01639848381791512,1.0219901,0.000562277955661159
math,200,18.8,1.9313164477327347,0.48516250000000005,0.016910550209120585,1.0222479,0.0011776954947228604
math,201,19.8,3.3519303787681087,0.4912472,0.02680915075759504,1.0220093000000001,0.0015306410232353853
math,202,18.3,1.7538811155696892,0.4816242,0.021132008235386506,1.0220337000000002,0.0012742628669041756
math,203,18.7,1.619019136686312,0.4917832,0.011506345672053275,1.0222432,0.0011377850375703022
math,204,17.5,3.1136063985861004,0.47874249999999996,0.025943062578643608,1.0224785,0.0010627187639774905
math,205,19.4,2.8454863988779953,0.5068819,0.027925828528310513,1.0218083999999998,0.0013648949027934571
math,206,18.9,2.371371877645238,0.4927625,0.024408497099166922,1.0214211,0.000862241773190484
math,207,20.8,2.7145885953578457,0.5038264,0.019641774973787014,1.0213865,0.0008756346622368886
math,208,19.7,2.4329147095148587,0.4891166,0.024205342059226823,1.0218914,0.0008110135569796659
math,209,18.1,2.063680346928817,0.48104060000000004,0.01904916564413527,1.0223898999999999,0.001691186047249991
math,210,18.7,2.8624210027092807,0.4908072,0.023506203992141227,1.0224362,0.0016340185028144714
math,211,18.8,2.4035235037258698,0.4873681,0.019142780875904528,1.0218115,0.0008435929028449427
math,212,18.5,3.203613554809735,0.49826,0.031254152883438927,1.0221221,0.001246989155120894
math,213,16.8,2.3797491952543672,0.48140599999999995,0.019059810117597397,1.0225651,0.0010753334567270517
math,214,19.0,2.801180294942142,0.498597,0.02473064305093628,1.0219568,0.0012036425418286312
math,215,19.1,3.024680743847476,0.4835682,0.021135411296580055,1.0222992999999998,0.0015077475778691178
math,216,18.7,3.53762293375203,0.4783387,0.028402029864934692,1.022673,0.0008731799018566794
math,217,17.7,2.1867519240382647,0.47548060000000003,0.014486318241156065,1.0218992,0.0008501708298491235
math,218,16.3,2.2634135678730183,0.4776434,0.020730167442556697,1.0222396,0.0011270270001217336
math,219,15.0,2.69777983562925,0.4674061,0.025967264638332637,1.0228462,0.0014055381081822375
math,220,16.4,1.7587372793141411,0.47293789999999997,0.013288600691338515,1.0225768,0.0008522003582515835
math,221,16.3,2.740645907967312,0.46825210000000006,0.020953834022026795,1.0229401,0.0008776483376322475
math,222,16.9,2.1447455737795234,0.4771514,0.030726218156089422,1.0228543,0.0011337684082604472
math,223,17.2,2.1274435893402885,0.47996739999999993,0.02433643369879228,1.0219178,0.0013119265478493854
math,224,18.5,2.617550341272258,0.4965663,0.025033815853715287,1.0214786,0.0008499335998292309
math,225,18.7,1.8790888670170616,0.48409599999999997,0.017009876093576213,1.02182,0.0006865041360174951
math,226,17.8,1.6793544045531352,0.4785451,0.017094031461397353,1.0227205,0.0009564577908504669
math,227,18.8,3.049953155882512,0.4922522,0.02565040793374134,1.0224664,0.0016632464692033814
math,228,17.3,1.9677733538428859,0.4688816,0.016263140671551057,1.022982,0.0012630658401816598
math,229,16.5,2.366571524792126,0.46987249999999997,0.0213612837214764,1.0229284,0.0011555287938816688
math,230,20.1,2.9868471003558215,0.4878819,0.02046942164853727,1.0221351,0.0009453753865021524
math,231,18.9,2.3472719445002177,0.49206019999999995,0.012126916093153315,1.0225347,0.0010140543524458634
math,232,20.3,3.217781069165484,0.4992279,0.029163052972356125,1.0219555,0.001380268343781503
math,233,18.1,3.0058234481673822,0.4799336,0.022213671644136672,1.0223548,0.0008613253498634036
math,234,18.9,1.3677271513989688,0.48161160000000003,0.021783584323873093,1.0218825,0.0012145839584467447
math,235,20.6,1.692843411645497,0.49728130000000004,0.012771809540482964,1.0214136,0.0010828201317748915
math,236,18.0,2.262157162798205,0.477846,0.021793778449997827,1.0227005,0.001077704653988209
math,237,18.5,3.6202368465036177,0.4924953,0.02230238642673754,1.022005,0.0011878701927236265
math,238,18.3,2.2883968143397984,0.4800558,0.022760767887584164,1.0220048,0.0007947732769358667
math,239,17.4,1.726104810549011,0.47579669999999996,0.009521608735299749,1.0229853,0.0006890164203027499
math,240,18.1,2.0636803469288174,0.4789087,0.01527142254864531,1.022828,0.0008090119094040093
math,241,19.1,3.7619582175712787,0.4941652,0.024908912305237736,1.0221631,0.0012566983091764127
math,242,17.6,2.028947466912131,0.4746455,0.01804896090296888,1.022589,0.0008813832544356663
math,243,18.3,2.5693166382653185,0.48335670000000003,0.020742207157096963,1.0222713,0.0008251448917135046
math,244,18.6,2.1381075337982045,0.4767946,0.012904236594175835,1.0217625,0.0007829468862678139
math,245,18.8,3.068539270357571,0.4881166,0.02545276722311364,1.0222820000000001,0.00111662515672556
math,246,16.9,2.643488715669723,0.46621860000000004,0.017924383472351067,1.0227694,0.0011982801253532988
math,247,17.7,2.1073032471237827,0.4767179,0.017509018041978117,1.0219962,0.0008723241480029753
math,248,18.4,2.4826537888253455,0.48451639999999996,0.014145995266818067,1.0221774,0.0008360557471228484
math,249,16.7,2.160593663009355,0.4727442,0.022794926290719747,1.0227248,0.0008545480323492598
math,250,17.3,1.7211565782644838,0.4833586,0.01083884616440979,1.0220124,0.0007522336216518847
math,251,19.6,1.2707516709467577,0.4921793,0.012857323040025414,1.0218253000000002,0.0006507758734690829
math,252,17.8,2.1540044629651915,0.4742459,0.014066717067783464,1.0227899,0.0008517304908466158
math,253,18.0,2.9782682972848478,0.48413839999999997,0.03002714992093842,1.0229232,0.0009921614204483344
math,254,18.9,3.7316071108108813,0.4830941,0.025065724731856087,1.0221152,0.0010928579769434997
math,255,19.7,2.740645907967312,0.4940239,0.02609861442762859,1.0228874,0.0012457952418409041
math,256,18.6,2.056780694225329,0.48265729999999996,0.01919457822708873,1.0220673,0.0008722512230184168
math,257,18.3,3.109951929722794,0.4802955,0.021671901252990653,1.0226362,0.0011803176410934647
math,258,17.5,3.4596133914490705,0.4810187,0.027250014528860705,1.0226207999999999,0.0013699965604082969
math,259,16.9,2.621891223758966,0.4790293,0.01979178716956091,1.0230647,0.0008561961242640525
math,260,17.9,2.197128029393053,0.4827745,0.023749554022284517,1.0221320999999999,0.0008424548817451309
math,261,16.7,2.052629770328954,0.47227379999999997,0.016712872712503185,1.0224218999999999,0.0010702514175553967
math,262,17.8,1.6451480831351153,0.48506590000000005,0.020473249845831046,1.0216191000000001,0.0006780241370848534
math,263,17.8,2.3797491952543672,0.4873424,0.026499689252146724,1.0223921,0.0010933137353253263
math,264,19.4,2.572634027172215,0.4851172,0.022915295710917886,1.022342,0.0008208151013372587
math,265,18.9,2.3952293382337264,0.4850638,0.025256228013263035,1.0228218,0.000987017926243423
math,266,18.3,2.052629770328954,0.48671689999999995,0.020400160766113364,1.0223583,0.0010445828720498926
math,267,16.8,1.7128777588435455,0.4689539,0.01467388068327641,1.0223735,0.0013761130587775041
math,268,18.4,2.55043659735259,0.4903973,0.02035935726618035,1.0223856999999998,0.0012428897557222427
math,269,19.4,2.3653699143948894,0.4906809,0.021654413426621482,1.0221186000000002,0.00043978390998011677
math,270,17.2,2.7561620495436454,0.4689183,0.023098027663793864,1.0229365,0.0011619141955643713
math,271,18.8,2.519031606829703,0.4871524,0.02477405407819508,1.0225998,0.0009278356973394241
math,272,18.0,1.8470435889458994,0.4806194,0.02209269187736495,1.022558,0.0014667490483952642
math,273,20.5,2.3180213072056053,0.5103194,0.01578040564711468,1.0220711,0.0015239852614525855
math,274,18.5,2.342422203896654,0.48605960000000004,0.023534428304645142,1.0226478,0.0007419226244858778
math,275,20.4,1.7907752003806006,0.4966518,0.017913858445312836,1.0220822,0.0011992129606183042
math,276,20.1,2.3472719445002173,0.4978925,0.014440766360938169,1.0225612,0.0011530707073508473
math,277,18.1,3.4132845788883315,0.4832389,0.02771572742337032,1.023158,0.001569611512593338
math,278,18.9,3.2248414859244336,0.49052570000000006,0.023107910123073942,1.0219707,0.0012227454622941417
math,279,17.7,2.8424874663052306,0.48008660000000003,0.027527353356354627,1.0228322,0.0008911949141332862
math,280,18.4,2.000727073551083,0.4943124,0.018700345960419133,1.022675,0.0009993315500900256
math,281,18.5,2.0581624751633356,0.48767819999999995,0.023351648448004712,1.0224342,0.0010505455482588447
math,282,20.1,2.7489320823035115,0.49500530000000004,0.022189048450097126,1.0218935,0.000954316097381399
math,283,19.3,2.385714983495729,0.48764710000000006,0.021814370391589042,1.0223802000000002,0.0008997811625938492
math,284,19.6,3.906544494445004,0.49678490000000003,0.03302033560997738,1.0215937,0.0012305670165790943
math,285,18.5,2.366571524792126,0.483248,0.01618823044736286,1.0225248,0.001363441187803277
math,286,18.5,2.4608000293710206,0.48304849999999994,0.022339535948624117,1.0230796999999998,0.0008786196967453049
math,287,18.5,2.5065862813496285,0.4864284,0.021574392761125334,1.0220808,0.0015154586802531085
math,288,16.0,1.7844136342699262,0.4578907,0.014650933329313807,1.0233315,0.0010718675391914341
math,289,17.8,2.955269742313439,0.4768475,0.020093882382008953,1.0221795999999999,0.0009013157750517468
math,290,18.6,2.3653699143948894,0.4862316,0.014831894840537187,1.0224513,0.000734388731242763
math,291,19.6,3.978653652973947,0.4871151,0.03287198168163811,1.0224118,0.001247238883196507
math,292,18.9,1.7012197290514188,0.4778002,0.010626665220036673,1.0222413,0.0007838798771023784
math,293,18.6,2.0842422663373124,0.47858149999999994,0.019468241132690592,1.0226337,0.000733808361975002
math,294,17.9,2.533660906007117,0.48716499999999996,0.02225650779449717,1.0226817000000001,0.0012081154782424435
math,295,17.9,2.118068595583719,0.48079099999999997,0.01821531151267114,1.0231718,0.0012758449100604818
math,296,20.3,3.339183734630646,0.49162059999999996,0.023608419480965887,1.0222834,0.0013899246290806789
math,297,18.9,3.024680743847476,0.4982229,0.01911793510051187,1.023207,0.0011752168573874351
math,298,17.6,3.1490152201254293,0.4888979,0.028474269892046218,1.0231452,0.0010213900429262227
math,299,18.6,1.9135704379232206,0.4918219,0.015840010505113244,1.0223795,0.0006312825756637533
math,300,19.0,1.7522594036042534,0.48865959999999997,0.015304482051947677,1.0220807,0.0008153074444274243
math,301,19.4,1.692843411645497,0.49255329999999997,0.015492509820181258,1.0219834,0.0011910603070430044
math,302,18.0,1.469918709428709,0.49102890000000005,0.0168885518959424,1.0223006,0.0010951688351407214
math,303,17.3,2.7198200293786168,0.4771736,0.02809615676057086,1.0224289,0.0012816336958206744
math,304,19.2,3.2485571043488353,0.4975675,0.025585167098578842,1.0218474,0.0011186472360740286
math,305,18.1,2.556004027242069,0.4788206,0.016985308758958702,1.0220884,0.0008512703898842581
math,306,20.7,2.7198200293786168,0.5081960000000001,0.02506742309561332,1.0218270999999999,0.0006095969044843354
math,307,19.5,2.1394367894651816,0.4989465,0.023271745182446377,1.0224453,0.001493982020430774
math,308,19.0,3.5528592812022195,0.4833509,0.025061000647589104,1.0228401,0.0011590879404792477
math,309,17.5,1.8851309689985039,0.4718426,0.02172801644558675,1.022989,0.0009418617210523792
math,310,18.7,1.9677733538428859,0.49058630000000003,0.014805888540241577,1.0222708,0.000633099959729301
math,311,18.8,2.4503802223859914,0.489149,0.019672339112028966,1.0223194,0.0006932055069463139
math,312,19.6,3.2729695783987522,0.4958787,0.025561182324785926,1.0216219,0.0006664309242545152
math,313,18.0,2.861427623882659,0.4786576,0.030008189283183547,1.0218302,0.001310806542341848
math,314,18.6,2.7644017153091505,0.4877878,0.028369016897765845,1.0228563,0.0007811049612755543
math,315,19.0,2.0787789744600365,0.48229550000000004,0.011949790864439517,1.0225506,0.0009956685558198883
math,316,18.0,2.132782226565775,0.4880305,0.018535235577791,1.0225851000000001,0.0009871654275170408
math,317,18.3,1.8485821511359979,0.49040990000000007,0.016408115282434493,1.0221895,0.000826229363970377
math,318,18.6,2.55043659735259,0.4799402,0.018038735174407933,1.0225567999999998,0.001094296600012069
math,319,16.5,1.823809411363889,0.4652374,0.017006746592331996,1.0238057999999999,0.0009613957278046794
math,320,17.6,2.885174318390035,0.4866141,0.026660744300709208,1.0235115000000001,0.0014750946285046545
math,321,18.2,2.4035235037258698,0.48984069999999996,0.0166631398177556,1.0226978,0.0009666684451982593
math,322,18.8,2.257124548860663,0.4858359,0.01565483997530755,1.0225487000000002,0.0008587994010071736
math,323,19.2,3.2485571043488353,0.49508640000000004,0.027719634573784024,1.0219067000000002,0.0007480026410558127
math,324,18.2,2.837482201871954,0.4835091,0.01873854582662823,1.0220032,0.0009658562106111646
math,325,19.6,2.9437030844574013,0.5032087,0.01984649671696903,1.021809,0.0011000982415686354
math,326,20.1,2.929180533691524,0.5185177000000001,0.021673547688200033,1.0216967000000001,0.0011714600300685755
math,327,19.2,2.6510062693438257,0.4789156,0.019229972525351552,1.0221069,0.0011143021984669945
math,328,18.0,2.861427623882659,0.4806517,0.022341733477370465,1.0230551,0.0007939806028591407
math,329,17.5,2.551551055171717,0.4805555,0.02192426029359431,1.0229764,0.0013423685503167865
math,330,18.4,2.6595717400287993,0.4952643,0.026187709019566675,1.02202,0.0010517654503799578
math,331,17.7,2.3375624015581447,0.47377520000000006,0.017801877422583684,1.0231313,0.0010579948898378016
math,332,20.3,3.8308533036044183,0.49454919999999997,0.028226651067603647,1.0220523,0.0015240001703534956
math,333,19.7,3.3049523464528376,0.4868886,0.023526763905831173,1.0223673999999998,0.0014220227013047385
math,334,17.5,1.400590147471071,0.4691024,0.015358569052009356,1.0226074,0.0008385822806590228
math,335,17.5,2.2684322293957653,0.4795952,0.021079431211894782,1.0220126999999999,0.001150813847115913
math,336,17.2,2.331473403454576,0.4716361,0.022862500448917026,1.0233309,0.0008719707692370777
math,337,18.3,2.1867519240382647,0.4899483,0.02207868953592557,1.0229293,0.001404222629537098
math,338,18.1,2.850477608465269,0.4792631,0.02030514000009893,1.0221282999999999,0.0013713577038138676
math,339,17.4,3.290296166270231,0.48086460000000003,0.023662398855879622,1.0225448,0.0009523959749184276
math,340,18.9,3.527966074244337,0.492882,0.03751551566462828,1.021957,0.00180810429393828
math,341,19.3,3.146305612378473,0.49722619999999995,0.022621772468441232,1.0221523,0.0007115132245029309
math,342,17.8,2.1274435893402885,0.48001740000000004,0.02303055605039702,1.0225765,0.0009192014433729046
math,343,18.8,2.693561256292125,0.4995861,0.01752929221933132,1.0221764,0.0011979505808155455
math,344,20.8,3.597391037104751,0.5096506,0.03357351458731124,1.0215595,0.001104906932348913
math,345,19.2,1.8715088084177551,0.4865327,0.016552680984119356,1.022,0.0008072881480869367
math,346,19.7,2.740645907967312,0.49052369999999995,0.026771970994649532,1.0221658,0.0014891047780454562
math,347,17.5,2.1394367894651816,0.4810358,0.03048451668289958,1.0228498,0.0011808567189336024
math,348,17.3,1.9091081611046388,0.4769236,0.020396666700407892,1.0232106,0.0013698276478030253
math,349,17.7,2.6132022480023895,0.47868089999999996,0.0246764403295341,1.0228847,0.0012658349570065653
math,350,16.9,1.7986955185523754,0.46423309999999995,0.015776554678244147,1.0226198,0.0008031696399796184
math,351,16.3,2.2883968143397984,0.4627854,0.018122693050738478,1.0227632,0.0010666118760479873
math,352,19.1,2.4654169190386828,0.49950669999999997,0.026182674952788528,1.0217309,0.0015203624324903152
math,353,18.6,4.187537450585488,0.488594,0.03866588624430498,1.0221819,0.001283574962867947
math,354,15.6,1.6242785521744176,0.46927599999999997,0.013095253801502992,1.0231178,0.0015606968502670552
math,355,16.5,1.6606281238540848,0.4760238,0.01758318917061297,1.0228077,0.0011866793432840311
math,356,16.2,1.6102152697059713,0.4797542,0.018025353800792603,1.0222744000000001,0.0008497593107003639
math,357,17.2,1.9313164477327347,0.4821668,0.02430118473497504,1.0223863,0.0012407581837421261
math,358,18.0,1.469918709428709,0.4924474,0.022807679557833766,1.0225726,0.0006164149465975318
math,359,17.1,2.007819357662063,0.4741607,0.015993417637166985,1.0224335,0.0011724407136193369
math,360,20.3,2.3617614150940716,0.5049882,0.017025606103022,1.0218121,0.0013488789770084231
math,361,20.3,3.109951929722794,0.4967085,0.02649596491136655,1.0217784,0.001127499121440697
math,362,18.9,2.621891223758966,0.4871175,0.01756800803431701,1.0223447,0.0007818724846591985
math,363,19.0,3.6319972570569363,0.4834448,0.026469266332702367,1.0221807,0.001407362982301471
math,364,20.6,3.4091174615015367,0.4945727,0.026550780487047003,1.0219967,0.0013536733697837148
math,365,18.9,2.533660906007117,0.49101549999999994,0.02410210862082288,1.0216734,0.0008043202359129827
math,366,19.7,2.5913523473884963,0.49060329999999996,0.022771638852523268,1.0221368,0.0008314129650194613
math,367,20.0,2.262157162798205,0.4935526,0.014620018459207677,1.022148,0.0009156097689417218
math,368,18.1,3.5918547609298574,0.473848,0.026669350111157744,1.0221733,0.0010742239444302996
math,369,19.5,3.058330885200241,0.4925076,0.025310472352869033,1.0220649,0.0013906807060284387
math,370,21.8,3.1053777958606448,0.5147221,0.0263329390804863,1.0208726000000001,0.0009669364746019443
math,371,17.4,1.5526888979303224,0.4739744,0.016538522779593137,1.0222655,0.0013027201728165274
math,372,18.4,2.4129676403180853,0.4871098,0.01757500562366353,1.0225909999999998,0.0016653223335955768
math,373,18.2,1.5005453051633124,0.4856299,0.012673836561326151,1.0226115999999998,0.001239497690524347
math,374,18.7,2.409430427118595,0.4868879,0.026797848479205938,1.0221354,0.0010553081134334064
math,375,19.1,2.707247604453604,0.48574269999999997,0.021616348956436604,1.0221412,0.0010920840947236156
math,376,18.5,2.165850589668169,0.4756079,0.01889212607972148,1.0220509,0.0009302636731859377
math,377,17.8,3.4191100109098573,0.4844432,0.027187615974433015,1.0223277,0.0011436798870493906
math,378,18.2,3.159830415856352,0.482648,0.027061435208441564,1.0219781,0.0014602981906293158
math,379,18.5,3.393235744197307,0.4812191,0.029002966838848357,1.022025,0.001158013156313712
math,380,18.6,3.075942270912463,0.48170250000000003,0.023255933701082032,1.0217237,0.0013725981477541026
math,381,19.8,2.756162049543645,0.49786739999999996,0.021878872657987526,1.0221098999999998,0.0010493713070566732
math,382,18.5,2.030348190218022,0.4758642,0.01603687518763012,1.0233807000000001,0.0015700920768707187
math,383,17.9,1.6330066029309374,0.4810332,0.020251901573332592,1.0228231,0.0009154239743993611
math,384,17.8,2.1274435893402885,0.4775564,0.019311973543192473,1.022359,0.0010995465119436863
math,385,18.0,2.023334876721938,0.4798806,0.015008459578737268,1.0227604,0.0011607693082852017
math,386,18.5,2.217734604965999,0.4795446,0.017262207074150507,1.0230976,0.0012494610382599405
math,387,18.7,1.9091081611046388,0.4841194,0.01396465514223164,1.0222982,0.0009130437224546687
math,388,17.4,1.9135704379232206,0.4786652,0.015441757527454336,1.0220885000000002,0.001229829589163004
math,389,17.8,3.7672445209966368,0.48019639999999997,0.029067598005197502,1.022687,0.001060225973774411
math,390,17.4,3.1490152201254293,0.4785148,0.015630555928440083,1.0228204,0.001025325223281541
math,391,18.2,2.18024178180376,0.4868677,0.02250658059376286,1.0228579,0.000993668163306768
math,392,18.7,2.2634135678730187,0.48685809999999996,0.014075527700262687,1.0224508,0.000752183021640659
math,393,19.5,2.723997942792703,0.4989194,0.02393283292729151,1.0224962999999998,0.001350771868177544
math,394,18.4,3.1670200279174865,0.4876142,0.03431748053313184,1.0223206,0.0009272139315828612
math,395,16.6,2.459644452867115,0.4619403,0.01774708424592703,1.0233459999999999,0.0011532722351856486
math,396,18.3,2.4792160021005656,0.48609270000000004,0.01621980612341049,1.0227826,0.0009194294187425732
math,397,15.7,1.7860061501016309,0.4713026,0.01791050170328812,1.0232039,0.0012411170168460334
math,398,16.0,2.132782226565775,0.46652189999999993,0.012208379012365022,1.0230675,0.0009434431096009287
math,399,18.0,1.8470435889458994,0.48189099999999996,0.010711090315322226,1.0230675,0.0009848468776419178
math,400,18.9,2.1447455737795234,0.48375129999999994,0.020235118708916304,1.0227357,0.0012479912848929753
math,401,17.5,2.925295677162839,0.4749719,0.01872783075800267,1.0225549,0.0007365272807852226
math,402,18.6,2.6595717400287993,0.4909721,0.026215636183578195,1.0227951,0.0009495905665125882
math,403,17.5,2.342422203896654,0.4813826,0.02039731229873302,1.0229678,0.0010954342933034206
math,404,18.7,1.9964596095946823,0.49445110000000003,0.02345409175440556,1.0227267,0.0013611971097237103
math,405,18.7,2.134114799158496,0.48431810000000003,0.019201827776409906,1.0219823,0.0011491235906883478
math,406,19.2,3.6910074881710573,0.47998599999999997,0.03045084268237097,1.0223967,0.0015672848199899322
math,407,17.6,3.038746921460945,0.47623240000000006,0.023247295173483454,1.0226292000000001,0.000723099346026321
math,408,15.7,2.5913523473884963,0.46437160000000005,0.018669993250069475,1.0231582,0.0007986789476879714
math,409,17.2,2.9935025056163034,0.48108209999999996,0.02827639709671869,1.0226606,0.0012726581670446733
math,410,18.5,3.325533462935348,0.4859591,0.021721084885075386,1.022535,0.0010007267278549002
math,411,20.0,2.7396083739880646,0.49736820000000004,0.02429939904754861,1.0223411,0.0011102084874722398
math,412,17.11111111111111,2.675043331371855,0.4840124444444444,0.020895969112093658,1.023017,0.001071062313272962
math,413,19.0,2.9270007124831414,0.4955676666666667,0.02608788254371432,1.022639,0.0007716315050185221
math,414,19.444444444444443,1.847648033535692,0.48929900000000004,0.012539469908918516,1.0224176666666667,0.0008000566980269555
math,415,19.666666666666668,1.9597266806386158,0.4821088888888889,0.0231041238294215,1.0221901111111111,0.0011269505520028608
math,416,17.444444444444443,1.6801644837097243,0.4741886666666667,0.019947639240180823,1.0228616666666666,0.0005663277564475109
math,417,20.333333333333332,4.210168275171715,0.505807888888889,0.03720374709192494,1.0223191111111112,0.0015360771422872513
math,418,21.444444444444443,3.5664687901467826,0.5053578888888889,0.029148777990993198,1.0218306666666668,0.0014313309029373542
math,419,19.0,3.074672180272221,0.48503999999999997,0.024052984821221632,1.022939,0.001532155040451261
math,420,19.333333333333332,3.5014495845016063,0.49559977777777775,0.025300307256477163,1.0233975555555554,0.001709205955644114
math,421,18.0,3.026249119683566,0.47508711111111107,0.022517518056293515,1.0230733333333335,0.0009479079570821912
math,422,17.555555555555557,1.0945837759945614,0.4732411111111111,0.013138352852273178,1.0235972222222223,0.0013102208823090836
math,423,20.666666666666668,2.901658237973526,0.49895733333333336,0.027681480837284562,1.0220457777777776,0.0011400654350750446
math,424,18.0,2.717651935745143,0.47357311111111117,0.030064099218184134,1.0225925555555557,0.0009276785282229763
math,425,18.333333333333332,3.328430270531288,0.47603966666666664,0.029715649058643278,1.022815111111111,0.0011240535258563483
math,426,18.0,2.771472050303538,0.48104877777777777,0.017559029209374757,1.023074,0.0014976470157019636
math,427,19.555555555555557,3.2636976972156053,0.49649666666666664,0.022995036491528852,1.022739,0.0009551499253619205
math,428,16.88888888888889,2.3518115942966142,0.470167,0.020799711756335302,1.0234824444444444,0.0012840324818685234
math,429,17.555555555555557,2.6098264302446625,0.47212333333333334,0.018092965405774035,1.0223525555555557,0.0007238434286352499
math,430,17.333333333333332,3.3061662730285963,0.46844588888888894,0.02722929513445599,1.0231295555555555,0.0012795448265580135
math,431,17.444444444444443,1.9639096665732538,0.49176333333333333,0.020192521702269914,1.0234062222222222,0.001314832461650258
math,432,19.333333333333332,3.625799916993434,0.4925232222222222,0.026147170053245954,1.02274,0.001543619122588858
math,433,19.333333333333332,2.369194030326154,0.4860844444444445,0.018348777476114284,1.021903111111111,0.0011226031960781815
math,434,19.77777777777778,4.241240049291092,0.4918057777777778,0.028363043088095143,1.0220494444444443,0.0020423866555822545
math,435,17.22222222222222,1.7092184723544523,0.4727508888888889,0.017175567395455782,1.0226623333333333,0.0012615780535318916
math,436,18.88888888888889,3.0853296547941214,0.4841146666666667,0.026130145362777444,1.022451,0.001099842703186167
math,437,16.22222222222222,2.6003762129823706,0.47052977777777777,0.021701829231743457,1.023349,0.0010192983904029724
math,438,18.555555555555557,2.7476821505388007,0.49489177777777776,0.022122819947993044,1.0225314444444444,0.001193307139051681
math,439,17.555555555555557,2.693386700538034,0.4759073333333333,0.02021572202809254,1.0223425555555556,0.001110793752498792
math,440,18.0,2.520246725564586,0.4751823333333333,0.0193640775131623,1.0233247777777779,0.0013506672583835347
math,441,19.333333333333332,2.824266737999099,0.4901675555555555,0.03016469520703567,1.0220799999999999,0.0011006419210870168
math,442,17.77777777777778,2.1665593637756446,0.4819308888888889,0.023018223371866733,1.022375111111111,0.0013829615327855915
math,443,19.77777777777778,2.362256404801783,0.4927342222222222,0.014054248959455918,1.0214547777777776,0.0008978110039221361
math,444,18.11111111111111,2.5622268168935176,0.4800557777777778,0.019581149400450838,1.0219948888888888,0.0008792055915748668
math,445,19.444444444444443,3.3086474488172377,0.5047323333333333,0.022448065191404205,1.022164222222222,0.0012711986961103402
math,446,17.88888888888889,2.9880442625977395,0.4866825555555556,0.02357188547148246,1.0225858888888888,0.0010570299042698616
math,447,18.666666666666668,2.369194030326154,0.4908847777777777,0.025451377392755048,1.022853888888889,0.0009815814523210491
math,448,20.333333333333332,2.744693914580733,0.508819,0.023215538891754154,1.0215181111111111,0.0010473481818213748
math,449,18.333333333333332,3.050556732018394,0.4879394444444444,0.02685888618932223,1.0220064444444443,0.0011892057407276895
math,450,17.88888888888889,3.5526362798875053,0.4818785555555556,0.028994432894320347,1.0226870000000001,0.0015604856806391157
math,451,18.666666666666668,1.8828444919993987,0.48069866666666666,0.013948865058071566,1.021968888888889,0.0008369859220231536
math,452,18.444444444444443,2.434115476048842,0.48424855555555557,0.020345926844926664,1.0219969999999998,0.0006999210074052287
math,453,17.444444444444443,1.024890726757407,0.47862400000000005,0.013231626247241222,1.0223048888888888,0.0011080406156146704
math,454,17.77777777777778,2.895996460407641,0.46975877777777775,0.021639688993642776,1.0225542222222224,0.0009601694496482908
math,455,18.22222222222222,1.8741073474447598,0.48445211111111114,0.017579703254171925,1.0222368888888889,0.00076123642304162
math,456,20.77777777777778,2.6003762129823706,0.49584277777777774,0.02049380846436374,1.0213487777777777,0.0009665694094571549
math,457,18.88888888888889,3.0370765214260973,0.48085055555555556,0.027582334881129215,1.0217218888888888,0.0010058291915819864
math,458,18.666666666666668,3.6461126805060187,0.48909588888888883,0.026366801064910097,1.0225407777777777,0.0012423447186763398
math,459,19.666666666666668,2.6903381577381937,0.4909672222222222,0.017733281792618263,1.0220773333333333,0.001087055610747108
math,460,18.22222222222222,3.8963543189812913,0.48817422222222223,0.03173289835423177,1.0223896666666665,0.0011523450535647671
math,461,16.666666666666668,2.1050841375858576,0.46951377777777775,0.012887045359440057,1.0228886666666666,0.000800203094411817
math,462,19.555555555555557,2.0011631166241934,0.5003278888888889,0.026465646263337396,1.0217520000000002,0.0009732214761193482
math,463,19.555555555555557,3.1950875944453987,0.4879008888888889,0.026957547067560473,1.0219447777777777,0.0014515636012617543
math,464,19.88888888888889,1.8208042623824738,0.49391344444444446,0.014834498270070573,1.0222974444444446,0.0013976883171623585
math,465,18.666666666666668,2.9270007124831414,0.4820271111111111,0.024559684143760266,1.022906888888889,0.0018090345826062106
math,466,16.666666666666668,1.9597266806386158,0.4652,0.01721111727283428,1.0228916666666668,0.001045219816344562
math,467,17.77777777777778,2.233697553053747,0.4833578888888888,0.011647074014416928,1.0229892222222223,0.0008515047362877296
math,468,21.11111111111111,3.271232215201102,0.5114467777777778,0.027365576860832422,1.022688111111111,0.0014545425842647434
math,469,20.444444444444443,4.194546075565055,0.4997481111111111,0.025658666466783314,1.0223534444444444,0.0013086673422593308
math,470,19.333333333333332,2.771472050303538,0.4941108888888889,0.016889936108419695,1.0226857777777778,0.0012954283553822433
math,471,20.555555555555557,2.800925290353869,0.5033538888888889,0.027550543194951253,1.0223994444444444,0.000965950003516896
math,472,18.22222222222222,1.9131102923312133,0.48167066666666675,0.01948731760664166,1.0229206666666668,0.0011876469799181272
math,473,15.666666666666666,2.2410331969483046,0.45775577777777776,0.013454206852894288,1.0239023333333332,0.0008767354905171692
math,474,17.0,0.8937439591181049,0.47066474999999997,0.02026211174882675,1.023752,0.00091245294631751
math,475,17.375,2.603292979579652,0.487702125,0.019884830986690773,1.022568125,0.0010226041533371183
math,476,17.625,2.8591950441223632,0.47924725,0.02651974916092004,1.0230275,0.0012733611372638893
math,477,16.285714285714285,0.8797037787545929,0.4708264285714286,0.025253273693560268,1.0230985714285714,0.0008563723485411653
math,478,17.5,3.165749196759503,0.47996450000000007,0.03134316437694157,1.02314,0.0014417824988782544
math,479,18.833333333333332,3.599834497520753,0.4868815,0.02625086199412403,1.0222075,0.0016525265122299708
math,480,19.666666666666668,2.5418593493868844,0.48839516666666666,0.029703831902262577,1.0213485,0.0009419136494582245
math,481,19.0,1.299228263625111,0.49792675,0.02059468477862119,1.021718,0.0020502097816569634
math,482,22.666666666666668,7.58916606719352,0.530529,0.10876923023775066,1.0212886666666667,0.004965282585210548
math,483,20.0,6.572410607728428,0.5042473333333334,0.06077167834578018,1.0218936666666665,0.0013986165956997232
math,484,17.333333333333332,2.868435153166308,0.47133633333333336,0.026704512329206495,1.0232796666666666,0.0010383943253544636
math,485,21.0,0.0,0.49209,0.0,1.022571,0.0
math,486,13.0,0.0,0.43696,0.0,1.02448,0.0
math,487,15.0,0.0,0.471316,0.0,1.024836,0.0
math,488,25.0,0.0,0.530637,0.0,1.021742,0.0
math,489,27.0,0.0,0.543497,0.0,1.021747,0.0
person,1,0.0,0.0,0.38172100000000003,0.01873393297818863,0.6139422,0.07012659405772663
person,2,0.4,0.6911004288272876,0.49858139999999995,0.05135478709000729,0.7608311999999999,0.09995904675604485
person,3,4.1,4.298098609316589,0.6168932,0.0610102529415801,0.9365137000000001,0.09202859293009458
person,4,15.2,12.301920421768235,0.7041782999999999,0.05919422348787211,0.9901816,0.06685658810329502
person,5,30.2,15.500500139380533,0.7573298,0.04656323919756417,0.990553,0.06604627401083038
person,6,50.2,18.439009413197784,0.7868625,0.055253131093102946,0.9895908,0.06769282278998891
person,7,60.6,17.545941939851083,0.7832648,0.055996013885298325,0.9875203000000001,0.06907448009178957
person,8,57.9,15.97256685713699,0.7579506,0.06356220731892535,0.9884945999999999,0.0670015938908109
person,9,64.2,16.84020320002571,0.8037264000000001,0.07166484933995801,0.9886206,0.06892996109683962
person,10,58.4,15.957430440172795,0.7539958999999999,0.06740103088870891,0.9883115,0.06926621809010639
person,11,57.8,15.584641208120901,0.7572336,0.0520898273841776,0.9864875,0.06893739238731607
person,12,58.2,16.044845704116806,0.7591878,0.07045207858344917,0.9871843,0.0692298586913907
person,13,56.5,15.839587910724605,0.7387737999999999,0.06525219975714881,0.9865448000000001,0.06955573775478453
person,14,50.6,13.929370370088693,0.6871970000000001,0.05340683470667166,0.9868887000000001,0.06859939231226886
person,15,51.5,14.256376955934345,0.6954505,0.06081909115108579,0.986421,0.0685316052988474
person,16,47.8,12.621314357424879,0.6551019,0.042311756742109415,0.9868523,0.068933815915921
person,17,48.5,13.578178441970158,0.6635833,0.062447414359540404,0.9864594999999999,0.06873772930030014
person,18,44.2,12.384837022552944,0.6270285999999999,0.04756512718027837,0.9866710000000001,0.0690803564090166
person,19,44.2,11.709926173226261,0.6413025,0.0341675711576705,0.9869082,0.06875819104261688
person,20,43.7,11.306009140247683,0.6237092000000001,0.025076486872291012,0.9860806,0.0697026394794053
person,21,40.8,11.009164858951264,0.6066886,0.045294402447793855,0.9864332000000001,0.06920380445665615
person,22,39.9,11.527140421985587,0.6018144000000001,0.04980987803042191,0.9860405999999999,0.06981720947928405
person,23,38.8,10.763685143159401,0.5763304,0.03690093190663726,0.9870559,0.0688969971940894
person,24,37.4,10.712852815886217,0.5682799000000001,0.042884551468515,0.9866906,0.06900671591510565
person,25,37.4,11.042169736773664,0.5754824000000001,0.05802242402318099,0.9868111,0.06903664596886268
person,26,32.8,9.14737343052309,0.543616,0.03803120857061412,0.9864416,0.06978079883051787
person,27,30.4,8.452116670256107,0.5130634000000001,0.03492568897016578,0.9874282000000001,0.06695423228383911
person,28,31.5,9.395444335085308,0.5313308,0.04276131364095593,0.9869201999999999,0.06876966760923131
person,29,29.9,8.004684310802439,0.5266624,0.030110870100072802,0.9867231000000001,0.06915880060728893
person,30,27.7,7.734460568865738,0.5026039,0.031483792571442355,0.9870794,0.06866816060349143
person,31,27.5,7.549943647157037,0.474866,0.024824765940809984,0.9870176,0.06929520631977319
person,32,25.1,6.790240703619056,0.464303,0.02528588658723031,0.9875904999999999,0.069102662231458
person,33,22.0,6.451445902856739,0.4458436,0.022540880576577747,0.9877795,0.06970509686940693
person,34,22.1,6.428932320831539,0.4539237,0.043297963778642125,0.9877670000000001,0.06962270277384323
person,35,22.2,6.261813748725758,0.4583467,0.028798200426940555,0.9876294,0.06917326939263724
person,36,22.1,6.130125917501175,0.44719610000000004,0.03017221891601535,0.9872735,0.06949158830145244
person,37,18.8,5.361731377459593,0.4191039,0.03707683889676352,0.98802,0.06945879411100603
person,38,19.8,5.243782447517932,0.42125250000000003,0.033088237651364455,1.018133,0.0008348534861920011
person,39,20.3,5.49010210487778,0.41706570000000004,0.028378713066304104,1.0186098,0.0013281421538296446
person,40,20.1,6.0366591553549656,0.4110428,0.03488898843128397,1.018604,0.0009161868079668589
person,41,17.5,5.004658818832106,0.3974466,0.028497504690322514,1.0193002999999998,0.0012596572336817215
person,42,16.6,4.425201906324241,0.3939019,0.036436733023035836,1.0189594,0.0011173807294306323
person,43,17.5,3.4596133914490705,0.3992394,0.022634445938100725,1.0190519,0.0010187676094986875
person,44,16.9,3.0058234481673822,0.3927492,0.02498354813719998,1.0190089,0.000525549463225429
person,45,16.4,2.6808656887297966,0.3871167,0.02416801737782408,1.0192267,0.0011479516847381476
person,46,16.8,1.8408764812817766,0.3766825,0.023482701285755678,1.0194287,0.00099832116783566
person,47,18.0,3.0350023150829064,0.3982116,0.02638851799662228,1.0196418,0.0010055930686013674
person,48,17.0,2.360557356175594,0.38434840000000003,0.024370855244052775,1.0191953,0.0008627338768629374
person,49,16.6,2.9437030844574017,0.3878264,0.028317405108093874,1.0196703,0.0009088367953702991
person,50,16.7,2.7613147219226644,0.38898580000000005,0.02858580692880785,1.0190326,0.0011022959610153728
person,51,17.4,1.4386402649062289,0.3905332,0.01936125545939988,1.0192335,0.0006456422921706076
person,52,17.1,2.5336609060071167,0.3824953,0.019258962911779545,1.0190288,0.00047461375111718394
person,53,16.2,1.6793544045531352,0.3693795,0.01582895737187014,1.0193606,0.0009475715373949892
person,54,15.9,2.063680346928817,0.3787093,0.016123149460186215,1.0193835,0.0013076876534055238
person,55,17.8,1.6451480831351153,0.40338250000000003,0.023268998010810366,1.0191952,0.0013209966477509304
person,56,18.0,1.8470435889458994,0.3895381,0.021558424495791147,1.0189992,0.0009238348645510272
person,57,17.2,2.8969746715991023,0.3913041,0.027122192439661574,1.0184807,0.0009729984195433652
person,58,18.5,3.2564239297897437,0.4056076,0.01900460234644428,1.0186042,0.0011530573932031505
person,59,15.9,2.144745573779524,0.3883148,0.020328499561412937,1.0191843999999999,0.0011242472097713657
person,60,18.1,3.117256583190752,0.3941449,0.032778845640959876,1.0189442,0.0009958612499680727
person,61,17.2,2.6723684702430424,0.3920901,0.02127264497142065,1.0187891,0.0007845828997906576
person,62,16.7,3.0916147891575467,0.3794131,0.02784725769184732,1.0191982,0.000665741984968758
person,63,16.2,2.629470524545083,0.3813208,0.03142456486499695,1.0197745,0.000937978385937428
person,64,18.6,2.459644452867115,0.40780960000000005,0.018422545404904806,1.0184487,0.0006908853355973814
person,65,16.6,2.722954065405149,0.384508,0.022664027613727312,1.0190005,0.0009338153988467855
person,66,15.7,1.7860061501016309,0.3751431,0.019696728063912518,1.0193622,0.0010854153811322774
person,67,17.7,1.9091081611046388,0.4068313,0.017009065895877837,1.0186602,0.0011973482823917187
person,68,17.0,2.051244262394962,0.3961147,0.02047465748851194,1.0184385,0.0005974196984518266
person,69,16.8,1.7128777588435455,0.3934453,0.023796465496434185,1.0186973,0.0009328872747575992
person,70,18.2,2.4503802223859914,0.4056075,0.02414090407762863,1.0185183,0.0005408528257798467
person,71,18.2,2.28217664297011,0.4030921,0.01925657196837619,1.0186159,0.000888932876589317
person,72,17.0,1.7844136342699262,0.3874956,0.012668280504893053,1.0191497,0.000814098722248467
person,73,17.2,2.4270649421907837,0.39389979999999997,0.023546486795410614,1.0184819,0.0011436456021943387
person,74,16.5,2.0581624751633356,0.3814369,0.02186167258561057,1.0182418,0.0007537988174708175
person,75,18.0,1.011667438360969,0.3898549,0.012407733546905358,1.0187486,0.0008252121540085497
person,76,19.5,3.325533462935348,0.4098676,0.03960936228024449,1.0185755,0.0008240000923640196
person,77,18.3,3.339183734630646,0.3982062,0.03110074848244242,1.0185478,0.0009861300854963515
person,78,17.3,3.5855171207728094,0.3832014,0.035771083611123355,1.0192653,0.0010457666031745143
person,79,15.9,1.9209845317065637,0.375345,0.02149611107408856,1.0190666,0.0009840260697750241
person,80,16.4,2.616463995368955,0.3703191,0.01959612616650035,1.0193575000000001,0.0011586686766112161
person,81,16.1,1.8300340349592596,0.3755018,0.018824336364160428,1.0193378,0.0011782809579429553
person,82,16.3,1.909108161104639,0.37563749999999996,0.013286460167877455,1.0188772,0.0010176541842941169
person,83,15.3,1.7211565782644838,0.3925801,0.02312722215244119,1.0186536,0.0012370985493283155
person,84,16.5,1.8547236369951094,0.38937049999999995,0.01953588377893101,1.0189809,0.001192513739576572
person,85,17.2,2.3314734034545763,0.39434810000000003,0.02028803138723988,1.0191177,0.000830623603518247
person,86,16.2,1.7457574910020464,0.3901717,0.030351536151789944,1.0192472000000001,0.001402777087499003
person,87,16.6,1.270751670946758,0.373747,0.019114937720707575,1.0192996,0.0011623208784588975
person,88,15.1,1.9503590878873451,0.3673629,0.020745439049710643,1.0192799000000001,0.0011878754795957667
person,89,15.5,2.0856058531801596,0.3808637,0.023129859327731754,1.0188871000000002,0.0006769005644907864
person,90,17.8,2.496357593686883,0.3964624,0.02897414310711728,1.0189483,0.0013095755726274707
person,91,15.8,2.257124548860663,0.3762292,0.023247566492001697,1.0188229,0.0012902105820275474
person,92,15.2,0.8121392760872086,0.3718249,0.019489833299722273,1.019512,0.0011845367651610293
person,93,16.1,2.948528039481096,0.395438,0.030463789389232956,1.0186167000000002,0.0010342200594704604
person,94,16.4,1.692843411645497,0.3938613,0.029396594332075515,1.0185447,0.001051398585161481
person,95,16.1,2.850477608465269,0.3769495,0.029529588568818457,1.0194962,0.0012655062338930783
person,96,14.5,2.366571524792126,0.3749235,0.023326321097934127,1.0189883,0.0008969738918801866
person,97,16.2,1.340432844364898,0.383462,0.02281752793691856,1.0192397,0.001250597921705441
person,98,15.0,1.6861123972682814,0.37710140000000003,0.02318015469513018,1.0196359,0.0020149003767069083
person,99,17.4,1.5156265414366452,0.40694660000000005,0.019431512621282867,1.0192055,0.0016520914481600235
person,100,16.5,1.760353023595481,0.385659,0.024612855098049603,1.0190782999999999,0.00122268742704261
person,101,16.9,2.5336609060071167,0.3831822,0.02816605227632796,1.019459,0.001663120756231605
person,102,14.3,2.2634135678730183,0.3529722,0.022944010919286585,1.0210177,0.0015800400145005535
person,103,15.4,2.459644452867115,0.3812644,0.02660379254804431,1.0194811,0.0012920516562882015
person,104,16.5,2.7654299473385,0.39007230000000004,0.03573639215469699,1.01949,0.001661511308920532
person,105,16.5,2.0581624751633356,0.39770000000000005,0.027937618180229044,1.0191159,0.0014092224586682628
person,106,16.2,2.450380222385992,0.37594289999999997,0.02172404794897622,1.0190565,0.0008281093302431044
person,107,15.2,2.257124548860663,0.3756609,0.02356674267053253,1.0196097,0.0009385849152951462
person,108,17.0,2.1059537092030283,0.3920979,0.022286794409418154,1.019056,0.00103534270588408
person,109,15.9,1.8608448537581366,0.3862878,0.026908204756299892,1.0195641,0.0010999718340032145
person,110,16.9,2.371371877645238,0.3931591,0.01501897248434843,1.0192552,0.0009794579051966104
person,111,16.5,3.7589341349140852,0.3785357,0.03620770641472255,1.0198228,0.0018359669577276286
person,112,15.1,2.6649111787303594,0.3679927,0.024552925551202805,1.0193799000000001,0.0008297379116882971
person,113,14.3,1.5099887294314076,0.3810568,0.02344510811130127,1.019267,0.0008063524706169111
person,114,14.2,2.073301286481863,0.37968579999999996,0.02864066949707749,1.0192405,0.0007534002461597007
person,115,16.4,3.1670200279174865,0.3866239,0.031946137117118835,1.019135,0.001260910340160552
person,116,15.6,0.9048628651192819,0.3783259,0.03018620541446941,1.0197066,0.001296353838080819
person,117,13.8,1.8097257302385639,0.3615971,0.024939337129235822,1.0196158,0.0007450682322168136
person,118,15.8,2.28217664297011,0.3949747,0.03033804101515432,1.0196260000000001,0.0004985165742099486
person,119,13.3,1.2640221355326993,0.37559170000000003,0.022414880044311976,1.0191908,0.001170981099624202
person,120,14.9,2.728169458165795,0.3787497,0.019184505176410002,1.0187689,0.0010827447896160814
person,121,16.0,2.861427623882659,0.3917704,0.030316261995111834,1.0186240999999998,0.0007971705074026266
person,122,16.6,3.5878950477198,0.3813394,0.031199827167267543,1.0190439,0.0012475084928947353
person,123,16.0,1.9950350931025014,0.3794096,0.030076210824045192,1.0191516,0.0013509432286255933
person,124,15.6,3.2729695783987522,0.3768593,0.037431505712070795,1.0196021,0.0008438700935119518
person,125,16.0,2.8812301274573033,0.3753227,0.032613865449992514,1.0195676,0.0013856680627443306
person,126,15.7,2.2883968143397984,0.3796655,0.01498660549588309,1.0187105,0.0008496054014108337
person,127,17.2,3.3519303787681087,0.3883076,0.03109358817801431,1.0189015,0.0008088481518281288
person,128,15.9,3.9101815350749116,0.3711381,0.03784591694230282,1.0198656,0.001078101384910406
person,129,15.0,1.9663280555547273,0.36746219999999996,0.02464425529350458,1.0195083999999999,0.001292245922212622
person,130,14.5,2.4608000293710206,0.3663964,0.020388122657922687,1.0196758,0.0008658818599995162
person,131,14.3,2.0801461426278602,0.3678036,0.01895602342072728,1.019647,0.0008930291166146117
person,132,15.9,2.091051308540542,0.3890629,0.025311194885605723,1.0193622,0.001361403143422506
person,133,15.6,2.4364178282616265,0.386027,0.024978550447582577,1.0186405,0.0009082916586361884
person,134,15.0,1.348889917814625,0.39056579999999996,0.020379306270292226,1.0188126,0.0006543321647601959
person,135,15.2,1.6793544045531357,0.376637,0.023337322373682554,1.0194186,0.0014955625426257724
person,136,14.5,2.1394367894651816,0.3734364,0.020059771913371244,1.0195524,0.0012544497742185254
person,137,14.6,1.8836222604983184,0.3693369,0.027127504328941156,1.019273,0.001003409383430266
person,138,16.5,2.7654299473385,0.3957426,0.021731780538541808,1.0194983,0.0010385496521911203
person,139,17.1,2.6649111787303594,0.3922264,0.031888009617609535,1.0188345,0.0011458473121740197
person,140,15.8,2.7561620495436454,0.394369,0.024072754505543217,1.018249,0.0008506148110834069
person,141,16.3,2.212600953162121,0.3909401,0.02802357284783542,1.0183712,0.0009359183170107657
person,142,16.4,2.743756155884721,0.4021331,0.03732831996157284,1.0186813000000001,0.0013510826551180115
person,143,15.4,2.190648722954546,0.3693981,0.02400823045885651,1.0188131999999999,0.000545784847524089
person,144,14.9,2.3472719445002177,0.3677063,0.01803984641867569,1.0188181,0.0010156756184549252
person,145,15.1,0.980268103879222,0.3815226,0.019042490115468276,1.0188728,0.000968814994161319
person,146,15.2,1.6102152697059713,0.3862968,0.019638940743199985,1.0187849,0.001098167499981089
person,147,15.0,2.023334876721938,0.3652214,0.015102419778133994,1.0193007,0.0005694898025483049
person,148,14.5,1.6260279103035917,0.36536939999999996,0.029702016908375924,1.0189157999999998,0.0011135523773898289
person,149,14.2,2.017706674229335,0.3703516,0.022535855419622167,1.0189002,0.000990452837158182
person,150,15.9,2.5336609060071167,0.3914628,0.03109064482954111,1.0181988,0.000889803722958549
person,151,16.3,2.9600758436221795,0.39859429999999996,0.01715989690994827,1.0178522,0.0009336733055631989
person,152,16.1,2.850477608465268,0.39672,0.03632173564483862,1.0183225,0.000922065622477018
person,153,15.8,2.0733012864818625,0.3858624,0.030696456730962794,1.0182621,0.0009625159261746143
person,154,16.4,2.459644452867115,0.3846523,0.02244200249880667,1.0184518,0.0007870233587260659
person,155,17.4,2.9437030844574017,0.39159449999999996,0.03037476716354436,1.0180831,0.0007851537635196531
person,156,15.9,2.3952293382337264,0.38312809999999997,0.02014855373268521,1.0184549999999999,0.0009042287990947506
person,157,15.9,2.1447455737795234,0.39225760000000004,0.02328205038850286,1.0183981,0.0008407127152752641
person,158,17.2,3.2310066944477867,0.4030314,0.036461963473894646,1.0179585,0.001366095683390907
person,159,16.4,2.7019918285697235,0.383819,0.030272746944792962,1.0188421,0.0008333473987360361
person,160,15.9,1.9503590878873451,0.38417880000000004,0.018394878566160656,1.0187485,0.0005372442286024944
person,161,16.2,1.7457574910020464,0.37930980000000003,0.01794847555404765,1.0184811,0.0007731009359054986
person,162,15.6,2.3653699143948894,0.37407080000000004,0.0184834217876989,1.0186282,0.001296808141887571
person,163,15.6,2.8254333907474773,0.3751148,0.022212546489407934,1.0192437,0.000849491474720909
person,164,15.7,2.0801461426278602,0.3859239,0.024142627023421178,1.0186769999999998,0.0008880376717947962
person,165,15.0,1.7195040031563353,0.3790891,0.021304609939275295,1.0187861999999999,0.000682948107297006
person,166,15.6,2.9437030844574017,0.3896406,0.03678753977608705,1.0187608000000001,0.0007515915034254967
person,167,15.3,2.2634135678730183,0.38401870000000005,0.02685523867868674,1.0188708,0.0007662814372498053
person,168,15.7,1.9386626760334578,0.3848579,0.01955819344919589,1.0186697,0.0009613934951666911
person,169,16.3,2.5020453604442072,0.38824749999999997,0.023440407777134648,1.0189407,0.0008726719041004567
person,170,16.5,2.217734604965999,0.3862053,0.01787077036715312,1.018859,0.0010060148606391391
person,171,16.2,1.960536207758444,0.3697241,0.022988905391485567,1.0192312,0.0008364307066925171
person,172,15.5,2.0581624751633356,0.38021479999999996,0.020846103829797392,1.0187969,0.0008302653339017085
person,173,15.7,1.3509959142848618,0.3745938,0.013802587317468685,1.0195736,0.0008446213599870305
person,174,17.1,3.7920664065980993,0.40834270000000006,0.03579284316421497,1.0186206,0.0010557037843723803
person,175,16.1,2.222856400713612,0.3826229,0.019182231694896298,1.0187761,0.0008699800429884508
person,176,14.6,1.398558833642901,0.37484510000000004,0.011621026381559981,1.0186397,0.0009532853065778373
person,177,15.9,2.0078193576620627,0.3741916,0.0254252797849217,1.0188581,0.0008884288910842845
person,178,14.5,1.6606281238540848,0.3673562,0.01570810578318676,1.0193264,0.0010561045294576396
person,179,17.2,2.18024178180376,0.3949825,0.018278590728999195,1.0188232,0.0009328569059146278
person,180,16.9,2.1447455737795234,0.3832259,0.030776080260901298,1.0185480999999998,0.000942889155680714
person,181,17.4,2.4364178282616265,0.387048,0.018274340122146678,1.0189008,0.0009414378817396177
person,182,16.9,1.5978083629043778,0.39481770000000005,0.01301661850945581,1.0183201,0.0008269349432817587
person,183,18.7,2.4094304271185956,0.41591300000000003,0.028378806050978162,1.0182845999999999,0.0009189352289215524
person,184,17.2,2.817372223418702,0.385445,0.023760339760439547,1.0185198,0.0008586890746279716
person,185,18.3,2.6988334501336366,0.3991535,0.0259853615514726,1.0186894,0.0007448681392881725
person,186,17.1,2.197128029393053,0.3815073,0.024865362054900902,1.0189317,0.0011727818285503903
person,187,15.2,1.340432844364898,0.3688897,0.01660126919288034,1.0188458,0.0011306793055379655
person,188,16.1,2.442245193266499,0.3828237,0.02058996928750069,1.019355,0.001147270673007616
person,189,16.1,1.5618170712084998,0.3788195,0.0075262970897549296,1.0189835,0.0006407248629702408
person,190,15.2,1.4621618283209237,0.38732730000000004,0.023721266335505083,1.0190995,0.0009485000305830644
person,191,16.2,2.231791260046642,0.38968159999999996,0.026120557918762662,1.0184671,0.0008968579053736074
person,192,17.9,2.9485280394810967,0.3959537,0.026468866249066376,1.01846,0.0009448298683105026
person,193,17.4,3.5077622311393784,0.3888179,0.034053141777643244,1.0185251,0.0013499424190511564
person,194,17.5,1.91505555296083,0.3933834,0.016087126248162387,1.0179645000000002,0.0007775771439000212
person,195,17.7,2.7818299721866024,0.39253590000000005,0.024892446098434877,1.0183499,0.0010847949993193118
person,196,15.1,1.8911537669917304,0.3745762,0.01760838389306985,1.018499,0.0007752500572856121
person,197,16.1,1.2367378698525098,0.38823280000000004,0.012679281651571582,1.0181315,0.0005986930220688552
person,198,17.3,2.6132022480023895,0.392421,0.023413979516229283,1.0181015,0.0007743101965683732
person,199,15.6,3.5239345724426823,0.36910729999999997,0.03249269403333599,1.0185161,0.0010932128379184914
person,200,14.4,2.4364178282616265,0.35952649999999997,0.02836766510875886,1.0199692,0.0015236310146272808
person,201,13.2,1.5379711354562315,0.3830232,0.023805420875375714,1.0188528,0.0007627088231280865
person,202,16.1,3.328951278290588,0.38877280000000003,0.028420808830657025,1.0185095,0.0007110497511571309
person,203,16.0,2.3845230199022156,0.3862929,0.02322111009750796,1.0185662,0.0008426817175773149
person,204,14.9,2.0359414465183843,0.3824361,0.021787075309271785,1.0183578,0.0009530061679251783
person,205,16.1,2.1447455737795234,0.3897093,0.023979402046291346,1.0188025,0.001148618835529323
person,206,17.2,2.776715369639729,0.3940304,0.03077615262781012,1.0179935,0.0011332240500970133
person,207,15.5,1.5175011575414532,0.373428,0.01999056869702772,1.0184845,0.0009732961826725518
person,208,15.3,1.687797667451355,0.3710211,0.017027871480276225,1.0187372,0.0006449392747216837
person,209,17.2,2.519031606829703,0.39150809999999997,0.02972837726334791,1.0183952,0.0010114445547129817
person,210,16.5,2.3180213072056053,0.36863999999999997,0.028165624626883143,1.0186412,0.0008515370286579916
person,211,15.0,1.9076184159217722,0.3707127,0.020243399272326844,1.0188541,0.0008941370865445447
person,212,13.8,1.9893268264869735,0.357126,0.01601407385913168,1.0190697,0.0008211872881253639
person,213,14.3,2.82241315109136,0.3733896,0.020340350983193724,1.0189502,0.0007560355615859565
person,214,15.2,2.756162049543645,0.3828287,0.015500724626675485,1.0192911,0.0011345385346589597
person,215,15.5,1.3593872739378445,0.3908583,0.022068776781079096,1.018319,0.0007632636566620423
person,216,16.0,2.4317458818185185,0.3830962,0.024204740805043014,1.0189709,0.0012452240148535926
person,217,15.3,1.9386626760334578,0.3842533,0.026518934054243184,1.0184618,0.001060444695646932
person,218,17.3,3.017151968652254,0.407976,0.029965018796524998,1.0183881,0.0010374728610615062
person,219,17.2,3.3688508819414063,0.3887276,0.025590022800668164,1.0189244,0.0010548234635736492
person,220,15.8,1.3822008576545752,0.3657532,0.012700795406509958,1.0192249,0.000970584672385036
person,221,16.7,2.8021950315430555,0.3837966,0.03117881252419589,1.0190034000000001,0.0011409481533463926
person,222,18.1,1.9209845317065632,0.4095986,0.018341885581484967,1.0175848,0.00039565895468881505
person,223,18.2,2.5637781178379653,0.39955430000000003,0.02597041495653226,1.018208,0.0010625057305909203
person,224,18.1,3.5759896005113903,0.3951042,0.024108308638767253,1.0181474,0.0006607796998131547
person,225,17.7,3.4066147443198433,0.3901205,0.02835432526546256,1.0183948,0.0012682986677134398
person,226,16.7,2.656362925178426,0.3777739,0.02148835236898829,1.0185237,0.0005821414387643261
person,227,14.8,2.017706674229335,0.3712197,0.021249939024685062,1.0184977,0.0009291476876992814
person,228,15.0,1.8775753034472467,0.3775035,0.018597982122344616,1.0187072000000001,0.0009158889783066586
person,229,15.7,2.3617614150940716,0.37805720000000004,0.03442396850929144,1.0188188999999999,0.0008993079563298852
person,230,16.6,1.8222499331724649,0.3900513,0.022441627826526932,1.0185969,0.0005812931558237971
person,231,16.8,2.563778117837965,0.3995846,0.012684928232064848,1.0180725000000002,0.0006861493268371583
person,232,16.3,1.8485821511359974,0.3894752,0.015993236324556088,1.0185467000000001,0.0007873438682152368
person,233,15.0,2.6766204514048892,0.37706080000000003,0.025474593269153346,1.0189178,0.00124730270518354
person,234,15.0,1.3060570468907835,0.3707105,0.01730436018952191,1.0186496,0.0004699619875809377
person,235,16.1,1.8300340349592596,0.3731639,0.01925408022085834,1.0186604,0.0009510567279036709
person,236,16.9,2.5336609060071167,0.3924163,0.028011867752115283,1.0184132,0.0013877755091575045
person,237,15.5,1.3593872739378445,0.3712641,0.015875872399095898,1.0191765,0.0008213038948645182
person,238,15.1,2.1180685955837184,0.3785655,0.02203594974304313,1.0186929,0.0009498247800201204
person,239,16.1,3.4464401369782474,0.3878501,0.03402305120498246,1.0185651,0.0010785354169752202
person,240,16.7,2.6988334501336366,0.3949339,0.020665006730040316,1.0187509000000001,0.0009775112661487297
person,241,15.4,1.5888869734518407,0.3687051,0.021555753648052924,1.0190498,0.0007365261498124225
person,242,14.5,1.8851309689985039,0.36632410000000004,0.022765762754372212,1.0189040999999999,0.0008820427330201973
person,243,15.9,1.7012197290514188,0.38633829999999997,0.023195616776343863,1.0185535,0.0008668275628578416
person,244,15.9,0.980268103879222,0.3954962,0.015881103750457228,1.0185974,0.0009189224206210319
person,245,15.8,1.9016477646068206,0.375627,0.022147832764353684,1.0187384,0.000851773264717532
person,246,18.1,3.544046221717187,0.40434929999999997,0.033053188167993984,1.0178471999999998,0.0011288657765662362
person,247,16.4,2.616463995368955,0.3855767,0.026340597970721427,1.018135,0.0007940595560792413
person,248,16.7,3.128181581340093,0.378673,0.03206220982007408,1.01829,0.0008954349719264983
person,249,16.2,2.4270649421907837,0.3849414,0.018440511054507905,1.0182567,0.0007161734609810107
person,250,16.4,1.9135704379232206,0.3978549,0.016424175417139215,1.0177584,0.0007160275328143589
person,251,17.5,2.7030438012895766,0.3929865,0.033503775849700795,1.0178955,0.0007746164961969754
person,252,17.9,1.8911537669917304,0.38704299999999997,0.023991111829605956,1.0184445,0.0005226836657401866
person,253,14.1,1.9209845317065632,0.35495920000000003,0.02149354696612684,1.0189889,0.0009059719274882985
person,254,15.2,1.6451480831351155,0.3776094,0.01737364621099812,1.0184393,0.0009220798547302163
person,255,14.9,1.8911537669917304,0.37248519999999996,0.019072298722166103,1.0183408999999999,0.0010211292377501407
person,256,15.7,1.2640221355326997,0.3856558,0.020159417480518686,1.0186591,0.0008752401050714887
person,257,14.7,1.996459609594682,0.3570612,0.024207510280088346,1.019282,0.0009326513043293636
person,258,15.5,1.180278678087797,0.4005204,0.02532924036340194,1.0181943,0.0009333942411918329
person,259,14.3,2.1867519240382647,0.3666701,0.03196634294676485,1.0190785,0.0010934191891678708
person,260,15.7,1.5471861438297423,0.3786935,0.021342963575131935,1.0186369,0.0009041350029375794
person,261,15.6,1.4386402649062289,0.383089,0.024019086947974323,1.0179308,0.0007208761175371014
person,262,16.1,2.5336609060071167,0.38154940000000004,0.020475624596412827,1.01837,0.0007378460216335221
person,263,17.0,2.311880842625105,0.3885049,0.014339227382873443,1.0181381,0.0006475014483194494
person,264,18.4,2.4129676403180853,0.4008872,0.031061594697125484,1.0182597,0.0013289190053534848
person,265,14.9,1.979297747271397,0.37235,0.026190364447105572,1.0184001,0.0009788591275739257
person,266,15.6,2.743756155884721,0.37961469999999997,0.028124164115690287,1.0184141,0.0013315244205510694
person,267,15.5,2.8264394201155683,0.3924164,0.025382768194292832,1.0188214,0.0012669274061454267
person,268,15.8,1.8715088084177551,0.3808479,0.02088775628410889,1.0186175,0.0006458110937135732
person,269,14.5,1.5545188206607607,0.37554319999999997,0.028622889234252415,1.0185537999999998,0.0012027091993648572
person,270,13.5,1.5175011575414532,0.3818429,0.022157385609857354,1.0187628,0.0006262057823948095
person,271,15.3,2.134114799158496,0.3876019,0.026989362045124757,1.0185472,0.0011090500800276827
person,272,16.2,2.206167089721834,0.3868738,0.02928443654422615,1.0186199,0.0007712992070986513
person,273,17.2,2.5637781178379653,0.3945359,0.028630271213281048,1.0183203,0.0012182442486780758
person,274,17.1,2.511118990804684,0.3811248,0.02378628655621262,1.0186024,0.0008618097825330921
person,275,15.4,2.190648722954546,0.36681050000000004,0.023604789959928936,1.0186387,0.0008680939189274848
person,276,15.4,1.726104810549011,0.3964343,0.022463268254220903,1.0187662,0.0009347720634678876
person,277,16.3,2.4561744613163454,0.3862425,0.030662661897982876,1.0184383000000001,0.0009042983467932559
person,278,15.1,1.9503590878873451,0.3730581,0.025944189195405733,1.0191693000000002,0.0007730711927979343
person,279,15.3,2.6348709626115685,0.38772280000000003,0.03688505200721419,1.0186373,0.0011270700767796742
person,280,15.9,3.8809897752948346,0.3857897,0.03417365176190671,1.0185688,0.000894881328107546
person,281,16.5,2.0856058531801596,0.3775134,0.021316317052425284,1.0185299,0.000898587145794335
person,282,16.3,2.5246682923444133,0.3845809,0.02269327437658617,1.0183735,0.0006170855565361594
person,283,15.3,2.5246682923444133,0.3729323,0.03468138428999948,1.0188503,0.0011116059149008485
person,284,16.1,2.298314073432978,0.37422619999999995,0.015462053247800879,1.0184519,0.000657337136355463
person,285,16.7,3.3730677453795095,0.3793667,0.03655209630508216,1.0188644,0.0014966412033555823
person,286,18.0,2.760284956933686,0.40372440000000004,0.01806381797673016,1.018034,0.000688633569495284
person,287,19.1,2.686162800570901,0.40033579999999996,0.02207426504695349,1.0177576,0.0008810540028188236
person,288,16.0,1.8159986285284682,0.3852912,0.027060775717290236,1.0181266,0.0009790779623704234
person,289,15.7,3.2000618757191073,0.3772929,0.030661177058913223,1.018661,0.0013586705833509057
person,290,14.8,2.306956703184347,0.3773634,0.02908121892232978,1.0188099000000002,0.0010808875542043343
person,291,16.6,2.55043659735259,0.398451,0.024979194138476775,1.0185905,0.0009882618905667168
person,292,16.3,2.1867519240382642,0.3862763,0.035439466043894835,1.0184378,0.0008516914601099176
person,293,15.9,2.3472719445002173,0.3901333,0.023626666658296082,1.0184733,0.0007873536174306821
person,294,14.0,1.8159986285284682,0.35970219999999997,0.02389427758059505,1.0189889,0.0010768213142285032
person,295,13.2,1.0556733426391622,0.3554315,0.018783310175266296,1.0189925,0.0009691622255392629
person,296,14.7,1.996459609594682,0.3850385,0.033333384481764934,1.0182731999999999,0.0010643736617379118
person,297,15.4,2.4826537888253455,0.3982903,0.026716209261520796,1.0179255,0.0008746995507797951
person,298,15.3,2.0801461426278602,0.3888931,0.02938311265176217,1.0179360000000002,0.0010485803265571968
person,299,17.0,3.2520558206071835,0.4039296,0.03355936331241944,1.0177713000000002,0.0009256718393973084
person,300,15.6,1.726104810549011,0.3699059,0.01788493005150609,1.0184482,0.0009642778651756494
person,301,15.1,1.9209845317065632,0.3916001,0.01542655951802019,1.0181044,0.0005758342374049981
person,302,16.2,2.629470524545083,0.39948740000000005,0.02835430087063195,1.0180679,0.0010974360138835248
person,303,17.1,2.8304599618636206,0.40313109999999996,0.03451323424698888,1.0179918000000001,0.001156951097781495
person,304,16.4,2.6595717400287993,0.38333019999999995,0.025029056897473926,1.0186382999999999,0.0009426662235310958
person,305,16.9,2.2983140734329774,0.3903504,0.016845760084407645,1.0185151,0.000883644419832371
person,306,17.5,1.2275083537791298,0.3920283,0.018436916484272543,1.0181969,0.0007584256103083964
person,307,18.3,2.134114799158496,0.3986015,0.01621989371028675,1.0176,0.0007028820772490628
person,308,16.1,2.007819357662063,0.3769577,0.019493177111192427,1.0180539,0.0007466942193032358
person,309,15.3,2.4792160021005656,0.3840386,0.026710071220222283,1.0179585,0.0010486783747297025
person,310,15.8,2.1540044629651915,0.3842973,0.030648496355690415,1.0181113,0.001204772323494373
person,311,16.7,1.687797667451355,0.394645,0.0276432493401363,1.0183151000000001,0.0012719774647206917
person,312,15.3,3.0916147891575463,0.3752632,0.0277083146596142,1.0182299000000001,0.0008757687561170927
person,313,17.0,2.500908841938854,0.39904890000000004,0.026769389240464223,1.0179874999999998,0.0007052227738406537
person,314,15.6,2.4129676403180853,0.386458,0.03188487344892018,1.0185692,0.0009984433718015296
person,315,16.6,3.2027260042857595,0.40236600000000006,0.03224313335298789,1.0175653,0.0008605119543243266
person,316,16.8,3.721689707516273,0.39553530000000003,0.03823850629698157,1.018407,0.0015308578360291542
person,317,15.9,3.3798037835322865,0.3702376,0.030477393290078238,1.0187579,0.0012724072879335931
person,318,16.5,2.7030438012895766,0.3882211,0.017134208496698587,1.0184036,0.0005342510070232847
person,319,16.0,1.118440435221111,0.38416130000000004,0.018281009840381744,1.0182027,0.0007499334412932898
person,320,14.7,1.3509959142848618,0.36968260000000003,0.02025330467532439,1.0186463,0.0008892141831289047
person,321,14.7,2.7613147219226644,0.3836535,0.029272244602450218,1.0188355999999998,0.001179858819232525
person,322,14.4,1.8531901736184346,0.3693358,0.032598776194672205,1.0189572999999998,0.0011407831292386777
person,323,14.3,1.9091081611046388,0.3638385,0.02967653672606996,1.0189261,0.000923950852304744
person,324,14.7,2.385714983495729,0.3875897,0.025234166148115755,1.0184856,0.0009498248249174498
person,325,17.4,2.2671786055203054,0.3998556,0.01801627715208015,1.0177856,0.0012328427332491227
person,326,17.4,1.7587372793141411,0.3887811,0.0188374583427546,1.0182232,0.00094744273284357
person,327,17.5,1.9445196763146888,0.3865847,0.021624920248221675,1.0181787999999998,0.0008157009443103053
person,328,17.5,2.3180213072056053,0.4108173,0.027487520513593492,1.017546,0.0008129255503764064
person,329,17.1,3.7316071108108813,0.3867013,0.03214929281356561,1.0185237,0.0008406482996172033
person,330,15.6,4.063495895680979,0.3872725,0.03344667736547393,1.0184975,0.0012654203445758862
person,331,16.7,2.677682391717016,0.397721,0.026026843322791843,1.0184022000000001,0.0008119724763562262
person,332,16.3,2.024739482845095,0.3885856,0.022151403279616632,1.0185137000000002,0.0008662327931707614
person,333,15.5,1.400590147471071,0.3650946,0.011396328171298539,1.0193046,0.0006548029771033063
person,334,13.8,1.2064838201590427,0.3737054,0.0207969153569911,1.0189989000000002,0.0007701162875920932
person,335,14.5,1.6945219875776203,0.382122,0.02659258474269449,1.0188016,0.0014298880199592782
person,336,14.4,1.5888869734518407,0.369844,0.014552262748799285,1.0189889,0.0010664479744070803
person,337,16.0,2.0787789744600365,0.40220130000000004,0.025866161886418274,1.0189315,0.0012267302953658606
person,338,15.4,2.1381075337982045,0.38169810000000004,0.02412260249261574,1.0184498999999998,0.0007205664368787547
person,339,16.0,3.1634272643923245,0.387105,0.03047594128292238,1.0181441,0.0010342064467921738
person,340,15.1,2.621891223758966,0.3694026,0.018614619017792346,1.0186683,0.0011343178787701744
person,341,15.4,2.743756155884721,0.38864,0.028611110213931947,1.0189565999999999,0.0009681594662235116
person,342,17.5,2.002147540235915,0.3940666,0.03269331085988092,1.018149,0.0011152504150530032
person,343,17.8,3.597391037104751,0.3889244,0.036594188694744116,1.0185183,0.0012751999750845193
person,344,16.4,2.3653699143948894,0.3824584,0.020522961693310127,1.0186349,0.0012228508487562857
person,345,15.5,2.1126927782969798,0.38423280000000004,0.019148760928019266,1.0184749,0.001031924615588593
person,346,16.2,2.4963575936868834,0.3828915,0.026854184345920722,1.0186705,0.0007991293552921055
person,347,15.5,2.030348190218022,0.3867674,0.021025141894951457,1.0184182,0.0008674429234120547
person,348,15.8,2.4035235037258698,0.37994629999999996,0.025472710168649982,1.0183653,0.0008879868991405312
person,349,15.9,2.1447455737795234,0.3845898,0.013510340618305404,1.0184951999999998,0.0007247244375258135
person,350,15.1,1.6330066029309374,0.36540049999999996,0.014341097756915094,1.019395,0.001132065105212382
person,351,17.5,3.5247412416926758,0.3958656,0.04313484786387883,1.0189934,0.0013057251443297448
person,352,17.0,2.051244262394962,0.3877731,0.025668579318163607,1.0185952,0.0008188489408249333
person,353,17.2,2.756162049543645,0.3883683,0.024277836633113233,1.018409,0.0008488631343364667
person,354,16.3,2.2126009531621205,0.3917123,0.029844923296949988,1.0184348,0.0008671530854905674
person,355,15.7,2.96007584362218,0.3819687,0.02720102877846176,1.018718,0.0005669042879541121
person,356,15.5,2.7447921219989952,0.37460360000000004,0.008967350446221507,1.0187629,0.0005318848920055421
person,357,17.6,2.9437030844574013,0.39815649999999997,0.017404208962385394,1.0178838000000001,0.0007668727462537717
person,358,16.8,2.331473403454576,0.38121689999999997,0.017329037041922905,1.0184284,0.0006618719648613692
person,359,16.8,1.2064838201590427,0.3878414,0.014807290621216307,1.0181592,0.00034790114045632497
person,360,16.6,2.0842422663373124,0.3769523,0.022960924416155663,1.0181428000000001,0.0007609870245493646
person,361,18.3,2.024739482845095,0.3884632,0.02054199402541388,1.0186329,0.0004409375028946326
person,362,18.6,3.0943722876594846,0.40024350000000003,0.0247479114208175,1.0178984,0.000737204992450395
person,363,17.1,1.3677271513989688,0.3916354,0.01549544356471658,1.0184418000000002,0.0009366702540287593
person,364,17.8,3.2833765031614988,0.3914402,0.02759979039393649,1.0182371,0.0008949482095080483
person,365,16.6,1.6242785521744172,0.3743783,0.011084567763995757,1.0188947,0.0006289290598604707
person,366,15.9,2.442245193266499,0.3867768,0.023970156197847127,1.0180006000000001,0.0009787542013651015
person,367,15.9,1.8300340349592596,0.3749386,0.018542319330801013,1.0180135,0.0008646032051381626
person,368,15.4,2.1381075337982045,0.3691593,0.018755204808347165,1.0188542,0.0004255127444734408
person,369,16.5,1.823809411363889,0.3837808,0.01606629731564658,1.0186977000000002,0.0008976109923275299
person,370,18.3,2.4792160021005656,0.40176559999999994,0.027442131348062032,1.0184326000000001,0.0006397592341249788
person,371,16.9,1.8608448537581366,0.3955681,0.029244175767584167,1.0180383,0.0010143249732361625
person,372,15.8,1.3822008576545752,0.38595670000000004,0.015131968073833242,1.0181673,0.0008564352312499268
person,373,15.9,1.5249765779412563,0.3760548,0.024961530028308122,1.0190272,0.0009355923223700554
person,374,15.5,3.1318147783617696,0.3787895,0.03274209804144877,1.0184808,0.0010431962985314573
person,375,14.8,1.7457574910020464,0.3691661,0.012631327425045897,1.0186406,0.0007306972448848117
person,376,15.0,1.761239750409045,0.3844513333333333,0.01786000342488485,1.01809,0.0006083477060949807
person,377,15.25,3.087946814955287,0.379767375,0.02590398477159854,1.01822175,0.0010090153331097462
person,378,16.666666666666668,3.4274424475150864,0.38082366666666667,0.025490473245621603,1.0189283333333334,0.0006163501482405904
person,379,14.333333333333334,1.9539428247991717,0.38088866666666665,0.01574661125262391,1.0187141666666666,0.0013850987997952179
person,380,14.4,2.0777012673671353,0.376879,0.022968643641025077,1.0189558,0.0011326165382322456
person,381,16.2,0.5552890210395587,0.41638659999999994,0.020194998161859976,1.0190562,0.0017043850928262119
person,382,16.6,5.797387580685871,0.3826838,0.0346559114280309,1.0184022000000001,0.0011648682561961321
person,383,18.4,5.993521251096372,0.4208342,0.0650416120538602,1.018046,0.0015077548988330536
person,384,16.2,4.247144330946816,0.3891566,0.03274341669576871,1.0182586,0.0015368707360640017
person,385,14.666666666666666,5.171145012542263,0.37042233333333335,0.11125035520744857,1.01987,0.002982402602274102
person,386,17.0,15.110419793135666,0.3804863333333333,0.14518876134423198,1.0177186666666667,0.003723096233144341
person,387,12.5,6.353102368087347,0.349061,0.19824220629379763,1.0191615,0.002357000978559765
person,388,12.5,19.05930710426204,0.343005,0.3592806451200759,1.0209745,0.012344077901193892
person,389,16.0,0.0,0.374139,0.0,1.019034,0.0
person,390,19.0,0.0,0.411567,0.0,1.018044,0.0
person,391,17.0,0.0,0.409511,0.0,1.017654,0.0
person,392,18.0,0.0,0.39496,0.0,1.019146,0.0
person,393,18.0,0.0,0.37883,0.0,1.018327,0.0
person,394,13.0,0.0,0.370531,0.0,1.018877,0.0
