subject,generation,valid_solutions_count_mean,valid_solutions_count_compute_ci95,mean_fitness_mean,mean_fitness_compute_ci95,best_fitness_mean,best_fitness_compute_ci95
byte,1,0.1,0.22621571627982048,0.8812155,0.004524556724952306,0.9401166,0.022417235776204046
byte,2,0.9,1.0901208909018802,0.9195003999999999,0.0030985832298530557,0.9479108,0.030239841457904475
byte,3,4.5,5.205146674647475,0.927861,0.0075473957721165965,0.9739722000000001,0.03224093087187459
byte,4,16.6,18.758180397035815,0.9401878,0.021517983471682597,0.9739549999999999,0.0322880943100703
byte,5,29.2,26.98159184247561,0.9470326,0.02456577630030316,0.9743484,0.03254337815788958
byte,6,41.9,28.111999378544756,0.9544903,0.024428218100745542,0.9746121999999999,0.03267001982318835
byte,7,51.9,32.27740600628565,0.9622719999999999,0.02778824851143192,0.9746116,0.032597406491904984
byte,8,54.0,33.29463647984763,0.9673807,0.03103618008255572,0.9832560000000001,0.030314993942547375
byte,9,53.7,32.9841684017922,0.9678181,0.02908950029863826,0.9920901000000001,0.026461070402409574
byte,10,49.5,29.788887052276852,0.9571789,0.022702992837461775,0.9921025,0.026416392193907984
byte,11,52.3,29.044332196891048,0.9623388,0.024397493604884263,0.9918688,0.02684227836087961
byte,12,53.7,25.11130312325559,0.9578398,0.019488273886044395,1.0009814000000001,0.020021871668022734
byte,13,53.8,21.739213943852267,0.9502321,0.01681070697695541,1.0009749,0.020019999178612895
byte,14,57.0,20.384534048414668,0.9497718,0.011948884400247706,1.0010745,0.020076556089974926
byte,15,52.8,17.583492797625624,0.9391914,0.01380102728637488,1.0012971,0.019695371066391118
byte,16,53.4,15.691538490694176,0.936526,0.013905192681424634,1.0012395,0.01982340898797124
byte,17,54.0,14.89515928971384,0.9314256000000001,0.011937604456560256,1.0012762,0.019740387820495968
byte,18,57.5,14.548521916597311,0.9422352999999999,0.00786570928070074,1.0012752,0.01974089049520255
byte,19,52.6,14.895922732952075,0.9301973,0.015957114919522605,1.0012213,0.01986282076585695
byte,20,50.9,14.619479326211374,0.9269394,0.014867626386015654,1.0010259,0.020307862614187357
byte,21,46.6,12.555368521053687,0.9166935,0.008527189436069848,1.0012991,0.019696627835749367
byte,22,46.7,13.522789615808492,0.9170894,0.0150215469060838,1.0012971,0.01969537085275701
byte,23,45.4,12.564422656881755,0.9100113000000001,0.009373193843941325,1.0012974,0.019694441033814094
byte,24,42.7,11.29091164067001,0.9053036000000001,0.0095065419903947,1.0100051,4.122536191103442e-06
byte,25,41.5,10.813489835256807,0.9061325,0.012039504943257524,1.0100034,2.7229540654166823e-06
byte,26,39.3,10.04362681134567,0.8969482,0.01359947366566537,1.0100097,5.002386039951535e-06
byte,27,38.2,7.761979550589669,0.8941366000000001,0.0098847678932692,1.0100033,3.12818158133863e-06
byte,28,38.8,6.243626624201129,0.8970959000000001,0.011269783263098153,1.0100052,3.3519303787853972e-06
byte,29,39.4,5.160716030936574,0.8936694,0.011275943571306046,1.0100036,3.0199774588618637e-06
byte,30,35.3,3.109951929722794,0.8834185,0.005878625563016351,1.0100044000000001,3.847884338760209e-06
byte,31,30.4,4.771429966991458,0.8727633000000001,0.012090031124355539,1.0100054,2.528044271085157e-06
byte,32,29.2,2.4963575936868834,0.8738026,0.008649995899053967,1.0100047,3.373067745387983e-06
byte,33,32.7,5.613007137869138,0.8812405,0.011029650602372834,1.0100041000000002,2.3229219920057573e-06
byte,34,27.4,3.475191774407589,0.8673552000000001,0.008231372876170089,1.0100054,3.0943722876619676e-06
byte,35,26.2,3.7063803472368693,0.8663074,0.008542026695998331,1.0100052000000002,2.154004462996652e-06
byte,36,24.3,3.287702999310499,0.8605798,0.004494556462434275,1.0100088,2.8772805298127022e-06
byte,37,24.0,3.0350023150829064,0.8619049000000001,0.00927651670765787,1.0100054,3.184923053692595e-06
byte,38,20.7,3.146305612378473,0.8550228000000001,0.008037717915086205,1.0100059,4.4412341373162054e-06
byte,39,21.9,2.9868471003558215,0.8597197,0.005423340799150931,1.0100063000000001,3.6794356941275665e-06
byte,40,23.8,4.534357211040611,0.8595342,0.012028706564542278,1.0100046,2.1381075338301626e-06
byte,41,21.5,1.8547236369951094,0.8602112999999999,0.007195724850144467,1.0100065,2.0021475402540764e-06
byte,42,20.9,2.643488715669723,0.8593694,0.007651292537948311,1.010007,3.1272726225554187e-06
byte,43,20.3,2.5246682923444133,0.8525463,0.007538016205045585,1.0100046,3.5400330325520634e-06
byte,44,21.1,2.222856400713612,0.8580762,0.00455398736939852,1.010008,3.6005508014620374e-06
byte,45,23.0,4.00429508047183,0.8574911999999999,0.010725123828722087,1.0100033,2.569316638290308e-06
byte,46,18.8,2.8969746715991023,0.8492400999999999,0.009122955284815208,1.0100055000000001,2.390476894416415e-06
byte,47,20.5,3.7437770806998416,0.8534755,0.008694504915538068,1.0100066,3.523934572442981e-06
byte,48,21.4,4.830645809117914,0.8588894,0.010491991764654,1.0100069,4.190930642487875e-06
byte,49,19.1,3.6546267423924395,0.8510099999999999,0.007324192075803191,1.0100079000000002,3.4955838739196536e-06
byte,50,18.2,1.9893268264869735,0.8469272,0.010386005744716827,1.0100068,4.071882893052779e-06
byte,51,22.0,3.520706047190962,0.8577831,0.009054753495557781,1.0100065,3.4596133914545834e-06
byte,52,20.4,2.5280442710653994,0.8559099,0.007574913143498239,1.0100064,3.3923978047602044e-06
byte,53,20.3,3.109951929722794,0.8557776,0.00860045562853034,1.0100069,3.544046221713117e-06
byte,54,20.3,3.2703626727056396,0.8544702000000001,0.008173512799979967,1.0100075,3.1136063985914957e-06
byte,55,21.4,3.0759422709124635,0.8586834,0.004230353240021127,1.0100074,5.302012538702478e-06
byte,56,22.6,3.523934572442681,0.8656256000000001,0.006318552195422355,1.0100058,2.473475739724082e-06
byte,57,20.5,3.3595551512663864,0.8543105000000001,0.00663134508449253,1.0100051,3.0058234481763214e-06
byte,58,20.9,2.948528039481096,0.8587488000000001,0.007889402686250513,1.0100061,2.890096987596527e-06
byte,59,21.5,2.030348190218022,0.8514035,0.004247399770180433,1.0100042,2.0733012865110344e-06
byte,60,19.9,2.222856400713612,0.8509214999999999,0.005693047998404907,1.0100047,2.2883968143578804e-06
byte,61,17.9,1.408686111709351,0.8506566,0.004581790603094608,1.010003,2.1854514470415006e-06
byte,62,21.2,2.28217664297011,0.8580209,0.0046406961221914225,1.0100062,3.351930378771838e-06
byte,63,19.7,2.5470902981673276,0.8489156,0.006363138653846852,1.0100054,3.094372287661967e-06
byte,64,19.3,2.940804311637666,0.8512308000000001,0.006479576982466131,1.0100101000000001,5.0969702469269415e-06
byte,65,19.7,3.054610286638857,0.8564788,0.006989624191796366,1.0100062,3.5496570639812808e-06
byte,66,18.3,2.6348709626115685,0.8477684,0.005730500408373295,1.0100065,5.377086191880792e-06
byte,67,21.4,1.8531901736184346,0.8603144,0.006030847377346114,1.0100096,3.540033032522105e-06
byte,68,24.5,3.095290907922458,0.8617279,0.0067206795769321455,1.0100051,2.664911178739006e-06
byte,69,21.7,3.1822440207787364,0.8524447,0.006085489245494918,1.0100054,3.341736953119032e-06
byte,70,22.3,3.1822440207787364,0.8567657000000001,0.009478395812687068,1.0100057,4.805272425352218e-06
byte,71,23.6,4.04947896569019,0.8619859,0.009705636699266764,1.0100068,4.5593676446057775e-06
byte,72,20.4,1.177867483172973,0.8534027999999999,0.004957146805634313,1.0100061,4.786302610635583e-06
byte,73,21.7,2.6348709626115685,0.8552602,0.008791599916775595,1.0100055000000001,2.268432229415079e-06
byte,74,19.9,3.34598798770728,0.8504137,0.00895889485609551,1.0100066,2.2419589266380066e-06
byte,75,21.7,3.4398345915923185,0.8575773,0.006674966919835669,1.0100059,3.4955838739344623e-06
byte,76,18.8,2.28217664297011,0.8516132000000001,0.00748228978126732,1.0100061999999999,3.266013205861468e-06
byte,77,21.2,3.7823075339834613,0.8583014999999999,0.009057167779522484,1.0100031,4.094858562373221e-06
byte,78,19.8,3.031253082873291,0.8533238000000001,0.007501815888127523,1.010008,3.8596876926604006e-06
byte,79,19.7,2.5693166382653185,0.8572666,0.005406417513207454,1.0100055000000001,1.823809411397297e-06
byte,80,20.1,2.2482903680001707,0.8541896,0.005065305795086241,1.0100058,3.1417844064129664e-06
byte,81,19.6,3.2204305394119426,0.8505774,0.007663089346264613,1.0100062,3.7216897075364487e-06
byte,82,20.1,3.098962665925036,0.8545403,0.008364735410692272,1.0100078,3.2833765031636287e-06
byte,83,19.8,2.776715369639729,0.8553573999999999,0.006529086374749338,1.0100064,2.5946415626184415e-06
byte,84,20.0,4.238820838691076,0.8535130000000001,0.008324804215477476,1.0100076,2.7644017153082617e-06
byte,85,21.5,4.6145295395631845,0.8588060000000001,0.008155358554019011,1.0100065,6.37386170085309e-06
byte,86,20.3,3.9333789594036053,0.8533950000000001,0.006737086557633006,1.0100062,4.195676500942228e-06
byte,87,19.6,3.773276942027808,0.8549854,0.007308915585028425,1.0100045,2.7447921220169766e-06
byte,88,20.2,5.189283125216122,0.8548745,0.0130639755219874,1.0100058,2.5858610245497927e-06
byte,89,20.2,3.2310066944477867,0.8570714,0.007761221425431499,1.0100082000000001,3.4356996765250335e-06
byte,90,22.2,3.8861141627813964,0.8566407999999999,0.00858238591838756,1.0100059,3.4955838739344623e-06
byte,91,20.2,1.7457574910020464,0.8528636,0.008478795558807244,1.010003,2.5682098897209263e-06
byte,92,19.1,2.0910513085405427,0.8504115999999999,0.0046981524464790965,1.0100074,2.1113466852744563e-06
byte,93,18.9,2.0359414465183843,0.8530063999999999,0.006510662303202991,1.0100051,2.76953905801451e-06
byte,94,19.4,2.4364178282616265,0.8553281,0.005886540469681885,1.010008,4.018469620671587e-06
byte,95,21.2,2.629470524545083,0.855993,0.007770911112408954,1.0100072,3.856740240771801e-06
byte,96,20.1,1.367727151398969,0.8542515999999999,0.0047529861120427655,1.0100079000000002,5.018273875909901e-06
byte,97,21.0,2.6766204514048892,0.8554282000000001,0.006502174620656825,1.010006,3.903632422102637e-06
byte,98,21.0,2.2113156780300454,0.8533704999999999,0.00990106320793729,1.0100062,3.6910074881759465e-06
byte,99,20.8,3.1236341424169995,0.850859,0.008647039808103475,1.0100047,2.9982473215762865e-06
byte,100,21.2,1.778029307418365,0.8578988000000001,0.006391921769255867,1.0100047,3.3730677453879823e-06
byte,101,19.6,2.7644017153091505,0.8509047000000001,0.006136027782267751,1.0100051,2.8703556569121687e-06
byte,102,22.0,4.396843198285354,0.8608670999999999,0.010120055403884087,1.0100075,3.907272173402877e-06
byte,103,20.3,2.409430427118595,0.8498211,0.006989789991367021,1.0100093,3.109951929691042e-06
byte,104,21.1,2.3229219919723865,0.8557121999999999,0.005941927405773088,1.0100052,2.1540044629989965e-06
byte,105,22.5,2.8464853409480444,0.8549466000000001,0.008951866464393169,1.0100062,2.8374822018876957e-06
byte,106,19.9,2.986847100355821,0.8508393999999999,0.006787296859136381,1.0100058,4.584241629766015e-06
byte,107,16.2,2.1540044629651915,0.8477454,0.007249796469694883,1.010007,3.844927838632932e-06
byte,108,19.4,3.523934572442681,0.8544034,0.011730919176894996,1.0100053,1.848582151173105e-06
byte,109,18.7,3.663949784945107,0.8520291999999999,0.007220812166327112,1.0100047,2.862421002737118e-06
byte,110,17.1,2.4883728790780255,0.8492535999999999,0.007631849381137564,1.0100038,3.141784406405734e-06
byte,111,17.9,2.600114341442587,0.8501500999999999,0.006676622142656937,1.0100087,3.3898827436200943e-06
byte,112,19.6,2.885174318390035,0.8547353,0.00644978313731001,1.0100064,3.758177734033347e-06
byte,113,20.4,1.9135704379232206,0.8566193999999999,0.006948059029071139,1.0100079000000002,3.413284578884949e-06
byte,114,20.4,3.8330790343840047,0.8535378,0.009811355571051145,1.0100075,3.8040429588201203e-06
byte,115,22.1,1.7668012247594596,0.8625385,0.005481615188608912,1.0100051,3.7468133967804165e-06
byte,116,22.7,3.389882743631184,0.856659,0.012282853346660608,1.0100068,2.7971176672913083e-06
byte,117,22.0,3.7853129437019906,0.8547502,0.009006443036230934,1.0100065,4.215280993183344e-06
byte,118,22.6,2.9629557624259073,0.8584468,0.00624866248604989,1.0100033,2.052629770357532e-06
byte,119,21.4,3.540033032544421,0.8561368999999999,0.006020087528125013,1.0100058,3.675570333579572e-06
byte,120,20.7,1.9386626760334578,0.8586313000000001,0.00744868395048494,1.0100075,3.5886873399111135e-06
byte,121,22.1,4.024831877536224,0.8566651000000001,0.009861473084170383,1.0100078,5.167322454852817e-06
byte,122,19.7,3.1281815813400926,0.8495619,0.00946135088616944,1.0100089,5.029591603125401e-06
byte,123,23.2,3.452209621098022,0.8580261,0.009554748823519314,1.0100068,3.72168970750931e-06
byte,124,22.8,3.317830505437367,0.8581633,0.010657582356631699,1.0100084,4.105259540659091e-06
byte,125,20.8,4.154821813086419,0.8550642999999999,0.010775086698785482,1.0100069,4.0248318775555015e-06
byte,126,19.0,2.780807804240212,0.8488939999999999,0.009350004621132162,1.0100066,3.523934572442981e-06
byte,127,20.9,2.2734398121549684,0.8557390999999999,0.005929146763673093,1.0100068,4.7904586764613066e-06
byte,128,22.0,2.5682098897158996,0.8563708,0.009506073190430267,1.0100058,2.7354543028064435e-06
byte,129,20.4,1.6589152527186835,0.8543170999999999,0.006940977874448285,1.0100047,7.690225372997194e-06
byte,130,20.7,2.3375624015581447,0.8548473,0.007885744509892592,1.0100037,2.6988334501618895e-06
byte,131,19.8,1.6451480831351153,0.8510568,0.006031902909114293,1.0100058,3.92976338831119e-06
byte,132,18.9,2.4883728790780255,0.850249,0.009652183411359493,1.0100055000000001,3.1499179047594e-06
byte,133,19.0,2.051244262394962,0.8503919,0.006933376559168121,1.0100047,1.848582151173105e-06
byte,134,21.2,3.1053777958606448,0.8615687,0.007385046749421948,1.010004,2.881230127470044e-06
byte,135,20.7,2.7198200293786168,0.8557845000000001,0.00958740535082671,1.010008,4.184820916120442e-06
byte,136,19.3,2.5693166382653185,0.8519031,0.005984180731911184,1.0100089,3.277309813104588e-06
byte,137,21.1,3.3118269297449205,0.8556934,0.0068914637487455365,1.0100041000000002,3.3118269297522834e-06
byte,138,17.4,2.4826537888253455,0.8500972000000001,0.0068108956646441305,1.0100048000000001,2.9744475538471044e-06
byte,139,19.3,2.740645907967312,0.8503556,0.006276423001311969,1.0100058,4.368300391348902e-06
byte,140,20.3,2.052629770328954,0.8528916000000001,0.005308252182086741,1.0100072,2.473475739716936e-06
byte,141,21.5,1.9445196763146888,0.8613523000000001,0.005991329924945791,1.0100105,3.713277370281099e-06
byte,142,23.4,2.1645375549372,0.8608855999999999,0.0057813323842171825,1.0100060000000002,3.471917923683087e-06
byte,143,22.1,3.0058234481673822,0.8561589,0.008950965464859623,1.0100049,3.880989775290461e-06
byte,144,23.3,3.9478081309668354,0.8599800999999999,0.006680010835522881,1.0100069,2.533660906006474e-06
byte,145,19.1,3.2773098131372813,0.8491841000000001,0.007306161454125578,1.0100067000000001,3.128181581352353e-06
byte,146,21.1,3.171505258925593,0.8573961000000001,0.007559010986155275,1.0100076,4.049478965701878e-06
byte,147,20.3,3.6794356941313935,0.8550850999999999,0.009159416920909224,1.0100079000000002,2.8102997340279776e-06
byte,148,19.6,2.6595717400287993,0.8541902,0.008493158006366857,1.0100064,3.758177734033347e-06
byte,149,19.2,1.8715088084177551,0.8540993,0.003992275972028542,1.010005,2.1592774316297633e-06
byte,150,20.9,1.7986955185523754,0.8601855,0.006414265596020978,1.0100072,4.670257415232735e-06
byte,151,20.8,2.5415033418935153,0.8550444,0.009901933233101273,1.0100038,2.4963575937080926e-06
byte,152,22.6,3.8773253520669155,0.8612166,0.008624553797217563,1.0100076,3.6351269407513233e-06
byte,153,20.2,1.778029307418365,0.8550055999999999,0.006140367048514559,1.0100065,4.57741475833318e-06
byte,154,21.6,3.019977458862815,0.8618606,0.005339951931322392,1.0100079000000002,4.311307302428915e-06
byte,155,21.1,2.7281694581657954,0.8559557999999999,0.00815464760345462,1.0100044000000001,2.111346685312727e-06
byte,156,21.0,2.4780690133729264,0.8540059,0.0043659569616347005,1.0100032,2.282176642990372e-06
byte,157,20.2,3.1236341424169995,0.8540969,0.006991492252601345,1.0100084,5.584062139505659e-06
byte,158,19.2,3.4024394581028377,0.8512466,0.007223576984635178,1.0100066,3.458791532923327e-06
byte,159,22.3,1.7860061501016309,0.8595406000000001,0.004889380638019984,1.0100075,3.1136063985914957e-06
byte,160,22.0,3.053679428690489,0.8584244999999999,0.006061297598068367,1.0100068,3.7369363494293883e-06
byte,161,18.5,3.1499179047419714,0.8504737,0.007681505706218656,1.0100065,4.282194397123651e-06
byte,162,19.9,2.091051308540542,0.8559711999999999,0.006167058642364945,1.0100033,2.052629770357532e-06
byte,163,20.8,1.960536207758444,0.8586605,0.009642295445157042,1.0100094,4.662946806907318e-06
byte,164,18.5,2.573738873273039,0.8489006,0.0067239278970654005,1.0100094,2.5726340271284115e-06
byte,165,20.0,3.5528592812022195,0.8549602999999999,0.00882434883290496,1.0100065,4.614529539550187e-06
byte,166,19.3,1.6537659948146721,0.8534222,0.0074355244667914724,1.0100086000000001,5.094180596345821e-06
byte,167,21.7,3.90436064381625,0.8574639,0.010612272523597829,1.0100082000000001,4.2628976417103325e-06
byte,168,20.4,4.7833317813583625,0.8577218999999999,0.010174459901125484,1.0100072,4.249538481195371e-06
byte,169,21.1,3.7619582175712796,0.8582769000000001,0.00871096536440079,1.0100084,3.6971643022744974e-06
byte,170,21.0,2.633791760861357,0.8560862,0.007516884437178283,1.0100072,4.919288905743769e-06
byte,171,20.6,3.0387469214609464,0.8563221999999999,0.008220800168581592,1.0100082000000001,3.4356996765250335e-06
byte,172,19.3,2.8224131510913595,0.8517281000000001,0.005649535878341246,1.0100037,3.585517120777848e-06
byte,173,19.7,2.052629770328954,0.8543464999999999,0.00633510305707197,1.0100066,3.1670200279160693e-06
byte,174,20.9,1.8911537669917304,0.8547029,0.0062085658727065625,1.010004,3.389043975148385e-06
byte,175,20.0,2.821405686075828,0.8569070999999999,0.00414349877424419,1.0100068,3.841969063405961e-06
byte,176,19.8,2.017706674229335,0.8563929,0.005286995815814337,1.0100052,3.4686409829594426e-06
byte,177,20.1,2.850477608465269,0.8542407000000001,0.008372197070521573,1.0100066,4.601573417964945e-06
byte,178,20.3,2.940804311637666,0.8551806,0.004648269851904603,1.0100051,3.7468133967804165e-06
byte,179,19.8,3.5174745586282823,0.8574132000000001,0.011253083483105185,1.0100055000000001,3.058330885210782e-06
byte,180,20.7,3.6013403093853555,0.8539698,0.00906919035909923,1.0100055000000001,3.3595551512756174e-06
byte,181,18.7,1.8790888670170616,0.8524533999999999,0.005728034018034729,1.0100082000000001,3.4356996765250335e-06
byte,182,19.4,3.0387469214609464,0.8543558000000001,0.005978861607933274,1.0100063000000001,3.694856699240976e-06
byte,183,19.4,2.7019918285697235,0.8559245000000001,0.007965549220667924,1.0100057,3.252929911696779e-06
byte,184,23.3,2.8424874663052306,0.8635329,0.0067792087960956374,1.0100065,4.348078179842403e-06
byte,185,20.9,2.091051308540542,0.8531209000000001,0.00593081162143737,1.0100064,2.6808656887466063e-06
byte,186,21.3,4.033299275137054,0.8547819000000001,0.01214501040322964,1.0100060000000002,2.5459738877551774e-06
byte,187,20.7,2.5913523473884963,0.8545476000000001,0.009795609967743492,1.0100051,3.6390352602828114e-06
byte,188,19.1,2.4883728790780255,0.8493850000000001,0.008077197423283744,1.0100093,4.00500499893447e-06
byte,189,21.1,3.7619582175712796,0.8556875999999999,0.007970254359140564,1.0100061999999999,3.6131622264297654e-06
byte,190,20.4,3.3587088091062713,0.8524091,0.009458756568996338,1.0100064,4.501635915509445e-06
byte,191,19.5,2.1394367894651816,0.8522265000000001,0.006947112869637143,1.0100047,3.7407383001255236e-06
byte,192,20.0,2.185451447013319,0.8555214,0.006646172617354931,1.0100071,2.8900969875952162e-06
byte,193,20.3,2.6988334501336366,0.854776,0.006846684555428111,1.0100065,4.6999910506439545e-06
byte,194,20.8,2.9552697423134395,0.8504891000000001,0.007080990006829257,1.0100061,2.7899938341222165e-06
byte,195,20.6,3.475191774407589,0.8540247000000001,0.011378182072556075,1.0100076000000002,3.818216322219214e-06
byte,196,20.3,3.16432583769958,0.8504482,0.006310621118483527,1.0100036,2.4364178282871225e-06
byte,197,18.2,2.331473403454576,0.8481816999999999,0.008935129148431652,1.0100044000000001,4.6015734179709815e-06
byte,198,18.4,2.90481494215144,0.8551167,0.007543182362343406,1.0100055000000001,5.061146598968362e-06
byte,199,19.6,3.290296166270231,0.8543673,0.008396537709266006,1.0100097,4.8757519507859995e-06
byte,200,18.6,2.7848942249667306,0.8483541000000001,0.00895993802553095,1.0100062,3.4686409829812817e-06
byte,201,17.6,3.3075319896293442,0.850169,0.007937046012570934,1.0100049,3.0058234481754807e-06
byte,202,17.7,2.3617614150940716,0.8553342,0.006641435138039569,1.0100089,6.1022362099926355e-06
byte,203,17.7,2.024739482845095,0.8524889,0.008097280154573068,1.010007,2.80118029494607e-06
byte,204,18.2,2.355734966345946,0.847396,0.007078739376051182,1.0100079000000002,4.798167533711773e-06
byte,205,19.4,2.3653699143948885,0.8542911,0.007088906472049761,1.0100083,3.200061875709929e-06
byte,206,18.8,3.581550400761201,0.8537674,0.008411427197182809,1.0100062,3.351930378771838e-06
byte,207,20.4,3.6507351144732145,0.8560380000000001,0.007185492168206296,1.0100073,4.562484308890934e-06
byte,208,20.1,4.31130730243833,0.8544444999999999,0.007892346229655395,1.0100079000000002,5.09697024695072e-06
byte,209,20.0,2.5459738877265967,0.8528373,0.006979596638717644,1.0100058,3.856740240777039e-06
byte,210,23.3,2.3617614150940716,0.8640452,0.007742883910806615,1.0100047,2.7613147219396573e-06
byte,211,23.4,4.228076028408503,0.8608812,0.010737635824656323,1.0100073,3.3221121312975843e-06
byte,212,20.2,1.8408764812817766,0.853693,0.004700003378265277,1.0100088,3.972933084030403e-06
byte,213,20.6,2.616463995368955,0.8548397,0.009626111756760218,1.0100051,3.6390352602828114e-06
byte,214,18.8,1.8715088084177551,0.8534,0.005025240520513125,1.0100054,4.52682713573899e-06
byte,215,21.2,4.249538481181317,0.8552582000000001,0.012008764824161293,1.0100058,3.7521210375328515e-06
byte,216,19.4,3.3246784601026196,0.8510743,0.010154245873557037,1.0100061,3.277309813147349e-06
byte,217,20.1,3.2071613006973068,0.8488386,0.00953661008595313,1.0100086000000001,4.626220479193702e-06
byte,218,21.6,3.0199774588628143,0.8558652,0.005588586632842269,1.0100055000000001,4.255555293201683e-06
byte,219,21.9,1.6330066029309374,0.8577692000000001,0.005437567926369549,1.0100068,3.900718175797526e-06
byte,220,20.2,2.797117667285802,0.8551224,0.0067349102479244485,1.0100064,5.0267645602522854e-06
byte,221,22.7,2.3375624015581447,0.8611871000000001,0.005982806571221419,1.0100038,2.8374822018876957e-06
byte,222,25.6,3.8182163222092775,0.8635113000000001,0.00941022226238777,1.0100049,3.639035260271016e-06
byte,223,20.5,3.3425875925324138,0.8515305,0.008837681195740806,1.0100037,2.5913523474004055e-06
byte,224,18.4,2.190648722954546,0.8479819,0.004579381089603676,1.0100083,3.200061875709929e-06
byte,225,17.9,2.091051308540542,0.8550895000000001,0.005663613184366647,1.0100101000000001,5.845243685661519e-06
byte,226,21.5,3.635908940750762,0.8589114,0.009293447042727875,1.0100067,4.574929733814993e-06
byte,227,18.6,3.1490152201254293,0.8500135999999999,0.006135020534387646,1.0100083,2.882216681204673e-06
byte,228,20.1,3.4955838739359777,0.8567446000000001,0.00922974402609524,1.0100062,2.8374822018876957e-06
byte,229,22.6,3.038746921460945,0.8638337,0.006539830029307229,1.0100079000000002,2.465416919036091e-06
byte,230,21.0,2.8414871187583954,0.8514039,0.0057494628573332394,1.0100062,2.8374822018876957e-06
byte,231,22.8,3.6444998663449293,0.8567560999999999,0.008710538830945632,1.0100068,5.033546795701894e-06
byte,232,22.6,4.900760444771984,0.8595972,0.0129374542298339,1.010004,2.4317458818313343e-06
byte,233,20.1,3.527966074244337,0.8535850999999999,0.007465546526470152,1.0100066,2.616463995377603e-06
byte,234,21.0,4.721114712351188,0.8542232000000001,0.01174664211596243,1.0100087,3.4398345915769026e-06
byte,235,20.0,4.331701179336338,0.8538827,0.0074770440174083035,1.0100084,3.619451460483538e-06
byte,236,18.5,2.9639151135154553,0.8521018,0.010592302607634418,1.010007,3.0350023150786616e-06
byte,237,19.6,2.8653990728777257,0.8528423999999999,0.006792983495674597,1.0100073,2.8021950315391563e-06
byte,238,21.2,2.28217664297011,0.8584107,0.006557017011446125,1.0100074,1.62427855216516e-06
byte,239,20.0,1.5817136321961622,0.8513386000000001,0.006082556245957995,1.0100053,3.43983459160186e-06
byte,240,19.3,2.1073032471237823,0.8543176000000001,0.008514523680409251,1.0100061,4.810003189402745e-06
byte,241,20.5,2.573738873273039,0.8584806,0.007870280880970523,1.0100062,3.5496570639812808e-06
byte,242,20.3,3.6794356941313935,0.854636,0.009864270509656306,1.0100047,3.9478081309589906e-06
byte,243,18.5,3.376437444267165,0.8479515,0.0063791251692337965,1.0100078,3.721689707525593e-06
byte,244,21.7,3.0916147891575463,0.8609984,0.00776223201006994,1.0100057,4.461671330763724e-06
byte,245,22.3,3.553659384642428,0.8614063,0.0075327129681576985,1.0100066,3.1670200279160698e-06
byte,246,22.9,3.0434212003681966,0.8606147,0.010001884561588176,1.0100056,2.6164639953988346e-06
byte,247,22.1,2.621891223758966,0.8569544,0.00759140137243713,1.0100078,3.3519303787597847e-06
byte,248,22.6,3.341736953100766,0.8615977000000001,0.00927372425034233,1.0100068,3.8714550605049775e-06
byte,249,18.8,2.231791260046642,0.8523953000000001,0.008169426048547514,1.0100061,3.277309813135792e-06
byte,250,21.0,1.5817136321961622,0.8551603,0.005446739174478736,1.010008,3.0906950762854017e-06
byte,251,24.8,2.4035235037258698,0.8658824,0.005161403043540681,1.0100044000000001,3.847884338760209e-06
byte,252,21.1,3.924695993053432,0.8548899000000001,0.0075773720754651296,1.0100087,5.114787981858801e-06
byte,253,21.2,2.017706674229335,0.8567052000000001,0.0067014626958801235,1.0100088,6.188744575310879e-06
byte,254,23.2,4.182102617081084,0.8593679,0.006353891517822186,1.0100066,3.1670200279160693e-06
byte,255,20.8,3.2485571043488344,0.8523904,0.00768395814470217,1.01001,3.678662946932687e-06
byte,256,20.1,3.5118122985675253,0.8541601,0.0073049286951508115,1.0100089,4.441234137333547e-06
byte,257,19.2,2.18024178180376,0.8501138000000001,0.004452384917657041,1.0100057,2.719820029399034e-06
byte,258,20.7,3.8456671767569484,0.8587426,0.011395746421082468,1.0100051,2.76953905801451e-06
byte,259,20.9,2.533660906007117,0.8577114,0.006814134970428495,1.0100082000000001,4.355264550896129e-06
byte,260,19.2,3.2660132058618747,0.8519561,0.007061083551864581,1.0100062,2.7354543028092124e-06
byte,261,19.0,1.7844136342699262,0.8512816000000001,0.007904947502890666,1.0100058,4.085822964278014e-06
byte,262,19.9,2.091051308540542,0.8588577,0.0072437382461685166,1.0100068,3.1956167258153102e-06
byte,263,18.8,2.1274435893402885,0.8485386,0.008726252860766613,1.0100069,1.7986955185644398e-06
byte,264,19.5,2.002147540235915,0.8563318000000001,0.005272175293625974,1.0100073,5.562126762909791e-06
byte,265,19.6,1.6589152527186835,0.8512921999999999,0.005296146213338566,1.0100075,3.443138948341774e-06
byte,266,19.1,2.8703556568848314,0.8543485000000001,0.007053927661938019,1.0100047,3.2877029993092266e-06
byte,267,19.5,2.2684322293957653,0.8559987,0.006287309472766345,1.0100054,2.000727073573278e-06
byte,268,20.8,2.629470524545083,0.8541074999999999,0.006273111916378003,1.0100062,4.029773355018881e-06
byte,269,20.2,1.8408764812817766,0.855682,0.0048586539945349935,1.0100035,2.785914893575498e-06
byte,270,19.8,2.1274435893402885,0.8516216,0.005942413045866617,1.0100048000000001,3.468640982957987e-06
byte,271,21.1,2.9677494166885294,0.8562630999999999,0.005982076006199372,1.010005,2.1592774316297637e-06
byte,272,20.5,2.573738873273039,0.8560405,0.008597970886016333,1.0100051,3.2946135755114283e-06
byte,273,19.3,2.8424874663052306,0.8507956999999999,0.008393021938952624,1.0100061,3.7316071108107644e-06
byte,274,18.5,2.785914893582625,0.8506863000000001,0.007971008596299456,1.0100065,2.4141455596791198e-06
byte,275,17.9,2.2482903680001707,0.8479028,0.004058571475358934,1.0100071,2.986847100351887e-06
byte,276,20.2,2.6510062693438257,0.8577726999999999,0.005044333033306665,1.0100111,5.941722288336428e-06
byte,277,20.7,2.4329147095148587,0.8486587999999999,0.006082456395824725,1.0100065,5.665438017755268e-06
byte,278,22.5,5.366501366283879,0.8565443,0.012884258195910523,1.0100067,4.306028687283346e-06
byte,279,20.8,2.9744475538294863,0.8563097,0.004823887924605427,1.0100064,3.019977458873569e-06
byte,280,20.2,3.7063803472368693,0.8565597,0.008633038318495781,1.0100042999999999,2.7198200293925353e-06
byte,281,20.8,3.675570333578987,0.8584622,0.008507594716723176,1.0100086000000001,4.105259540642485e-06
byte,282,21.8,2.045692846905047,0.8577821999999999,0.005497246683381575,1.0100051,2.298314073452649e-06
byte,283,20.6,2.5504365973525904,0.8540518,0.008217175821545223,1.0100061,3.2773098131473493e-06
byte,284,19.0,3.5528592812022195,0.8506558,0.007841266534134432,1.0100072,5.424986393331117e-06
byte,285,19.5,3.5408360342633913,0.8538194000000001,0.00795585618122436,1.0100098000000002,5.6609199237218625e-06
byte,286,19.9,2.6434887156697227,0.8521229,0.010360984772237356,1.0100076,4.214606494253128e-06
byte,287,20.5,2.4141455596659185,0.8501711999999999,0.007775182943090786,1.0100080999999999,5.09697024693363e-06
byte,288,20.1,2.2734398121549684,0.8534032,0.007317452735766765,1.0100097,2.3857149834799235e-06
byte,289,21.7,2.7406459079673122,0.8581641,0.0053469430663144945,1.0100062,3.7216897075364483e-06
byte,290,22.4,2.572634027172215,0.8581082999999999,0.005792186729695295,1.0100058,3.929763388311189e-06
byte,291,22.6,3.5878950477197997,0.8593122,0.007603237759132096,1.0100075,3.3255334629332162e-06
byte,292,21.0,1.390403902120106,0.8580618,0.007527790940692511,1.0100075,4.078161821827867e-06
byte,293,20.6,3.0010906103266244,0.8575724000000001,0.006710915074831504,1.0100062,4.315920794738653e-06
byte,294,22.0,4.5867216091715495,0.8590602,0.011374350862353654,1.0100062,3.1417844064153783e-06
byte,295,20.2,3.3519303787681087,0.8585304,0.008760446742858342,1.0100079000000002,3.670151989631141e-06
byte,296,19.5,3.3425875925324138,0.8573451999999999,0.008804222639867361,1.0100076000000002,3.49151498201337e-06
byte,297,19.9,2.091051308540542,0.8567292999999999,0.00876540052383922,1.0100069,2.6434887156709937e-06
byte,298,19.2,3.5973910371047513,0.8497546,0.007177249044519185,1.0100075,4.981884371556624e-06
byte,299,19.1,2.556004027242069,0.8577418,0.008279378644565077,1.0100084,2.924323656641318e-06
byte,300,20.9,3.311826929744921,0.8584905,0.008678898053277515,1.0100048,4.071882893053398e-06
byte,301,22.3,2.882216681202174,0.8592102,0.004649724076464406,1.0100054,3.458791532932818e-06
byte,302,21.1,2.83045996186362,0.8517130999999999,0.004929291817123277,1.0100042999999999,3.6794356941279096e-06
byte,303,20.0,3.6319972570569363,0.8587954,0.010866842234290661,1.0100086000000001,4.077464640547134e-06
byte,304,20.3,3.6794356941313926,0.8548349999999999,0.008831814793216751,1.0100078,3.2833765031636287e-06
byte,305,19.3,1.81756347037723,0.8502050000000001,0.0068718583329881325,1.0100102,3.92976338831119e-06
byte,306,20.3,2.212600953162121,0.8579719000000001,0.00577522562876788,1.0100068,3.8714550605049775e-06
byte,307,21.5,2.551551055171717,0.8568429,0.007736121240832376,1.0100065,4.188216308884388e-06
byte,308,19.6,3.0943722876594846,0.8483777,0.008191667921330659,1.0100061,4.3506927791031244e-06
byte,309,19.0,1.6861123972682814,0.8549842999999999,0.004031725446358128,1.0100097,2.6563629251552393e-06
byte,310,20.1,2.171094787634969,0.8580743999999999,0.007017689249133844,1.0100054,2.9629557624446365e-06
byte,311,19.6,1.4386402649062286,0.8521101,0.006594148400059414,1.0100037,3.235403222127603e-06
byte,312,19.8,2.6510062693438257,0.8549362,0.006855127263936544,1.0100036,1.8836222605283534e-06
byte,313,20.6,2.80523703898653,0.8560407,0.009557421937537879,1.010009,2.4780690133524777e-06
byte,314,20.7,3.918896660749058,0.8526788,0.009281160242961882,1.010008,5.7129110955982315e-06
byte,315,22.0,2.132782226565775,0.8585337,0.004257443406252927,1.0100045,2.744792122016977e-06
byte,316,19.0,1.8470435889458994,0.8522976,0.006900612248469339,1.0100087,3.875125034843023e-06
byte,317,19.8,4.407176569054986,0.8549125,0.007835651704090086,1.0100069,2.967749416689849e-06
byte,318,21.1,3.5118122985675253,0.8566609,0.008431299651511102,1.0100049,2.29831407345155e-06
byte,319,22.1,1.3255031346719128,0.8561068000000001,0.006837066388964807,1.0100033,2.052629770357532e-06
byte,320,19.5,3.7437770806998416,0.8513387,0.009598121119764685,1.010006,4.64829109710138e-06
byte,321,20.5,3.4099512923716557,0.8543839999999999,0.010613221030788553,1.0100054,3.184923053692595e-06
byte,322,17.9,1.141088321485055,0.8491804000000001,0.00668030402743542,1.0100039,3.623376688236817e-06
byte,323,20.5,3.2911601012112772,0.8583386000000001,0.011120875895330012,1.0100075,3.588687339890005e-06
byte,324,18.4,2.0842422663373124,0.8506092000000001,0.007470554433082607,1.0100051,3.6390352602828114e-06
byte,325,19.2,2.5858610245242595,0.8523631999999999,0.00656672137430841,1.0100058,3.141784406412967e-06
byte,326,21.2,2.4270649421907837,0.8569530999999999,0.00786269609695242,1.0100061,3.7316071108107644e-06
byte,327,20.9,1.979297747271397,0.8590511,0.0055340537580726165,1.0100064,3.7277958473209734e-06
byte,328,21.1,3.3629383899397096,0.8539133,0.009133090954685653,1.0100094,3.603707795310887e-06
byte,329,20.4,2.90481494215144,0.8528186999999999,0.005913685509869068,1.0100073999999999,5.75456105961268e-06
byte,330,18.3,3.035938899680137,0.8457938,0.006409658606255929,1.0100032,1.679354404577369e-06
byte,331,19.8,3.2310066944477867,0.8538864,0.008470049535647575,1.0100069,2.533660906006474e-06
byte,332,19.1,2.2228564007136122,0.8529883999999999,0.0042922129603207545,1.0100065,2.8663910753691307e-06
byte,333,18.7,3.109951929722794,0.8546265,0.007113831304401385,1.0100073,3.1099519297210837e-06
byte,334,18.8,2.6510062693438257,0.8526261999999999,0.003624122029145441,1.0100091,3.7770423126092214e-06
byte,335,19.7,2.940804311637666,0.8539068000000001,0.007598362615161452,1.0100047,3.3730677453879823e-06
byte,336,22.6,4.119086658084732,0.8597716,0.010808115371474344,1.010004,2.0233348767551604e-06
byte,337,20.4,2.4826537888253455,0.8566171,0.010125418860602408,1.0100048000000001,4.814138794463225e-06
byte,338,20.4,2.76440171530915,0.8527129,0.007303053847417429,1.0100068,3.4024394581019735e-06
byte,339,20.3,2.134114799158496,0.8561840999999999,0.010013518371475348,1.0100060000000002,3.5045188072372296e-06
byte,340,18.9,2.2482903680001707,0.8535387,0.008223792288526006,1.0100092,4.394256058783174e-06
byte,341,18.6,2.885174318390035,0.8514685,0.00587692179215957,1.0100085,2.3665715247894914e-06
byte,342,19.9,3.171505258925593,0.8527722000000001,0.009311007071124975,1.0100045,3.3595551512756174e-06
byte,343,21.7,2.1073032471237827,0.8577515,0.004894464971682034,1.0100042,2.7354543027990586e-06
byte,344,19.5,3.325533462935348,0.8515012000000001,0.006406510523249796,1.0100036,2.4364178282871225e-06
byte,345,19.8,4.262897641709181,0.8517554,0.009499025685152327,1.0100058,5.1008731947117666e-06
byte,346,19.7,2.2634135678730183,0.8556250000000001,0.009495819278869432,1.0100072,4.670257415232735e-06
byte,347,20.0,2.5459738877265967,0.8522111000000001,0.0044247937699164715,1.0100064,3.0199774588735697e-06
byte,348,19.6,2.5280442710653985,0.8538352,0.00973172672923074,1.0100074,1.62427855216516e-06
byte,349,19.2,2.9935025056163034,0.8544147000000001,0.009430191791465857,1.0100097,2.8424874662805906e-06
byte,350,20.1,3.746813396755061,0.8542298,0.010469091996085712,1.0100065,3.3083914237032447e-06
byte,351,20.9,3.2071613006973068,0.8583364,0.008372752887126057,1.0100061,2.8900969875965266e-06
byte,352,20.8,3.0312530828732904,0.8604782,0.011265244497112616,1.0100086000000001,4.795204055205546e-06
byte,353,18.8,2.8772805298124573,0.8514677,0.00626279588522556,1.0100085,2.268432229373336e-06
byte,354,19.8,3.068539270357571,0.8587130000000001,0.007733694134875147,1.0100095,5.302548718351518e-06
byte,355,19.6,2.4826537888253455,0.8561517999999999,0.009914064379971397,1.010003,2.1854514470415006e-06
byte,356,19.4,3.891962343912092,0.8509382999999999,0.013054422870201593,1.0100059,2.197128029409975e-06
byte,357,22.0,2.780807804240212,0.8598001,0.007682999927968604,1.0100069,2.621891223767668e-06
byte,358,20.2,3.797310796113076,0.8530013000000001,0.006171480653165843,1.0100064,3.4257555177148414e-06
byte,359,21.1,2.248290368000171,0.8576504,0.008216626466496584,1.0100075,3.2389161474173596e-06
byte,360,19.9,3.4132845788883315,0.8551542,0.008628727200091566,1.0100065,5.920631887717122e-06
byte,361,21.2,4.0718828930367685,0.8558258999999999,0.008961072613179286,1.0100056,2.5054518227060303e-06
byte,362,21.3,2.5020453604442072,0.8558880999999999,0.007868305946839604,1.0100080999999999,3.83678571644582e-06
byte,363,19.9,3.866311243975862,0.8539141000000001,0.007771607996294606,1.0100075,4.007843415326403e-06
byte,364,21.0,4.875168831498471,0.8572575,0.009187664031995706,1.0100066,3.3417369531167654e-06
byte,365,21.1,3.024680743847476,0.8560679,0.007012273148365727,1.0100063000000001,2.9214056546028495e-06
byte,366,21.0,3.1634272643923245,0.8583955,0.007677099962497338,1.0100060000000002,4.828291119329475e-06
byte,367,19.9,4.094858562353054,0.8509757,0.010224552272089973,1.0100052,2.541503341911954e-06
byte,368,18.1,3.098962665925036,0.8509952000000001,0.005652239020851282,1.0100045,3.058330885206654e-06
byte,369,21.2,4.289491147559047,0.8579725,0.007473782654657788,1.0100087,4.144545216055442e-06
byte,370,19.5,3.1858155640136783,0.8528545,0.008542877247352454,1.0100071,2.986847100364569e-06
byte,371,20.8,3.581550400761201,0.8563548000000001,0.0067462946754273815,1.0100041000000002,2.3229219920057573e-06
byte,372,20.1,2.5111189908046834,0.8545883999999999,0.004763910591388005,1.0100075,2.944668707928142e-06
byte,373,19.4,2.6808656887297966,0.8535041,0.009610537191649655,1.0100082000000001,4.930833838075766e-06
byte,374,19.2,3.1777739469036814,0.8525501,0.007258720242214516,1.0100055000000001,2.983037344859287e-06
byte,375,20.1,3.2071613006973068,0.8576191999999999,0.008624732100170058,1.0100075,3.7740303166807617e-06
byte,376,20.9,3.098962665925036,0.8606488000000001,0.006705195890477868,1.0100079000000002,4.579898434412985e-06
byte,377,22.9,2.197128029393053,0.8621506,0.006421070695414195,1.0100075,3.3932357441934916e-06
byte,378,20.7,3.4727366757087754,0.8490125,0.007859643918076397,1.0100075,3.1136063985914957e-06
byte,379,19.5,3.203613554809735,0.8552411,0.007385933401594077,1.0100055000000001,3.2738380856683885e-06
byte,380,19.3,4.397489745336608,0.8521871000000001,0.010639187191602645,1.0100105,2.7239979427702245e-06
byte,381,18.8,4.315920794718687,0.8527516,0.00824550770033442,1.0100036,1.8836222605283534e-06
byte,382,18.4,2.6595717400287993,0.8525492,0.009283183116119224,1.0100071,4.3506927790929685e-06
byte,383,20.4,3.727795847319447,0.8566791,0.00957081338247259,1.0100068,3.841969063405961e-06
byte,384,22.3,2.4094304271185956,0.8576689,0.008071391384579435,1.0100055000000001,3.2738380856683885e-06
byte,385,20.2,2.257124548860663,0.8535746,0.007860028848629862,1.0100065,3.2213132119324805e-06
byte,386,21.3,3.6794356941313926,0.8586874999999999,0.010885569708566592,1.0100076,5.226404496006261e-06
byte,387,19.9,2.8900969875870293,0.8509081999999999,0.008253237476433788,1.0100041000000002,3.6546267424006283e-06
byte,388,20.7,3.1281815813400926,0.8555752999999999,0.009373137313020261,1.0100032,2.282176642990372e-06
byte,389,17.7,2.385714983495729,0.847991,0.007081873363398811,1.0100059,3.224841485926534e-06
byte,390,19.3,2.052629770328954,0.8557403000000001,0.006764482324894177,1.0100080999999999,3.836785716455692e-06
byte,391,21.4,2.616463995368955,0.8615339000000001,0.009633912447645455,1.0100046,2.7848942249724625e-06
byte,392,18.9,3.5759896005113903,0.8511016,0.009517288734820547,1.0100085,3.635908940736385e-06
byte,393,17.9,1.8911537669917304,0.8501555,0.006042923907038,1.010009,3.338332227856985e-06
byte,394,19.6,2.6595717400287993,0.8551990999999999,0.008884977668446236,1.0100061,3.189383107761967e-06
byte,395,19.5,3.1136063985861004,0.8499929999999999,0.010456862749168594,1.0100079000000002,4.02483187752476e-06
byte,396,22.2,3.6444998663449297,0.8571505,0.009141434706017585,1.010004,2.0233348767551604e-06
byte,397,21.0,3.3212562477081695,0.8521796,0.009150916302381826,1.0100057,2.361761415123764e-06
byte,398,19.6,2.6595717400287993,0.853627,0.0077975068824884955,1.0100091,4.108720682446714e-06
byte,399,18.9,2.371371877645238,0.8529703,0.009280745316902546,1.0100086000000001,3.6662768412583765e-06
byte,400,19.0,3.6319972570569363,0.8519128,0.008650056068713944,1.01001,5.918230495633196e-06
byte,401,18.2,3.01243692909577,0.8554573,0.008866787747216066,1.0100084,7.526938695354328e-06
byte,402,19.7,2.21260095316212,0.8582381,0.007363371459995637,1.0100069,1.7986955185644393e-06
byte,403,19.8,1.9016477646068206,0.8571268,0.005749195095464535,1.0100072,4.368300391321155e-06
byte,404,21.5,3.1858155640136783,0.8562989999999999,0.00937738137036777,1.0100099,3.8070312098147108e-06
byte,405,21.4,3.0759422709124635,0.8581194,0.006310338125660598,1.0100042999999999,2.238151464634916e-06
byte,406,19.2,2.629470524545083,0.8500638,0.009233213369652485,1.0100103,4.840640462109597e-06
byte,407,20.4,1.552688897930322,0.8556604999999999,0.005785452752224178,1.0100086000000001,4.818860854241093e-06
byte,408,22.4,3.0574011600274584,0.8623716,0.008054450364606136,1.0100063000000001,2.4792160021079465e-06
byte,409,23.8,4.754717376353265,0.86305,0.00825509349616198,1.0100087,4.103181454200588e-06
byte,410,19.4,2.1381075337982045,0.8511345,0.006236912210323702,1.0100073,4.292803752239157e-06
byte,411,18.8,3.929763388311918,0.8488353999999999,0.008986695870628976,1.0100073999999999,5.182704694779861e-06
byte,412,18.3,2.740645907967312,0.8516377,0.006747810514545772,1.0100065,3.308391423703244e-06
byte,413,19.7,3.7559076174065478,0.8556741999999999,0.008614519096658932,1.0100045,3.6202368465039678e-06
byte,414,19.4,1.6589152527186835,0.8514396,0.008575036488771079,1.0100079000000002,3.7468133967433504e-06
byte,415,20.6,3.290296166270231,0.8562153,0.005426786894996934,1.0100051,4.6659942856969635e-06
byte,416,19.6,2.2419589266264732,0.8538180000000001,0.00559918413540156,1.0100069,5.130327738079759e-06
byte,417,20.5,2.390476894388607,0.8546847,0.007749947940873809,1.0100039,2.273439812181746e-06
byte,418,19.0,3.338332227863102,0.8510789000000001,0.009729482985083752,1.0100060000000002,3.1090376413337673e-06
byte,419,18.1,3.328951278290588,0.8496142000000001,0.0076740480138818255,1.0100084,4.735545050791468e-06
byte,420,18.4,2.056780694225329,0.8485843,0.004232178715028786,1.0100058,2.916535830165813e-06
byte,421,20.3,2.7198200293786168,0.8559667,0.007477415261965403,1.0100055000000001,3.2738380856683885e-06
byte,422,18.2,1.340432844364898,0.8528311000000001,0.0049441892363532945,1.0100037,2.5913523474004055e-06
byte,423,20.2,2.955269742313439,0.8542259,0.008770595195568314,1.0100065,4.188216308884388e-06
byte,424,24.3,2.6132022480023895,0.8656668,0.006275770763332311,1.0100045,3.3595551512756178e-06
byte,425,22.8,4.236137191167437,0.8548982,0.008542445353272372,1.0100029,1.8300340349818732e-06
byte,426,23.4,2.825433390747478,0.8562955999999999,0.0056829659251603735,1.010003,2.1854514470415006e-06
byte,427,21.4,2.825433390747478,0.8547222,0.00884867145923754,1.0100041000000002,3.5759896005084795e-06
byte,428,21.4,2.1645375549372,0.8587953,0.008581607603164157,1.0100045,3.6202368465039678e-06
byte,429,22.4,2.638105918971212,0.8564573,0.00757269391834029,1.0100037,2.5913523474004055e-06
byte,430,23.5,3.0396823522731484,0.8632453999999999,0.0085473396131461,1.0100057,2.960075843632871e-06
byte,431,21.6,3.0759422709124635,0.8530150000000001,0.010059867429038647,1.0100074,3.6037077953122874e-06
byte,432,19.6,3.7430176168355107,0.8558097,0.010931325205927241,1.0100063000000001,4.15824170156042e-06
byte,433,20.3,3.7860639233629256,0.8541392,0.009533323777912378,1.0100076,4.119086658077511e-06
byte,434,19.7,3.90436064381625,0.8557425000000001,0.006595485051886007,1.010008,3.4555021441298467e-06
byte,435,19.3,2.6988334501336366,0.8542875999999999,0.006828674035256359,1.0100111,4.5550007319756174e-06
byte,436,19.3,3.8010523585500815,0.8526019999999999,0.007612257652084955,1.0100064,3.833079034386191e-06
byte,437,19.8,4.6945438890004345,0.8565448999999999,0.012744662913692,1.0100047,4.487086924168002e-06
byte,438,19.4,2.2671786055203054,0.8559678,0.006506198556262512,1.0100047,2.7613147219396573e-06
byte,439,21.2,1.9893268264869735,0.8574505,0.0068076106575438965,1.0100052,5.2329279907397634e-06
byte,440,21.9,3.7468133967550616,0.8591607,0.00845505300199303,1.0100052000000002,2.6510062693714797e-06
byte,441,20.2,3.4356996765364802,0.8528268999999999,0.006747114540284553,1.010004,3.1090376413256463e-06
byte,442,19.3,2.1073032471237823,0.8544245,0.0072520668565937965,1.010005,4.357874838556001e-06
byte,443,19.5,1.5906752542355695,0.8557783999999999,0.005862614349328606,1.0100068,3.6600680699430497e-06
byte,444,19.7,2.7613147219226644,0.8555001000000001,0.009246775246648705,1.0100041000000002,3.5759896005084795e-06
byte,445,19.7,2.5913523473884963,0.8522695,0.007242828633382694,1.0100051,2.76953905801451e-06
byte,446,20.6,3.3246784601026196,0.8589093999999999,0.006329440400501466,1.0100068,3.7369363494293887e-06
byte,447,21.9,3.1172565831907524,0.8605484000000001,0.007773159153648069,1.0100058,2.473475739724082e-06
byte,448,20.8,1.9016477646068206,0.8530301,0.004299747980219498,1.010007,4.511729282221638e-06
byte,449,22.7,2.8624210027092793,0.8572596000000001,0.008425534707033019,1.0100057,2.361761415123764e-06
byte,450,21.0,2.4082502015140483,0.8531654,0.007220240568413582,1.010003,2.676620451429971e-06
byte,451,21.7,3.6794356941313935,0.8531683000000001,0.011266112657587691,1.0100044000000001,2.505451822706031e-06
byte,452,20.3,3.3049523464528385,0.8536828999999999,0.007186824099593782,1.0100071,2.5560040272501204e-06
byte,453,20.2,1.8408764812817766,0.8524418,0.004332731277160618,1.0100036,2.4364178282871225e-06
byte,454,19.9,2.7281694581657954,0.8512693,0.00895738619245303,1.0100061,3.731607110810764e-06
byte,455,20.0,2.1592774315969074,0.8542711000000001,0.007075945268484641,1.0100049,3.3798037835299225e-06
byte,456,20.9,3.0805601120816224,0.8586221,0.010191943931752918,1.0100033,2.4561744613219503e-06
byte,457,21.0,3.053679428690489,0.8543967,0.008110704374070563,1.0100036,2.316794516278403e-06
byte,458,22.3,2.052629770328954,0.8588850000000001,0.006822397870769172,1.0100051,2.298314073452649e-06
byte,459,22.0,2.997298959273309,0.8544065,0.00868409066545679,1.010004,2.9782682973111423e-06
byte,460,20.8,3.9872191174692486,0.8540478,0.00829029451821293,1.0100055000000001,2.268432229415079e-06
byte,461,21.3,3.1281815813400926,0.8554550000000001,0.007666169320270789,1.0100054,2.528044271085157e-06
byte,462,22.4,3.523934572442681,0.8629175,0.010590801057390974,1.0100039,2.273439812181746e-06
byte,463,22.6,2.389287306410294,0.8609870000000001,0.004297003188789777,1.0100068,4.621301583097005e-06
byte,464,22.4,2.5946415626080612,0.8597611000000001,0.007275698233331749,1.0100064,4.501635915509445e-06
byte,465,21.0,2.4550167075582596,0.853192,0.0066157878748549235,1.0100053,2.4094304271493663e-06
byte,466,22.3,2.979222717529596,0.8567373999999999,0.007904409139118048,1.0100058,2.473475739724082e-06
byte,467,18.4,2.825433390747478,0.8537613000000001,0.010438496284469403,1.0100062,3.0685392703643426e-06
byte,468,20.0,2.360557356175594,0.857964,0.006298511693949061,1.0100082000000001,3.549657063980569e-06
byte,469,20.4,3.3587088091062713,0.8557254999999999,0.01030579610241263,1.0100057,2.960075843632871e-06
byte,470,20.5,1.760353023595481,0.8556829,0.008330290099956544,1.0100067000000001,3.4890713692255564e-06
byte,471,20.5,3.2564239297897437,0.8575659,0.012000707713509395,1.0100080999999999,4.0669925798230836e-06
byte,472,21.4,3.8182163222092775,0.8590211,0.009797754338959404,1.0100064,3.019977458861027e-06
byte,473,19.9,2.909704383319462,0.8527559,0.00586694803140744,1.0100059,2.5781535229649864e-06
byte,474,17.9,3.7920664065980985,0.8458691,0.009085234877646564,1.0100056,2.9437030844734262e-06
byte,475,19.6,2.8052370389865304,0.8559300000000001,0.006095108074977087,1.0100061,3.311826929772107e-06
byte,476,20.3,2.921405654594688,0.8563591,0.007997953287200514,1.0100051,4.938323570735486e-06
byte,477,18.7,2.6776823917170156,0.8523326000000001,0.009835096169750736,1.0100061,2.9677494167026114e-06
byte,478,19.5,2.4837986603590245,0.8522747,0.007609781883735873,1.0100073,2.8021950315391563e-06
byte,479,19.2,2.355734966345946,0.8521001,0.0074527624673652705,1.0100072,2.9552697423163944e-06
byte,480,21.2,2.5415033418935153,0.8561329000000001,0.006357300334547036,1.0100048000000001,2.8772805298197224e-06
byte,481,19.7,2.7613147219226644,0.8523643,0.00904384904717489,1.0100084,5.584062139496162e-06
byte,482,23.8,3.01243692909577,0.865267,0.008304728609979611,1.0100072,3.856740240781622e-06
byte,483,20.4,2.056780694225329,0.8555367,0.006907402593521175,1.0100037,3.2354032221276026e-06
byte,484,19.0,2.3845230199022156,0.8505148,0.008801724786743728,1.0100038,1.960536207782622e-06
byte,485,19.3,4.448909086836469,0.8507412000000001,0.011019369016938119,1.0100052,3.900718175799468e-06
byte,486,18.9,3.6701519896128065,0.8505455,0.010932509684811714,1.0100039,2.748932082327675e-06
byte,487,19.1,4.038934344982676,0.8538615,0.008312466217175222,1.0100067000000001,3.322112131302145e-06
byte,488,18.9,1.9209845317065637,0.8544702,0.00794273740249362,1.0100083999999998,6.44439128519913e-06
byte,489,18.9,3.7163386052411127,0.8518798000000001,0.011595742518958264,1.0100075,3.476009755306693e-06
byte,490,19.3,2.5246682923444133,0.855357,0.00639503126386852,1.0100052,2.877280529821478e-06
byte,491,17.9,2.578153522955246,0.8520011000000001,0.005049174882275446,1.010007,3.6786629469498463e-06
byte,492,20.1,2.8304599618636206,0.8535703,0.008997780339549793,1.0100066,4.601573417964946e-06
byte,493,19.7,1.996459609594682,0.853419,0.006428637435773754,1.010005,2.8011802949505766e-06
byte,494,20.6,4.865829419029718,0.8524328000000001,0.012263529098046917,1.0100039,1.6674620133531019e-06
byte,495,21.3,3.990782635132421,0.8532621,0.011990412178192529,1.0100066,3.4423131565267252e-06
byte,496,19.6,2.5280442710653985,0.8542468,0.008041561011715092,1.0100069,4.40265870363678e-06
byte,497,19.0,3.520706047190962,0.8503242,0.009852452269520548,1.0100060000000002,2.7808078042475336e-06
byte,498,18.7,2.8624210027092793,0.8520481999999999,0.006658532737031501,1.0100054,2.7848942249760886e-06
byte,499,19.3,2.677682391717016,0.8545805,0.009646089986309727,1.010008,4.130115022287755e-06
byte,500,18.9,3.6701519896128065,0.8503282000000001,0.00638476406043608,1.0100071,2.5336609060039826e-06
byte,501,19.2,2.4035235037258698,0.8565126,0.007889687716510791,1.010005,2.8011802949505766e-06
byte,502,20.5,3.7890663535916134,0.8582702,0.00833161573267828,1.0100058,3.6131622264262714e-06
byte,503,21.0,2.7396083739880646,0.8559422,0.007941598625725976,1.0100057,2.9600758436328712e-06
byte,504,23.6,4.576793628679598,0.8630015999999999,0.012294766450846314,1.0100027,3.0731682355389642e-06
byte,505,22.2,3.1053777958606448,0.8559039,0.006353135838925369,1.0100071,2.8900969875952162e-06
byte,506,18.8,2.306956703184347,0.8556678,0.008704933151025189,1.0100101000000001,4.726531252140841e-06
byte,507,19.7,2.6988334501336366,0.8571740999999999,0.009255573607482678,1.0100073,3.1099519297210837e-06
byte,508,20.1,3.098962665925036,0.8577308,0.010539743486699202,1.0100065,4.348078179819172e-06
byte,509,21.2,3.0870134846442507,0.8552392,0.008954588796044886,1.0100037,2.212600953194076e-06
byte,510,21.2,2.4734757397050195,0.853064,0.007203408104876202,1.0100051,3.6390352602828114e-06
byte,511,19.5,2.551551055171717,0.8509878000000001,0.0055362153871238405,1.0100093,4.345462007399984e-06
byte,512,20.1,2.4654169190386828,0.8560053,0.005405926091195853,1.0100064,2.5946415626184415e-06
byte,513,22.3,2.4792160021005656,0.8598796,0.009551960083970435,1.010004,3.4719179236867236e-06
byte,514,24.3,3.1643258376995793,0.8618632999999999,0.005655393701766675,1.0100057,2.2381514646428134e-06
byte,515,19.1,2.870355656884831,0.8480599999999999,0.006960716526826893,1.0100053,3.07316823554184e-06
byte,516,22.2,2.9359666635001953,0.858774,0.007540816699012598,1.0100036,2.4364178282871225e-06
byte,517,19.6,3.3246784601026196,0.852805,0.008418681292905229,1.0100044000000001,2.9437030844734262e-06
byte,518,21.1,2.063680346928817,0.8552451,0.006538380969320849,1.0100073,3.3221121312975847e-06
byte,519,20.1,2.6649111787303594,0.8525828000000001,0.00951946921163126,1.0100054,4.34742428433265e-06
byte,520,22.9,1.9503590878873451,0.8591867000000001,0.005379912559731892,1.0100068,3.3178305054345968e-06
byte,521,23.7,2.5020453604442072,0.8613576000000001,0.006231733456826547,1.0100037,3.2354032221276026e-06
byte,522,20.0,3.7702619379970077,0.8511780999999999,0.010104426290444056,1.0100079000000002,3.953565054383411e-06
byte,523,21.8,2.18024178180376,0.8610249,0.0067882993873627845,1.010006,4.225385556610884e-06
byte,524,21.6,3.55605861483673,0.8595273999999999,0.006683267428247551,1.0100049,3.0805601120900827e-06
byte,525,19.4,2.389287306410294,0.8561311,0.007229250265839313,1.0100071,2.273439812174526e-06
byte,526,20.8,2.1274435893402885,0.8573361,0.00573557886239894,1.0100068,5.2111512504341435e-06
byte,527,21.5,2.4375844157492357,0.8574268999999999,0.006989270688511733,1.010005,2.8011802949505766e-06
byte,528,19.6,2.924323656641848,0.8516998000000001,0.01073711714884336,1.0100066,3.523934572442981e-06
byte,529,22.0,4.046669753443876,0.8593594,0.01191736591498454,1.0100069,3.7163386052604995e-06
byte,530,18.9,2.7695390579961843,0.8579535,0.0076279398978075,1.0100045,3.1499179047594e-06
byte,531,19.7,1.6537659948146721,0.8551133999999999,0.008525475121256145,1.0100058,3.141784406412967e-06
byte,532,21.5,3.393235744197307,0.8581447000000001,0.00871608203078306,1.0100055,5.695467051524887e-06
byte,533,20.5,2.002147540235915,0.8562999,0.005554689829288356,1.0100078,3.944205786812607e-06
byte,534,20.9,2.643488715669723,0.8608028000000001,0.008329372468351998,1.0100052,4.1273606938759855e-06
byte,535,19.9,2.7281694581657954,0.8538715,0.009354743659036355,1.0100044000000001,2.1113466853127265e-06
byte,536,20.7,3.7255072177080515,0.8552188,0.008095301256215213,1.0100061,4.350692779103126e-06
byte,537,20.3,3.3049523464528385,0.8578714,0.010969347269627202,1.0100054,3.964336752807944e-06
byte,538,20.9,4.204476025721528,0.8583697000000001,0.009418871205048593,1.0100065,5.259481619692411e-06
byte,539,20.5,2.9057934885636176,0.8571696,0.009193354702610165,1.0100053,2.4094304271493663e-06
byte,540,20.7,3.2529299116915356,0.8585345999999999,0.009393745552952202,1.0100059,2.197128029409975e-06
byte,541,19.2,3.597391037104751,0.8533522,0.009765419491084913,1.0100073,2.5470902981724156e-06
byte,542,21.3,4.769642133305891,0.8601065,0.013567693971904644,1.0100068,3.283376503158245e-06
byte,543,20.1,4.389724895702611,0.8583308000000001,0.010470907709488261,1.0100068,4.42005931084273e-06
byte,544,21.1,4.150029234628547,0.8619513,0.008926783806240091,1.0100047,3.373067745387983e-06
byte,545,21.5,3.4596133914490705,0.8590763000000001,0.008964625250577923,1.0100059,4.217977910260384e-06
byte,546,22.6,3.4257555176870915,0.8621997,0.008500043731237328,1.0100082000000001,3.4356996765250335e-06
byte,547,20.4,3.1670200279174865,0.8547553000000001,0.00715201215482791,1.0100061,2.4422451932754674e-06
byte,548,19.8,2.8772805298124577,0.8528287999999999,0.008267855995006896,1.0100063000000001,3.8604242040442656e-06
byte,549,19.4,1.6589152527186835,0.8495290000000001,0.007318087356837316,1.0100060000000002,2.697779835641308e-06
byte,550,19.1,3.9101815350749107,0.8513485,0.006859829163213964,1.0100083,2.8021950315305953e-06
byte,551,21.9,2.81029973402556,0.8556134999999999,0.004659247603867189,1.0100077,4.158241701575297e-06
byte,552,22.3,3.4890713692129753,0.8563276999999999,0.010663090246940973,1.010005,2.6552924585406825e-06
byte,553,19.2,2.629470524545083,0.8504695999999999,0.0059734207161418916,1.010008,3.815236831853979e-06
byte,554,22.0,2.780807804240212,0.8588788,0.006374302644445633,1.0100062,3.351930378771838e-06
byte,555,21.3,3.617094279204329,0.8578642999999999,0.009217239991594817,1.0100047,2.2883968143578804e-06
byte,556,22.4,2.9820841454831157,0.8599093,0.007879372008204865,1.010008,3.568827268546959e-06
byte,557,20.8,3.2310066944477867,0.856244,0.006036501412724689,1.0100081,4.579898434445792e-06
byte,558,21.4,3.341736953100767,0.8586245,0.007511680342246289,1.0100058,3.1417844064129664e-06
byte,559,21.3,2.313110239597199,0.8606216,0.008340759084540256,1.0100061,1.6674620133531014e-06
byte,560,21.0,2.4082502015140483,0.8588072,0.005668253355078119,1.0100032,2.282176642990372e-06
byte,561,19.7,3.7860639233629256,0.8544856,0.009930321716862011,1.0100053,2.761314721942401e-06
byte,562,21.0,3.6319972570569363,0.8593524,0.009495914276763308,1.0100092,5.067321812013944e-06
byte,563,21.9,2.298314073432978,0.8569767,0.0048594816818927035,1.0100072,3.04995315588577e-06
byte,564,20.9,3.2424252666774267,0.8580013,0.01091622844512287,1.0100037,2.212600953194076e-06
byte,565,19.8,1.9016477646068206,0.8545913,0.00601418651764523,1.0100054,3.862632895466718e-06
byte,566,20.3,3.6013403093853555,0.8507260000000001,0.007845567003652573,1.0100058,3.1417844064129664e-06
byte,567,19.7,1.7538811155696892,0.8539185,0.005885409552023774,1.0100055000000001,2.268432229415079e-06
byte,568,19.9,3.1354437654174174,0.8537048,0.007585336003852476,1.0100072,3.7823075340041003e-06
byte,569,23.0,2.9204323393404223,0.8574961999999999,0.010379218746115755,1.0100097,3.356168502050322e-06
byte,570,23.8,3.159830415856352,0.8587897,0.010208158388287073,1.0100062,4.001454147098596e-06
byte,571,21.6,4.425201906324242,0.8570567,0.00882037282652559,1.0100042999999999,3.33918373463649e-06
byte,572,20.9,4.271558691404281,0.8550312,0.009460962812540443,1.0100075,3.3255334629332162e-06
byte,573,21.9,3.171505258925593,0.8578898,0.010697111247687935,1.0100083,5.21387831704968e-06
byte,574,18.3,3.663949784945107,0.8489609999999999,0.010831378938114193,1.0100083,3.7255072176997885e-06
byte,575,20.9,2.371371877645238,0.8575489,0.007797503232471885,1.0100049,3.080560112090082e-06
byte,576,20.8,2.257124548860663,0.8559709,0.007597534335078037,1.0100063000000001,3.146305612378459e-06
byte,577,22.1,2.3472719445002177,0.8570655,0.006848260744854401,1.0100085,3.878058513708921e-06
byte,578,23.1,3.3798037835322865,0.8604822000000001,0.010693666803714145,1.0100062,1.8097257302571168e-06
byte,579,22.0,2.4082502015140483,0.8582399000000001,0.00710917467359038,1.0100048000000001,3.468640982957987e-06
byte,580,20.8,2.8772805298124573,0.8533139000000001,0.008514905731958778,1.0100087,3.5053299445544008e-06
byte,581,22.1,4.1225361911054055,0.8590458999999999,0.011564210039623801,1.0100041000000002,3.311826929752284e-06
byte,582,23.2,4.407176569054986,0.862743,0.008499704475341667,1.0100062,3.351930378771838e-06
byte,583,21.0,3.338332227863102,0.8551290999999999,0.007484459046548385,1.0100051,2.4188515009256546e-06
byte,584,21.9,3.328951278290588,0.8594950000000001,0.006044056072496665,1.0100075,3.3255334629332162e-06
byte,585,20.3,3.4066147443198433,0.8559408,0.008773781737489982,1.0100101000000001,3.6856118389517875e-06
byte,586,18.8,2.797117667285802,0.8524456,0.004649990033030772,1.0100056,2.1113466853127265e-06
byte,587,19.9,2.0910513085405427,0.8533369000000001,0.0070455939233759245,1.0100063000000001,3.8604242040442656e-06
byte,588,19.1,2.322921991972386,0.8501097,0.008462142533747274,1.0100061,2.8900969875965266e-06
byte,589,16.6,1.8836222604983184,0.8474902,0.00588176357706635,1.0100042999999999,2.361761415123764e-06
byte,590,18.5,2.002147540235915,0.8546875,0.0050304603762047605,1.0100064,3.3923978047602044e-06
byte,591,19.5,2.7447921219989952,0.8532821,0.009887900749529674,1.0100068,1.679354404577369e-06
byte,592,18.0,3.1090376413215215,0.8475656,0.007322083183138385,1.0100069,2.967749416689849e-06
byte,593,21.6,2.459644452867115,0.8642451,0.007972771396370135,1.010004,2.0233348767551604e-06
byte,594,21.7,2.9600758436221795,0.8584096999999999,0.006280937081041202,1.0100058,4.249538481195372e-06
byte,595,20.9,2.0910513085405427,0.8541128,0.007476257862183346,1.0100061,3.7316071108107644e-06
byte,596,20.7,3.9621847558609287,0.8608606999999999,0.013955718405881109,1.0100075,4.078161821827867e-06
byte,597,21.6,1.7261048105490107,0.8599585,0.008454154803077872,1.0100044000000001,3.4423131565267252e-06
byte,598,22.4,3.1490152201254293,0.8633901999999999,0.01184089405816043,1.0100062,4.195676500942228e-06
byte,599,23.9,2.948528039481096,0.8588532000000001,0.008175007571551485,1.0100051,2.4188515009256546e-06
byte,600,18.8,2.693561256292125,0.8481654000000001,0.006279397715839478,1.0100062,4.471219108274185e-06
byte,601,20.5,3.3595551512663864,0.8607471999999999,0.004814149693573499,1.0100054,3.184923053692595e-06
byte,602,20.5,2.866391075356078,0.8539038,0.008291616983568494,1.0100039,1.6674620133531019e-06
byte,603,21.5,2.366571524792126,0.8599024999999999,0.008763957265917798,1.0100042,2.5858610245497927e-06
byte,604,21.7,2.1073032471237823,0.8596351,0.006714402317895823,1.0100073,3.976509404001657e-06
byte,605,21.5,2.7030438012895766,0.8583465,0.0068306446944281065,1.0100082000000001,4.329075109881645e-06
byte,606,22.7,3.200061875719107,0.8629614999999999,0.009396964175672979,1.0100056,3.5239345724551624e-06
byte,607,20.0,3.0722430004568886,0.8510166,0.005626956995066455,1.0100073,3.585517120766228e-06
byte,608,21.3,1.8790888670170616,0.8536442000000001,0.006469896344445431,1.0100069,3.098962665946316e-06
byte,609,17.9,3.1354437654174174,0.8463022,0.00756358919631366,1.0100083,2.547090298162998e-06
byte,610,20.0,2.959115247833905,0.8581996999999999,0.009080096503999421,1.0100080999999999,3.4955838739265163e-06
byte,611,19.1,2.578153522955246,0.8549215,0.006249652497462926,1.010011,4.9100334151265715e-06
byte,612,19.4,2.7019918285697235,0.8543051,0.007742086493070135,1.0100078,3.797310796102577e-06
byte,613,18.8,1.960536207758444,0.8507317000000001,0.005645224740434029,1.0100077,3.83085330358588e-06
byte,614,20.6,3.1670200279174865,0.8568324,0.009975376455863124,1.010007,2.455016707562001e-06
byte,615,19.1,3.895612998822126,0.8527108999999999,0.00983823551530063,1.0100088,4.262897641715665e-06
byte,616,19.0,2.612114093781567,0.8533139000000001,0.006597236344239708,1.0100068,4.141114016518486e-06
byte,617,18.2,1.6451480831351155,0.8503451999999999,0.004581615950472309,1.0100057,4.117015550958839e-06
byte,618,20.9,2.986847100355821,0.858642,0.01098632725462441,1.0100051,4.3376040226798e-06
byte,619,20.6,3.0759422709124635,0.8589209999999999,0.009182420407669182,1.0100099,4.2044760257143595e-06
byte,620,20.7,2.4094304271185956,0.8555005,0.0092978710774844,1.010004,2.881230127470044e-06
byte,621,19.3,2.5470902981673276,0.8485963999999999,0.009083596340868192,1.0100072,2.9552697423163944e-06
byte,622,20.7,4.461671330744229,0.8536116,0.011973918237831659,1.0100064,3.0199774588735697e-06
byte,623,20.2,3.3006484608576394,0.8546685,0.008299646951596623,1.0100048000000001,3.468640982957987e-06
byte,624,20.8,3.9007181757746903,0.8572763,0.009614630936948093,1.0100099,4.389724895674249e-06
byte,625,21.8,3.6131622264285976,0.8615999999999999,0.007083832138848009,1.0100068,4.141114016518486e-06
byte,626,21.1,1.7986955185523748,0.859545,0.004281489629335701,1.0100084,3.507762231148825e-06
byte,627,22.4,1.9430570813906982,0.8566634000000001,0.0052059712749738946,1.0100044000000001,3.4423131565267252e-06
byte,628,20.6,2.2419589266264732,0.8520557,0.006660506742846219,1.0100064,4.132867515105295e-06
byte,629,20.0,1.9216701126701383,0.853803,0.00885374687820433,1.010005,4.012564997066904e-06
byte,630,22.11111111111111,3.754777083389212,0.864167,0.010458256228053782,1.0100076666666666,4.876652046342544e-06
byte,631,23.77777777777778,5.499842393061567,0.8610078888888889,0.009424917840671988,1.0100047777777776,1.6204945247159398e-06
byte,632,24.11111111111111,5.191276403955006,0.862863111111111,0.011208531922642042,1.0100047777777776,2.971520388875866e-06
byte,633,22.11111111111111,4.147326416423684,0.8568863333333333,0.007352966082681001,1.0100044444444445,4.298894349155986e-06
byte,634,20.555555555555557,4.123513819126773,0.8528754444444444,0.009986719353862472,1.010006,2.430741787026683e-06
byte,635,19.0,2.6348613096760447,0.85197,0.007006140824313474,1.0100076666666666,3.4160355134896066e-06
byte,636,20.625,4.444916324859828,0.85531375,0.009678231388239785,1.01000575,3.650974156060826e-06
byte,637,22.125,3.7504647712953068,0.864848875,0.006496678760135891,1.0100051250000002,3.0778256903682885e-06
byte,638,21.125,3.855484958495787,0.8593615,0.008131351795586085,1.010009875,4.610313479649248e-06
byte,639,21.285714285714285,4.584421153791201,0.8554418571428571,0.01076588329757614,1.010008,8.272071847740898e-06
byte,640,23.5,4.077972406783401,0.8616731666666667,0.007687333508435468,1.0100075000000002,5.964266907302304e-06
byte,641,21.833333333333332,4.850920940137643,0.8532860000000001,0.005806621678975023,1.0100095,4.077972406765741e-06
byte,642,21.666666666666668,4.630219774387224,0.8602721666666667,0.009809071353886747,1.0100056666666666,6.692295316208732e-06
byte,643,21.333333333333332,3.6755225466159827,0.8625041666666666,0.010677057458187698,1.0100063333333333,3.159945801986446e-06
byte,644,20.166666666666668,5.914821354463579,0.8567459999999999,0.011411619914507027,1.0100088333333332,6.517212192228061e-06
byte,645,20.0,4.249890429347074,0.8561178333333334,0.012674253491509037,1.0100056666666666,3.7349688159219203e-06
byte,646,22.4,5.454849131699464,0.8490376,0.008858559385628312,1.010005,6.019189553788096e-06
byte,647,23.6,8.849850722431206,0.8630454000000001,0.025235123179130358,1.0100086000000001,4.442312168305499e-06
byte,648,23.6,6.05748807093844,0.8541164,0.009888594409326665,1.0100060000000002,3.7249919946724555e-06
byte,649,21.5,8.369692608548794,0.85361325,0.008132398008807534,1.0100060000000002,3.182446305375221e-06
byte,650,22.0,5.663204705733679,0.8512795,0.018255486683866975,1.0100060000000002,6.7509880897398804e-06
byte,651,23.0,8.008980901343701,0.86287625,0.021296546077343877,1.0100025000000001,5.277490155102429e-06
byte,652,23.25,9.312394746331055,0.856909,0.017858223360675548,1.010007,9.094597845348811e-06
byte,653,21.25,2.717530883796015,0.85575725,0.00995972357202594,1.01000675,6.9207537197182105e-06
byte,654,23.25,2.717530883796015,0.8619425000000001,0.01339947154113109,1.010006,9.635334683073796e-06
byte,655,23.666666666666668,5.171145012542263,0.8530329999999999,0.02491543054613238,1.0100056666666666,5.736870306497584e-06
byte,656,19.0,12.706204736174694,0.8472095,0.14232855235226122,1.01,0.0
byte,657,21.0,12.706204736174694,0.8561695,0.06582449363575271,1.0100035,4.44717165771849e-05
byte,658,18.5,44.47171657661142,0.853065,0.014129299666626283,1.010005,2.5412409473080134e-05
byte,659,17.0,0.0,0.850454,0.035856909765484876,1.0100035,4.44717165771849e-05
byte,660,21.0,50.82481894469878,0.865596,0.12341536660246513,1.0100035,4.44717165771849e-05
byte,661,22.0,12.706204736174694,0.8562915,0.055291049909464283,1.0100099999999999,8.894343315295913e-05
byte,662,23.0,12.706204736174694,0.8625975,0.09597631747469544,1.0100085,1.9059307104104765e-05
byte,663,21.0,63.531023680873474,0.853043,0.11184001408780936,1.0100105,6.353102367564699e-06
byte,664,18.5,57.177921312786125,0.8413675,0.18423361557216494,1.010003,0.0
byte,665,21.0,0.0,0.851216,0.02235021413093142,1.0100135,4.447171657577423e-05
byte,666,20.0,25.41240947234939,0.8500814999999999,0.15429779721373776,1.0100069999999999,5.0824818944749606e-05
byte,667,26.0,0.0,0.861332,0.0,1.010007,0.0
byte,668,19.0,0.0,0.854311,0.0,1.01,0.0
byte,669,22.0,0.0,0.854762,0.0,1.01,0.0
byte,670,20.0,0.0,0.849547,0.0,1.01,0.0
byte,671,20.0,0.0,0.849126,0.0,1.010007,0.0
byte,672,25.0,0.0,0.868564,0.0,1.010011,0.0
byte,673,23.0,0.0,0.851683,0.0,1.01,0.0
byte,674,20.0,0.0,0.857045,0.0,1.010007,0.0
byte,675,18.0,0.0,0.858914,0.0,1.010007,0.0
byte,676,18.0,0.0,0.839003,0.0,1.010007,0.0
byte,677,21.0,0.0,0.859164,0.0,1.010007,0.0
byte,678,20.0,0.0,0.854973,0.0,1.010018,0.0
byte,679,28.0,0.0,0.87182,0.0,1.01001,0.0
byte,680,17.0,0.0,0.849114,0.0,1.010018,0.0
byte,681,19.0,0.0,0.849463,0.0,1.010007,0.0
byte,682,20.0,0.0,0.844567,0.0,1.01,0.0
byte,683,22.0,0.0,0.858602,0.0,1.01,0.0
byte,684,21.0,0.0,0.844172,0.0,1.010007,0.0
byte,685,23.0,0.0,0.862426,0.0,1.010007,0.0
byte,686,23.0,0.0,0.868701,0.0,1.01,0.0
byte,687,24.0,0.0,0.853768,0.0,1.010017,0.0
byte,688,20.0,0.0,0.845898,0.0,1.01001,0.0
byte,689,22.0,0.0,0.855502,0.0,1.010003,0.0
byte,690,25.0,0.0,0.852044,0.0,1.010007,0.0
math,1,2.3,1.3082319976844774,0.8487176,0.009373735939601115,1.0091299,0.01544729514866808
math,2,8.7,5.058899198049765,0.9061220999999999,0.011499394185386204,1.0260574,0.011022386537290745
math,3,24.6,16.55896296162774,0.9420453999999999,0.022237561636912057,1.0291259,0.006466864294278269
math,4,42.5,18.78256557989249,0.9628957,0.020593400194562413,1.0429591,0.020197509885390087
math,5,59.7,16.657732364679152,0.9776482,0.012482911323443764,1.0420686,0.012159889274109483
math,6,70.3,10.02095621799567,0.9833578,0.008306274381650573,1.0437052,0.024455790914274286
math,7,78.3,5.733278044675345,0.9889436,0.008107407297079356,1.0316953,0.010007019173366535
math,8,79.0,5.3532409028097785,0.9882909,0.010530649518426506,1.034877,0.007605400536751271
math,9,70.3,6.191041040786452,0.969657,0.016116706787824835,1.0266796,0.006512229216161291
math,10,69.6,6.3016406614933205,0.9636001999999999,0.016256000061230857,1.024262,0.004436185275299938
math,11,70.4,6.319660831712704,0.9646114000000001,0.016894606199309006,1.0282049,0.01051798355962776
math,12,63.7,5.47973558863332,0.947504,0.010656644406008242,1.0220160999999999,0.003422571229560574
math,13,61.5,6.137541768895649,0.9430789,0.014354484354536342,1.0222481,0.002478611409056856
math,14,63.8,5.877740415935974,0.942636,0.014021828110738469,1.019387,0.0011022866141743109
math,15,59.6,7.288999732689859,0.9294585,0.019538273841520414,1.0198091999999999,0.0010668387329832432
math,16,60.3,6.236792779301437,0.9343234,0.019344520616531708,1.0205565,0.0013928686722641005
math,17,51.0,7.065595607226234,0.9070288,0.01677598360575754,1.0197805,0.001575948464869368
math,18,48.2,4.596628146865956,0.9010814,0.01725258905864962,1.0188632,0.0006792737954359741
math,19,47.5,4.6635564619822825,0.8975088,0.010556282524673643,1.0187857,0.0010142832102894492
math,20,45.5,5.784618910605129,0.8931597,0.015769874221542197,1.0194199,0.000546093407197094
math,21,41.5,5.645329922320419,0.8850918,0.015545980006390318,1.019323,0.0010199147132179663
math,22,44.0,4.370902894026638,0.8897069999999999,0.009781110113257151,1.0189306999999999,0.0009945904142747899
math,23,38.9,5.504582429475631,0.8730815,0.018808968844719196,1.0189374,0.0004315050145099342
math,24,38.7,5.092506072453442,0.8753025000000001,0.016978946921343822,1.0191963,0.0006497211393387335
math,25,37.9,4.350692779087565,0.8721178,0.008861641392627599,1.0187523,0.0009841809060639195
math,26,35.9,4.857057410058937,0.8663542,0.014389039884718844,1.0187922,0.000999398447970707
math,27,36.3,2.6988334501336366,0.8682667000000001,0.011411986439705198,1.0190298,0.0008376809888162357
math,28,36.4,3.712511667139006,0.8652671,0.00900839134279088,1.0190702999999999,0.0004944675231610834
math,29,34.2,6.170342082675986,0.85886,0.013242814624313731,1.019217,0.0010891374085832564
math,30,31.7,4.562484308879972,0.8538171999999999,0.013090654874603327,1.0194663,0.0006919377204596158
math,31,28.7,2.740645907967312,0.8465564000000001,0.009783811946816361,1.0193728,0.0005514558695529488
math,32,27.4,4.254887178680577,0.8450003,0.01452820705620897,1.0211035,0.0017353948227174893
math,33,26.5,3.058330885200241,0.8450422,0.011024934820860904,1.0198937000000001,0.0006352444556991363
math,34,26.3,3.356168502067608,0.8446068999999999,0.007033513712282446,1.0199467,0.0007788485194838674
math,35,27.2,3.7672445209966368,0.8448252,0.009723111480283911,1.0199564,0.0009188824476751957
math,36,24.7,2.998247321568603,0.8377553000000001,0.011571370217833728,1.0204828000000001,0.0012527431044359707
math,37,24.4,3.6194514604771277,0.8352712999999999,0.007474190202751318,1.0203927,0.0006220505389402445
math,38,21.2,3.1777739469036814,0.8268144,0.010029255049420286,1.0204691000000001,0.0009099228896713619
math,39,22.2,2.817372223418702,0.8340690000000001,0.010644359969676123,1.0207708,0.0009913704167333315
math,40,20.5,1.9735439625769307,0.8232882,0.011646827347706685,1.0213052,0.001050101422856444
math,41,21.5,3.3425875925324138,0.8297858,0.008089343050625874,1.0208313,0.0007044597007441869
math,42,19.8,1.6451480831351153,0.8241567,0.009107365136727984,1.021447,0.0008429751264519248
math,43,21.8,2.9359666635001953,0.8305669,0.0075810935988609865,1.0211109,0.0007961752359930109
math,44,19.5,2.925295677162839,0.8193764,0.00892550228492148,1.0209025999999999,0.0009553171329125338
math,45,18.7,1.996459609594682,0.8193851000000001,0.0061137777114506665,1.0215307,0.0008813542269344334
math,46,19.9,1.9503590878873447,0.8194602,0.010526787896178684,1.0210972,0.0010072025281891385
math,47,19.9,3.171505258925594,0.8258922999999999,0.01396138745396625,1.0216490999999999,0.0013221895870175239
math,48,19.3,3.287702999310499,0.8208971999999999,0.01141181121477967,1.0218828,0.000955826336818655
math,49,17.3,3.0916147891575463,0.817043,0.010806947753536427,1.0216897,0.0011537859072816505
math,50,20.2,2.7145885953578457,0.8259797000000001,0.007911728972633397,1.0214499,0.0008195981605033113
math,51,19.4,3.681752962563553,0.8230408,0.015130401624257854,1.0214187,0.0011097392882298686
math,52,17.8,1.7128777588435458,0.8174732,0.0059032162858555235,1.0213160000000001,0.0005267031907762556
math,53,20.0,3.903632422110053,0.8220670999999999,0.014929903036815703,1.0215363,0.001143059806756517
math,54,19.6,2.1645375549372,0.8250276,0.006397476287166051,1.0217988999999998,0.0014621338078209037
math,55,18.2,3.1777739469036814,0.8182511,0.009818315693939986,1.0213754,0.0007360357229591299
math,56,17.3,2.134114799158496,0.8202925999999999,0.007679079068816321,1.0218339,0.0008089613359429445
math,57,18.8,2.2061670897218337,0.8177381,0.005446655288743696,1.0215929,0.0010810834880393546
math,58,19.5,3.1679175821449213,0.823291,0.010069821435828541,1.021086,0.0010593632587245227
math,59,18.0,3.0162095503976065,0.8181483999999999,0.008798075996355566,1.0215154,0.0010132463857754
math,60,17.4,1.270751670946758,0.8149492,0.01005635272049944,1.0215745999999999,0.0008758786514290127
math,61,18.0,2.4550167075582596,0.8211152,0.007843387960426884,1.0214613,0.001279185682825453
math,62,19.9,2.909704383319462,0.8235693,0.009258176640670475,1.0209115,0.0007002156009590192
math,63,20.8,3.8122550128402737,0.8296911,0.011601509405595699,1.0211824999999999,0.0009567598578744246
math,64,19.0,2.311880842625105,0.8179112999999999,0.009029587601982525,1.0208746,0.0009465383395293134
math,65,19.7,2.7613147219226644,0.8212987,0.011927069367435225,1.0211592,0.0010205895467196892
math,66,19.8,2.7354543027979377,0.8230207,0.010153101770349072,1.0210215,0.00094999320800952
math,67,16.7,2.677682391717016,0.8107884999999999,0.006690233916791282,1.0219163999999998,0.0008482335408655002
math,68,17.3,2.2126009531621205,0.8156855999999999,0.0097408110473214,1.0213411000000001,0.0007063958138719038
math,69,17.6,4.1739370981612955,0.8252314999999999,0.011248755143007216,1.0218826,0.0015095484790612068
math,70,18.5,3.2564239297897437,0.8242041,0.011760455188249475,1.0215003,0.00111932391096137
math,71,18.5,2.4141455596659185,0.8220822,0.010976667028302613,1.0215071999999998,0.0008861524589684699
math,72,18.4,2.4826537888253455,0.8246485,0.00910274545809081,1.0212656,0.0008913563426241345
math,73,18.0,2.5682098897158996,0.8237075,0.009924773493656487,1.0214097,0.0010592929470786576
math,74,18.4,2.7848942249667306,0.8168445999999999,0.010100066461566304,1.0213953999999998,0.0010722371052537308
math,75,19.4,3.5878950477198,0.8296030999999999,0.009251334615009146,1.0213248,0.0012533849532270576
math,76,19.0,4.305368405347686,0.8258141,0.014406277984924493,1.0216053,0.001155394100524581
math,77,19.3,2.6988334501336366,0.8244079,0.00879372025510782,1.020907,0.0012678038665721555
math,78,17.8,3.049953155882512,0.8181342,0.008532161588901275,1.0211255,0.001068810529495732
math,79,18.6,2.1113466852783245,0.8198655,0.00680058794320419,1.0217122,0.0010315358280300736
math,80,16.5,2.7030438012895766,0.8176773,0.008794009694710949,1.0221087,0.0009055761092311236
math,81,18.4,1.726104810549011,0.8182432000000001,0.008393826160810717,1.0215557,0.001116356061083989
math,82,16.3,2.4561744613163454,0.8171716,0.00810998121033517,1.0225473,0.0009818418848839925
math,83,18.8,3.1956167258087556,0.8250740000000001,0.007446134987310552,1.0214263000000001,0.0006316620878132532
math,84,18.0,2.4082502015140483,0.8183602000000001,0.007109245258788123,1.0216056,0.0007555431233834432
math,85,18.1,2.9677494166885294,0.8164556,0.009132826467163069,1.0217117,0.0008896675551182991
math,86,18.4,3.63512694075446,0.818236,0.00738886185498824,1.0221826,0.0015191363750653723
math,87,19.9,2.1180685955837184,0.8283498,0.012224754465282591,1.0215493,0.0009986531040373943
math,88,20.1,3.0434212003681966,0.8274266000000001,0.00769464180474472,1.0209474,0.001791875306534047
math,89,19.5,1.400590147471071,0.8194329,0.006808906343486224,1.0215413,0.0013069177182882636
math,90,19.9,3.362938389939709,0.8204848,0.009475439265437206,1.0214472,0.0012969298519240522
math,91,17.2,2.693561256292125,0.818765,0.00989949018931443,1.0219293,0.0013329201310639464
math,92,17.7,2.96007584362218,0.8200058,0.011732970701721449,1.0220524,0.0014026073795770928
math,93,18.8,1.8408764812817766,0.8206459,0.0075161547754450655,1.0217204,0.0009298081881037821
math,94,19.1,2.7899938341177855,0.8201259000000001,0.0047668635164356465,1.0217484000000001,0.0009072404858654084
math,95,20.7,3.217781069165483,0.8240785,0.010753025397259903,1.0211524,0.0010729820079013283
math,96,17.5,2.0856058531801596,0.8192686,0.0071116582466576594,1.0217884,0.0013608997526384605
math,97,21.0,2.2871541333823777,0.8252093,0.007588838344330215,1.0211216,0.0010645505974913373
math,98,18.7,2.656362925178426,0.8214955999999999,0.009736765632772554,1.0208084,0.0009625551947007735
math,99,19.3,1.7860061501016309,0.8212018000000001,0.008136875844327492,1.0214988,0.0008983560522410353
math,100,18.1,2.1180685955837184,0.8174602,0.0086834303106414,1.0212714999999999,0.0007604008183740653
math,101,18.8,1.960536207758444,0.8216815000000001,0.007945197526816994,1.0210621,0.0008093492976788354
math,102,21.6,1.9721028934088127,0.833333,0.007505879554805389,1.0210336,0.0013605298168061785
math,103,20.2,2.206167089721834,0.8243525999999999,0.007492759241415181,1.0211716,0.0008466744660323442
math,104,19.2,3.468640982957247,0.8210338,0.013006628115934482,1.0210925,0.0010781005437006626
math,105,18.2,2.496357593686883,0.820021,0.01072042948525985,1.021212,0.0006941163430233744
math,106,19.1,1.9209845317065637,0.8191276999999999,0.009552024181026015,1.0213028,0.0006494363729918278
math,107,18.6,1.0770022314825958,0.8146649,0.0058706097506694265,1.0214224,0.0006054662413657542
math,108,20.0,2.5682098897158996,0.8213185,0.00882209779500178,1.021203,0.0012507914980494444
math,109,19.0,1.6172621973335206,0.8225882,0.008600491802403121,1.0211351,0.0005981221728558813
math,110,17.2,1.2064838201590427,0.8192550000000001,0.010737682154600376,1.0209939000000001,0.0007569051852236522
math,111,17.9,2.0359414465183843,0.8200733,0.007829999656866706,1.021463,0.0012395142413988518
math,112,20.6,3.290296166270231,0.8272862999999999,0.011437733881250365,1.0215083,0.001030499097256395
math,113,20.8,1.7128777588435455,0.8267231,0.004622752764449345,1.021227,0.0007794225582284025
math,114,21.0,3.83011110592166,0.8271280000000001,0.012216184226097155,1.0213453,0.0009015147137054107
math,115,18.1,1.979297747271397,0.8141374000000001,0.0060598010429613065,1.0218988,0.0007410426043572474
math,116,19.2,1.6102152697059713,0.8201458,0.008446183829781786,1.0218683,0.0008043813720971301
math,117,19.6,2.0842422663373124,0.8201376,0.008978183492089007,1.0212708,0.0007744393204495261
math,118,17.7,2.4094304271185956,0.8177572,0.009121642955167014,1.0215868000000001,0.0006553456936966673
math,119,18.8,2.4270649421907837,0.8232419,0.007486363716135999,1.0211852000000001,0.0011257102500656444
math,120,18.4,2.028947466912131,0.8217624000000001,0.008268478042429805,1.021426,0.0007631299260119136
math,121,18.6,2.638105918971212,0.81899,0.007223612018476559,1.0217813,0.001752491758887643
math,122,18.6,2.29212081487383,0.8200146,0.00912066900679611,1.02138,0.0011840670737060684
math,123,20.9,3.9822248355015253,0.8244066999999999,0.01638076404917497,1.0211179,0.0012105632956885739
math,124,18.0,1.9950350931025014,0.8164397000000001,0.00862802238675326,1.0218668,0.000847553931032736
math,125,19.0,3.5368192025287177,0.8230421,0.012997692917355636,1.0212103,0.0009643646737964081
math,126,19.9,3.4792797557931996,0.8206219000000001,0.010253221873605571,1.021935,0.0015310868008610503
math,127,18.5,2.217734604965999,0.8196896,0.007747741002093452,1.0226889,0.001153553643173707
math,128,18.0,1.5453475381370707,0.816831,0.005953089043616821,1.0223209,0.0011449690193545616
math,129,19.5,2.0856058531801596,0.8281134,0.005927648650397778,1.0215825,0.0009592238893771585
math,130,20.0,2.0787789744600365,0.8259722,0.009639781237571319,1.0218416,0.0009710506886497343
math,131,18.6,3.3587088091062713,0.8125246,0.010681464222711665,1.0220528999999998,0.0011498719116518816
math,132,19.7,3.3730677453795095,0.8205128,0.010433454823374632,1.0214962,0.0011006023627672785
math,133,18.1,2.3472719445002173,0.8196865000000001,0.010255503535701167,1.0220273,0.001202368254301871
math,134,18.6,3.523934572442681,0.8186889,0.011838302174171898,1.0224722,0.0012026130830439946
math,135,18.6,2.722954065405149,0.8220430999999999,0.00755059917559866,1.0225103,0.0015223914736047337
math,136,17.4,2.190648722954546,0.8152063999999999,0.008562318725132098,1.0224636999999999,0.0016459084790648017
math,137,18.5,3.1318147783617696,0.8237546,0.009230049912676471,1.0223849,0.0012352442598076796
math,138,21.8,3.613162226428598,0.8304180999999999,0.009201272167661118,1.0212026,0.0011773513386169575
math,139,21.4,1.7907752003806006,0.8297844,0.009016305061466836,1.0216135,0.0012359987900874853
math,140,17.2,1.8715088084177551,0.8164634,0.00729865855301408,1.0228781,0.0008349575780921378
math,141,16.7,2.0801461426278602,0.8150016000000001,0.012503624106030722,1.0221821,0.0009202577460080248
math,142,17.4,1.726104810549011,0.8190428000000001,0.009031204612406937,1.0220671,0.0010678104657112807
math,143,18.3,1.5835100139587432,0.8188416000000001,0.007537470304699701,1.022061,0.0010747843324678185
math,144,18.3,3.7102136095575293,0.8224843,0.009971900226200354,1.0213101999999998,0.0010799492279056219
math,145,18.9,3.1354437654174174,0.8238867000000001,0.010994210013657819,1.0215991,0.001112103265354211
math,146,17.0,2.8812301274573033,0.8146086,0.011856753360334656,1.0224921,0.001638795550733713
math,147,18.1,3.098962665925036,0.8201236,0.007958469113761645,1.0223575999999999,0.0013502150234000092
math,148,20.3,3.53762293375203,0.8254659999999999,0.01166883901606906,1.0216839,0.0014421164067932445
math,149,18.0,2.4550167075582596,0.8209864,0.011096954277320487,1.0228242,0.0014911999699313745
math,150,19.3,1.7860061501016309,0.8246426,0.009708966708855215,1.0224322000000001,0.0016506662083280456
math,151,21.0,2.185451447013319,0.8237515999999999,0.007544253893057658,1.0210390999999999,0.001017105342834917
math,152,19.7,3.217781069165483,0.8191089999999999,0.009243606712968762,1.0219414,0.0013778216488145045
math,153,17.6,1.692843411645497,0.8145462,0.007804260543383904,1.0220168,0.0009155051739016118
math,154,18.3,2.882216681202174,0.8176667,0.008256355838795644,1.0216637,0.0009252153382204026
math,155,16.6,2.2671786055203054,0.8156040000000001,0.007152035567555372,1.0224251,0.0008101830565167997
math,156,15.8,2.3797491952543672,0.8137214,0.008564723882320179,1.0224401,0.0009195025905655808
math,157,18.4,2.90481494215144,0.8215961999999999,0.008914914117662681,1.0223376,0.0009772432948355163
math,158,18.5,2.4837986603590245,0.8203058999999999,0.009620869365363296,1.0216684,0.0010556519704237144
math,159,20.5,3.907272173410884,0.8253464000000001,0.009931082503880095,1.0220233,0.0007493444724090023
math,160,18.9,3.024680743847476,0.8228513,0.009921822135817014,1.0219562,0.0012280649049637457
math,161,17.0,1.8159986285284682,0.8191102000000001,0.010407516903375531,1.0225428,0.0009658251858709975
math,162,17.4,1.7587372793141414,0.8166201,0.007081186848572609,1.0225551,0.001251812833863348
math,163,19.7,2.0801461426278602,0.8203929999999999,0.008243597253973691,1.0215467999999999,0.0009493720678311525
math,164,19.3,2.7198200293786168,0.823564,0.010522694722980234,1.0214676,0.0014104632934174976
math,165,17.8,2.3069567031843476,0.8177422999999999,0.009493509246602328,1.0228081,0.0011510978294728587
math,166,19.1,3.7619582175712787,0.8164102,0.013127742555620213,1.0218524,0.001085252996394904
math,167,17.9,3.098962665925036,0.8217549999999999,0.010500277791719336,1.0225922,0.0015852702434684819
math,168,17.9,2.7899938341177855,0.8223974999999999,0.010249265924312736,1.0224425,0.0009754059371541121
math,169,20.3,2.740645907967312,0.8231094000000001,0.010910943286610027,1.0222873,0.0015373978034579692
math,170,19.9,3.1354437654174174,0.8252449000000001,0.009979184221400747,1.0219435,0.0011140834650634934
math,171,19.3,3.5053299445431065,0.8229144999999999,0.012588525872921781,1.0223604,0.0013726889953825745
math,172,20.0,2.4082502015140483,0.8249199,0.008872951890857385,1.0213797,0.001039135629110651
math,173,18.7,2.1867519240382647,0.8160040000000001,0.006229093752256977,1.0220361,0.0011060174767333092
math,174,19.5,2.7447921219989952,0.8196293000000001,0.00974755082028792,1.0219698,0.0014725495906199352
math,175,18.7,3.2529299116915364,0.8198245,0.00858752743037722,1.0221973,0.0010467673141596604
math,176,18.3,4.00500499893862,0.8219742999999999,0.014547884409848968,1.0225385,0.002114256379556789
math,177,17.5,1.760353023595481,0.8161789,0.007459913491293238,1.0224867,0.0014502898381290735
math,178,17.0,2.051244262394962,0.81659,0.00467420705560592,1.0225348,0.0011346858360667899
math,179,17.2,1.9313164477327351,0.8178331999999999,0.008362006613982873,1.0227836,0.0010001695383807085
math,180,17.8,3.4356996765364802,0.8171276000000001,0.009544666025780467,1.0228041,0.0008100314512569722
math,181,19.5,2.4837986603590245,0.8258741,0.009632956586526265,1.0223758,0.0011463727184379158
math,182,18.7,2.8624210027092793,0.8222670000000001,0.010336381500204035,1.0219414,0.0017287043368087727
math,183,17.6,2.3653699143948885,0.8181296,0.010741140572841312,1.0226127999999999,0.0010775886579260882
math,184,19.9,1.7668012247594596,0.8254382,0.007875403095270331,1.0221774,0.0006048610628486006
math,185,19.7,2.8624210027092807,0.8223648000000001,0.011326042138910378,1.0220976,0.0010693798689787291
math,186,18.3,2.2634135678730183,0.8206614,0.008163044224441961,1.0223997,0.0013804733454752922
math,187,18.2,1.9893268264869735,0.8228057,0.006054615787496403,1.0220558,0.001003660202472917
math,188,16.6,1.9721028934088127,0.8152238,0.007909361119108737,1.022192,0.0013142776634163307
math,189,18.1,3.1354437654174174,0.8204174999999999,0.00868247344075452,1.0218456,0.0012277980671472008
math,190,18.3,2.740645907967312,0.8203274,0.011382954155861751,1.022631,0.0011797598677140398
math,191,19.3,2.940804311637666,0.8218308999999999,0.011583686460819597,1.0221046,0.0009633698583084996
math,192,16.3,2.0801461426278602,0.8117392000000001,0.007356715664954351,1.0226495,0.0007212607264887511
math,193,17.9,1.5978083629043778,0.818329,0.00574587322639686,1.0234171,0.0016850183775752414
math,194,18.8,1.6793544045531352,0.8259168000000001,0.006755105493170749,1.0223616,0.0009681786705723841
math,195,17.8,2.2061670897218337,0.8210928,0.007786235480890054,1.0216094999999998,0.0008788516808141694
math,196,17.5,2.9446687079324323,0.8128635,0.01167707475640146,1.0225357,0.0015956866749949727
math,197,18.7,2.5246682923444133,0.8186785000000001,0.007307516881539012,1.0221316,0.0008740367044207779
math,198,17.7,2.5020453604442072,0.8214684,0.008889853600018429,1.0221653,0.0009411768876265339
math,199,19.1,2.1447455737795234,0.8251184,0.00812880230948744,1.0215028,0.0005390915383489889
math,200,20.8,2.257124548860663,0.8259149000000001,0.009891511762755255,1.0213595,0.0008285344438264118
math,201,18.0,2.311880842625105,0.8161436999999999,0.008225094089365954,1.0227248,0.0011606203177991878
math,202,18.8,2.3557349663459455,0.8196206,0.007438221240415617,1.0222181,0.0010950692639508815
math,203,18.1,2.5336609060071167,0.8158070000000001,0.0077633901526740325,1.0219634,0.000892248698889106
math,204,19.7,3.146305612378473,0.8243784,0.009054993180071478,1.0224708999999998,0.000983673894558891
math,205,19.4,2.2419589266264732,0.8221921999999999,0.0074678312766651355,1.0216167,0.001032414155040868
math,206,18.8,2.955269742313439,0.8169454999999999,0.007443063219379855,1.0216521,0.0013414221704705416
math,207,18.3,3.0359388996801386,0.8171671999999999,0.00957055839064218,1.0216823,0.0010155668173083884
math,208,17.1,2.578153522955246,0.8147496999999999,0.00802084113312288,1.0219612,0.00095764491727156
math,209,17.9,1.9209845317065632,0.8171203,0.007182441053372157,1.0223147,0.0009514529551629421
math,210,18.5,2.2684322293957653,0.8199679,0.009090933594523069,1.0225777,0.0014044514705377866
math,211,17.4,2.190648722954546,0.8134045999999999,0.007089616044682995,1.0221826,0.0010205901818409204
math,212,17.8,2.1274435893402885,0.8176,0.005855310615798159,1.0223895,0.0013077920035199258
math,213,17.7,2.1073032471237823,0.817337,0.011103938099215945,1.0227211,0.0011439382532179537
math,214,16.9,2.0636803469288174,0.8172086000000001,0.006702036440027797,1.0231781999999998,0.0010001098783560347
math,215,20.7,2.9982473215686034,0.8295802,0.010057678612779954,1.021548,0.0013801690511035449
math,216,18.6,1.9135704379232206,0.8195965,0.007877690523889825,1.0220325000000001,0.0011445509423828493
math,217,16.8,1.9893268264869735,0.8127578,0.0080108297382892,1.0232469,0.0009473912187232411
math,218,16.8,2.735454302797938,0.8199970000000001,0.0083009295460597,1.0226794,0.0011911421758545365
math,219,17.7,2.432914709514859,0.824198,0.007697831836331152,1.0229409999999999,0.001148545359098203
math,220,18.7,1.9677733538428859,0.8214271,0.009824322023996902,1.0224308,0.0008893704953530109
math,221,19.9,3.1893831077563526,0.821402,0.01067886821591821,1.0220856,0.0012517915195366439
math,222,18.4,2.1381075337982045,0.8190562,0.010793129063526306,1.0219628,0.0010502263859467008
math,223,19.8,2.1274435893402885,0.8205933,0.007319738811653889,1.0219058,0.0010861879946556562
math,224,20.2,4.029773354998873,0.8203506,0.01215354392493052,1.0218108000000001,0.0013983483753591244
math,225,18.1,2.948528039481096,0.8182962,0.00768503320089176,1.0223835,0.001610814619060482
math,226,17.0,3.7247440286766467,0.8173349999999999,0.010307154856819736,1.023112,0.001097835330626138
math,227,18.8,3.628864874191286,0.8182055,0.010634040237952147,1.0223571,0.001425242691967613
math,228,18.6,2.8052370389865304,0.8179681000000001,0.007050715941750283,1.0219395,0.0007908205257220027
math,229,17.1,2.6001143414425876,0.8109725000000001,0.008522097593289986,1.0228199,0.0007848791777322049
math,230,18.1,2.3229219919723865,0.8186776,0.006384762452103032,1.0221071,0.0008214060869681974
math,231,17.4,3.0387469214609464,0.8155939,0.011850800552938297,1.0225552,0.0011003274340515307
math,232,17.1,3.0058234481673822,0.8164821999999999,0.009641180678236043,1.0221281,0.0008424268718357435
math,233,18.0,2.69777983562925,0.819117,0.006721334036224493,1.0217823,0.000968502963926348
math,234,18.1,3.2248414859244336,0.81769,0.0074293617999498995,1.0217722,0.0011092772281541354
math,235,16.6,1.7261048105490107,0.8196270999999999,0.00780870378607237,1.0223837,0.0009872291642425608
math,236,18.0,2.5459738877265967,0.8194164,0.011348275478962186,1.0219471,0.0007225526121795698
math,237,20.8,2.10054688716444,0.8263591,0.009222270577613937,1.0216479,0.001016462363963305
math,238,17.7,2.7406459079673122,0.8194418000000001,0.009769931146693112,1.0229459,0.00130123062665034
math,239,17.8,2.3069567031843476,0.8185121000000001,0.010698518837777057,1.0225374999999999,0.0016832740093092238
math,240,17.2,2.4503802223859914,0.8205441,0.009516051370465461,1.0223271999999999,0.0006059283477327317
math,241,18.2,2.5858610245242595,0.8207055000000001,0.010727246303548018,1.0221852999999999,0.0009625457343666739
math,242,20.4,2.9820841454831157,0.8229487000000001,0.007791536662938277,1.0220273,0.000991039498046916
math,243,19.1,2.091051308540542,0.8157793999999999,0.007614212214206587,1.022227,0.0007183493437439479
math,244,19.0,2.4082502015140483,0.820252,0.005912627352560126,1.0216431,0.0009497659327237638
math,245,19.1,1.8608448537581366,0.8213193000000001,0.007182763903064701,1.0220922,0.0010421003341874848
math,246,17.7,2.2634135678730183,0.8169124999999999,0.0087371517181489,1.0220856,0.0009005663291642582
math,247,17.6,2.4129676403180853,0.8203528999999999,0.009073671056397442,1.0222665,0.0010794253080644673
math,248,17.9,2.222856400713612,0.8208083,0.00930031550885568,1.0222337,0.0009086754312273959
math,249,19.2,1.6793544045531352,0.8225215,0.006073681613768211,1.0216297,0.0007219012637387178
math,250,19.5,2.925295677162839,0.8224980000000001,0.013702003298000297,1.0216698000000002,0.0011075481733385068
math,251,19.2,2.776715369639729,0.8225676999999999,0.008456983215170796,1.0224486,0.0010144820397760656
math,252,17.9,2.4654169190386828,0.8167540000000001,0.006925807585333055,1.0223446,0.0008186936203325716
math,253,19.0,2.2871541333823777,0.8228248,0.008049645911019178,1.0219297,0.0009001343556392704
math,254,18.9,2.511118990804684,0.8206722,0.00798161039832333,1.0215473,0.0009920869306441734
math,255,18.0,1.7195040031563353,0.8182702000000001,0.008190641038754172,1.0218156,0.0009253729057271098
math,256,18.5,3.1858155640136783,0.8208498000000001,0.010598020579035843,1.0219139,0.0011717923372054238
math,257,18.5,2.6819259480905004,0.8185513,0.012946499015659004,1.0218606,0.0009885668904034636
math,258,18.9,2.7489320823035115,0.8235411000000001,0.012072856526416837,1.0221016,0.0013519779628645544
math,259,17.2,2.629470524545083,0.8156347,0.012422349012345282,1.0223112,0.0014270711795900694
math,260,18.7,2.052629770328954,0.8201303,0.009097158294074807,1.0221594,0.000562879495526893
math,261,19.1,2.371371877645238,0.821509,0.01083174540589734,1.0219945000000001,0.0009837590812286291
math,262,16.2,1.9893268264869735,0.8145201,0.006878683176341926,1.0225807,0.001220298895716477
math,263,17.9,3.3118269297449205,0.8205975999999999,0.009024980081159808,1.0225783,0.0013348429542372623
math,264,17.1,1.979297747271397,0.8143362,0.007668498617637077,1.0223247,0.000541900791051748
math,265,17.5,1.91505555296083,0.8190649000000001,0.006113295401425928,1.0223602,0.0005745774100205733
math,266,17.3,2.5020453604442072,0.8172598000000001,0.006268878074905767,1.0231921,0.0012468902959746374
math,267,18.0,3.1991733398486626,0.8222818000000001,0.009244934844085614,1.0225663,0.0009779328671819928
math,268,16.9,2.686162800570901,0.8179036999999999,0.0069509158271080914,1.0223219000000001,0.0014457832631769641
math,269,17.7,3.90436064381625,0.8211586000000001,0.009721262607727614,1.0231603,0.0010491920282445983
math,270,18.2,2.693561256292125,0.8206523000000001,0.009828283628385635,1.0220962,0.0006174001919486104
math,271,18.5,1.91505555296083,0.8205667999999999,0.0063139092466787325,1.022451,0.001027931505250307
math,272,20.0,3.2520558206071835,0.8288449,0.009941748846405663,1.0216523,0.0007870287229931886
math,273,21.3,2.3375624015581447,0.8257521999999999,0.009808434798883396,1.0218737,0.0015212630468287892
math,274,18.5,2.0856058531801596,0.8234461,0.00878123497054302,1.0232818,0.00113088069068734
math,275,19.4,2.190648722954546,0.8205304,0.0065598485729213936,1.0219531,0.0010631776847546224
math,276,18.1,2.2983140734329774,0.8197416000000001,0.01009834804384749,1.0223318000000001,0.0006571522041432243
math,277,17.4,3.0387469214609464,0.8167876,0.009131123305010992,1.022361,0.0012349630959171208
math,278,18.0,2.023334876721938,0.8220833000000001,0.007458452999546406,1.0225811,0.0011430243591727778
math,279,19.8,2.28217664297011,0.8287649,0.007790482806878346,1.0218216,0.001153403875893266
math,280,19.6,3.238038273372624,0.8214442,0.011330899679803158,1.0218194999999999,0.0007019349903232802
math,281,18.3,2.432914709514859,0.8174671,0.007593845443107076,1.022466,0.0009053173817184679
math,282,18.5,2.617550341272258,0.8210392000000001,0.012993201824921703,1.0218726999999999,0.0012694428856454933
math,283,19.0,3.455502144136438,0.8207121,0.011905877731901526,1.0218528,0.0013531782533019222
math,284,17.2,3.0312530828732904,0.8118896,0.010125907560565651,1.0228508,0.0009461157418517955
math,285,18.2,2.355734966345946,0.8204189,0.011577369933416758,1.0221338,0.001007339699387562
math,286,17.7,2.212600953162121,0.8149219000000001,0.009591333937660452,1.0225363,0.0008068248530996677
math,287,17.0,2.3845230199022156,0.8150676000000001,0.010563384234323708,1.0226313,0.0013193885015543472
math,288,19.1,2.3952293382337264,0.8227597,0.006927027741997592,1.0214645,0.0008289873242275747
math,289,19.2,2.6723684702430424,0.8187706,0.007556556912857253,1.0225099,0.0009864267927300304
math,290,17.9,2.556004027242069,0.8145543,0.01148553866144698,1.0220592,0.0009650247327011825
math,291,18.1,1.667462013319917,0.8156439000000001,0.00504527598406952,1.0221539,0.0011700068151931581
math,292,17.2,1.4621618283209237,0.8147487999999999,0.006884452682178544,1.0220886,0.00043997495856055963
math,293,19.5,2.9057934885636176,0.8262166000000001,0.008956147713400569,1.0219154,0.0008679901062343369
math,294,18.8,2.4035235037258698,0.8216317,0.009413826584734681,1.0227507,0.0016236645025701714
math,295,18.5,2.4608000293710206,0.8195686999999999,0.007797030955278044,1.0224413,0.0010938095887642401
math,296,18.3,2.656362925178426,0.820252,0.010290737082708896,1.0224126,0.0008879318395927034
math,297,16.9,3.0058234481673822,0.8152434,0.010475357018553021,1.0230788,0.001355334222947435
math,298,18.5,2.9446687079324323,0.8232915000000001,0.014442273097250354,1.0230798,0.0015525668312774993
math,299,16.7,2.0801461426278602,0.8158716,0.00834220613338172,1.0229971,0.0015199843599423015
math,300,17.7,1.5099887294314076,0.8197777,0.009860635387636785,1.022059,0.000763845540572302
math,301,20.1,3.3965854347900666,0.8279862,0.01303706476891943,1.0222644,0.0011489800949679185
math,302,19.9,2.442245193266499,0.8245138000000001,0.011852055865887771,1.0220018,0.0008929312371474713
math,303,18.8,2.231791260046642,0.8220031999999999,0.00766925553062617,1.0224337000000001,0.0009442405290609598
math,304,19.1,2.7695390579961843,0.8227202,0.011923550743908199,1.0224522,0.001146119832353263
math,305,17.3,2.1867519240382647,0.8218078,0.00897446572469409,1.0224373,0.00062946810576532
math,306,20.1,1.2818890589189826,0.8269192999999999,0.00805597669890076,1.0217084,0.0005405227398258608
math,307,18.1,3.527966074244337,0.8152608000000001,0.010934294759635041,1.0217133999999999,0.0012760690759469418
math,308,16.6,2.3653699143948894,0.8147052,0.007889692412468447,1.0224964,0.0011903514172078454
math,309,18.0,3.338332227863102,0.8215942,0.011866668661093835,1.0223232,0.001422339330829161
math,310,19.8,2.017706674229335,0.8272763,0.005633434741773673,1.0220012,0.0010724345983194612
math,311,18.6,2.316794516271726,0.8216315999999999,0.009339641278580247,1.0219672,0.0006580888521653565
math,312,17.0,2.311880842625105,0.8173185999999999,0.011175093441613429,1.0230434000000002,0.0008745115990182723
math,313,17.4,2.1645375549372,0.8169207999999999,0.00539831702294494,1.0224872999999999,0.0012945136050377093
math,314,17.4,1.7587372793141414,0.8090738999999999,0.006027961564635809,1.0223776,0.0009897598229987221
math,315,17.6,2.3653699143948885,0.8176555000000001,0.009527943672409962,1.0222181,0.0011117062374973233
math,316,16.9,2.0078193576620635,0.8180223,0.009217981521864843,1.0224486,0.0012975756710322866
math,317,16.1,2.222856400713612,0.8170541,0.009230367248356283,1.0227491,0.0015108429098712245
math,318,17.6,1.9721028934088127,0.8208301,0.008568292837135196,1.0225979,0.0013851910116932642
math,319,17.3,2.8224131510913595,0.8189122,0.007734876611519857,1.0231635000000001,0.0012008763447271687
math,320,20.2,2.693561256292125,0.8288821000000001,0.00939832309665777,1.0226634000000001,0.0015560958463614195
math,321,20.4,4.228076028408503,0.8248884000000001,0.010746662721322174,1.0228645,0.0014741124491227551
math,322,17.9,2.621891223758966,0.8192444999999999,0.00640966211425607,1.022403,0.0012539463614963243
math,323,16.0,2.360557356175594,0.8102959999999999,0.00813607082325529,1.0231507,0.0015360697542713192
math,324,18.5,1.727751072068219,0.8236361000000001,0.01263253198711977,1.0227769,0.001267740334392233
math,325,19.5,2.9057934885636176,0.8216652,0.009997633351466341,1.0230986,0.0010374931252975373
math,326,19.1,2.2734398121549684,0.8228283,0.007571747076037418,1.0222346,0.001135606110206407
math,327,19.6,3.001090610326625,0.8201657000000001,0.009553343057989263,1.0221779,0.0017277781054018
math,328,19.6,1.692843411645497,0.8271854,0.008007637438456026,1.0219911,0.0006842923380744598
math,329,20.3,2.8624210027092793,0.8240265000000001,0.007772164153569882,1.0220511,0.0010414573170156199
math,330,19.5,3.2738380856658367,0.8233478,0.01112153198190802,1.0227593000000001,0.000888368383369218
math,331,19.5,3.6979331832831717,0.8236831,0.012154611800930878,1.0227172,0.001296086240230647
math,332,19.0,2.262157162798205,0.8224918000000001,0.010446785412527814,1.023203,0.0012848511915088204
math,333,19.5,3.892692748787418,0.822462,0.015197996293773726,1.0222285,0.0011066383156314056
math,334,19.8,2.563778117837965,0.8234692000000001,0.010628730753046458,1.0224024999999999,0.0009588630643183049
math,335,21.3,2.3617614150940716,0.8260653,0.007819975619945537,1.021715,0.000600106139109423
math,336,21.0,3.1991733398486626,0.823313,0.008388312814956372,1.0220315,0.0011852302433393623
math,337,21.9,2.322921991972386,0.8272869,0.009220112964464566,1.0217717,0.0008129107255489776
math,338,20.6,3.2729695783987522,0.8234627,0.013002324459969019,1.0222659,0.0016479210159867283
math,339,18.4,2.4364178282616265,0.8204227,0.009796774855617129,1.023121,0.0013611636481021376
math,340,19.6,1.8836222604983184,0.8256264,0.009156618273803768,1.0224803,0.0011608952328051524
math,341,19.0,2.185451447013319,0.8200723999999999,0.0070372812333891355,1.02244,0.000734335457551857
math,342,17.7,2.313110239597199,0.8205633000000001,0.008165564786808781,1.022748,0.0009451380580491838
math,343,20.0,2.4550167075582596,0.8248068999999999,0.008039590127068608,1.0220019,0.0013717364252538323
math,344,19.2,2.331473403454576,0.8204995,0.008846378200722933,1.0221441,0.0010059835737594978
math,345,18.5,2.8264394201155683,0.821663,0.01060913979801578,1.0227136,0.001247874969545416
math,346,17.9,2.442245193266499,0.8169622000000001,0.009436051829314897,1.0231234,0.0011318402295454073
math,347,18.3,2.409430427118595,0.8185429,0.005465123890809393,1.0228246,0.0011202172018707096
math,348,19.5,2.5291685959024224,0.8266663,0.008413023193939152,1.0220368,0.0006741181786038404
math,349,20.6,3.523934572442681,0.8243767999999999,0.01343348116245912,1.0214824999999998,0.001064837596168796
math,350,20.3,1.9386626760334578,0.8239652,0.010984510841714699,1.0221598,0.0012805647822945498
math,351,21.0,2.4780690133729264,0.8294252999999999,0.01108677568695351,1.0221373,0.0011890977740643591
math,352,19.9,3.2424252666774267,0.8246705000000001,0.008687873132786348,1.0219373,0.0012030401934720288
math,353,20.2,3.01243692909577,0.8223948999999999,0.009249473835480476,1.0220974999999999,0.0008362493503602744
math,354,19.2,4.195676500928704,0.8244554000000001,0.010381146859446883,1.0225863,0.0014476518024175494
math,355,19.2,2.693561256292125,0.8156959,0.007118522034396166,1.0227749,0.0009443927699016695
math,356,19.8,4.209206611832472,0.8206574,0.010516265212810155,1.0231022,0.0012035135710194052
math,357,19.0,1.9076184159217722,0.8216053999999999,0.00807258994189795,1.0230202,0.0008734389538864449
math,358,19.4,2.6808656887297966,0.8238900000000001,0.00937982778394479,1.0225326000000001,0.0015999150562421903
math,359,18.2,2.8772805298124577,0.8171866,0.007308502327820452,1.0227686,0.000905690511536487
math,360,17.8,2.28217664297011,0.8190267,0.010912631350777852,1.0228517,0.0009618010209504439
math,361,19.1,2.5336609060071167,0.8202114,0.010332277816760101,1.0227347999999998,0.0008926711409444254
math,362,20.0,2.0787789744600365,0.8216509000000001,0.008495286123037824,1.0224497,0.0011228180889002164
math,363,19.7,2.8021950315430555,0.8210675999999999,0.009978817399591992,1.0221092,0.0009617157546138797
math,364,19.4,2.1645375549372,0.8238269,0.009606116770407047,1.0225505,0.0010899486095001653
math,365,19.9,2.83045996186362,0.8222796000000001,0.009267341449198907,1.0226681,0.0009753294068833189
math,366,20.1,2.442245193266499,0.8211511,0.00963591718322721,1.0228591999999999,0.001014868841674653
math,367,18.0,2.612114093781567,0.8165248999999999,0.00999557943884492,1.0225008,0.0010885743675866494
math,368,17.8,2.10054688716444,0.8230354999999999,0.009459070286751881,1.0224412,0.0007868982182413109
math,369,18.3,3.4066147443198433,0.8158601000000001,0.011071960085571788,1.022787,0.001373902984245451
math,370,20.5,3.238916147395361,0.8267989,0.00983642015258788,1.0222863,0.001091606409831507
math,371,18.9,2.8703556568848314,0.8203202,0.003518606705804134,1.0227945,0.0016084860876536087
math,372,19.2,1.960536207758444,0.8201192,0.005989469184275926,1.0225111,0.0011025740732268422
math,373,17.6,1.6242785521744172,0.8169976999999999,0.006092462242623579,1.0227476,0.0006915361948115608
math,374,17.1,1.8608448537581366,0.8147135999999999,0.010923009032261675,1.0228983,0.0011747977958048675
math,375,17.3,1.9677733538428859,0.8149065,0.008404820042194533,1.0229551,0.0012005878261077672
math,376,18.6,3.63512694075446,0.8193497000000001,0.010090591143468105,1.0228708,0.0017236577322550033
math,377,18.0,2.4082502015140483,0.8218598,0.0068998812723935895,1.0228208,0.0012654941925311508
math,378,18.4,1.4386402649062286,0.8237648,0.0080202892006193,1.0233507,0.0007233985811223704
math,379,18.2,2.4270649421907837,0.8238839,0.009675436324096655,1.0224233,0.0016323557444683579
math,380,17.3,2.5246682923444133,0.8172079999999999,0.007744156868563825,1.0225754999999999,0.001522485634496733
math,381,16.9,1.141088321485055,0.8162257,0.006465304042765537,1.0223018,0.0007757840922436224
math,382,18.6,2.885174318390035,0.8224811000000001,0.008850240747145919,1.0222751,0.0006374566800984458
math,383,17.9,2.0636803469288174,0.820468,0.008118652147537458,1.022441,0.0014408485033933346
math,384,18.3,2.7613147219226644,0.8185832,0.009742087905335024,1.0229614999999999,0.0011400955040005792
math,385,16.9,3.024680743847476,0.8120698000000001,0.009352475868171237,1.0228917000000002,0.0009292498782824908
math,386,16.6,3.019977458862815,0.8138097999999999,0.010806739652226706,1.0234123,0.0013368112456531884
math,387,19.6,2.7437561558847214,0.8250292,0.006905498383483857,1.022756,0.0013327028121529146
math,388,19.2,2.519031606829703,0.8188326,0.008318059612977853,1.0227172,0.0012438318381445272
math,389,18.8,2.4963575936868834,0.8234538,0.01230128492075752,1.0222961,0.0010852428976255346
math,390,17.7,2.432914709514859,0.8159312999999999,0.008322155281449348,1.0232048,0.001014828781970924
math,391,19.5,3.848623108920323,0.8232659,0.013597637011763987,1.0224864,0.0013674577033950493
math,392,18.8,2.073301286481863,0.8179914,0.007931196289863676,1.0227283999999999,0.0010680644184158168
math,393,18.3,2.313110239597199,0.8194712,0.008127104374885253,1.0224964,0.0014414291640615232
math,394,18.8,2.0456928469050473,0.8222222,0.008272183150874352,1.0218817,0.0009273781307251148
math,395,19.2,2.3069567031843476,0.8216633,0.008421794884111737,1.0220893,0.001070622903725791
math,396,20.2,3.1417844064037963,0.8249805,0.008205238123430193,1.0212055,0.0016273251117552166
math,397,18.1,2.7072476044536042,0.8171785,0.008298555918886653,1.0226962,0.0012949109085172207
math,398,19.6,1.7907752003806006,0.8265091999999999,0.005400582567862262,1.0225206,0.0012868280440638997
math,399,18.7,2.1867519240382647,0.8148915999999999,0.00798430412284773,1.0221301,0.000720467714395524
math,400,19.2,1.9605362077584443,0.8207528999999999,0.007956679031511215,1.0221306000000001,0.0010833262153863178
math,401,19.1,1.3677271513989688,0.8149611999999999,0.006169394073539209,1.0225504,0.001266457831108733
math,402,19.3,2.1867519240382647,0.8217285999999999,0.007460273186013136,1.0224617999999999,0.0009100931136467663
math,403,19.3,2.3375624015581447,0.8225450999999999,0.01086465586772138,1.0218623,0.0008666952346482506
math,404,19.3,2.288396814339799,0.8217318,0.012018833899241105,1.0216156,0.001354060386286558
math,405,18.1,3.098962665925036,0.8183382,0.01246902697937941,1.0222533999999999,0.0013662115517704902
math,406,17.2,3.1417844064037963,0.8169527000000001,0.009244124779493074,1.0226248999999998,0.001218830856387368
math,407,19.1,3.6701519896128065,0.8228595999999999,0.010047157737296654,1.0222697,0.0008998324893095728
math,408,17.7,2.024739482845095,0.8168051999999999,0.006933528234884506,1.0226437,0.0014934804324459449
math,409,17.8,2.9165358301477453,0.8198097000000001,0.01189559269205407,1.0232579000000002,0.0009142703105838419
math,410,18.8,2.1274435893402885,0.8193968,0.007387530200495719,1.022608,0.0008903826198430393
math,411,18.9,1.8608448537581366,0.8239694,0.010137186134541697,1.0223083000000002,0.0007752554883477674
math,412,20.1,1.6330066029309371,0.8280379999999999,0.006371491236170146,1.022185,0.000797084593391591
math,413,19.0,2.997298959273309,0.8256296000000001,0.010099327429147056,1.0225113000000001,0.0010535960416354774
math,414,18.9,3.1893831077563526,0.8192714000000001,0.010036711386561288,1.0222833,0.0014609568001277974
math,415,19.9,3.2248414859244336,0.8245351,0.00842179270608705,1.0219476,0.001137978539857817
math,416,18.8,2.257124548860663,0.8200809,0.006496423209894614,1.0218289,0.0009004540794904655
math,417,20.3,2.5020453604442072,0.8262278999999999,0.009429270366332202,1.0219365,0.0010592092723122938
math,418,17.8,2.955269742313439,0.8159266000000001,0.012320080707049704,1.022929,0.0013540830952884799
math,419,19.0,0.9538092079608861,0.8237439999999999,0.007408596481906521,1.0220257,0.0006611520025396174
math,420,17.3,2.313110239597199,0.8185361999999999,0.008504114790371492,1.0230719000000001,0.0014115972856679683
math,421,17.3,3.146305612378473,0.8204258,0.010618240866382161,1.022862,0.0012682524547493932
math,422,17.8,2.607756936296503,0.8193854999999999,0.010468675250529112,1.0221213,0.0012080421493333516
math,423,17.1,2.3472719445002177,0.8199129,0.010085494593574029,1.0229815,0.0013097243238416986
math,424,19.1,2.6649111787303594,0.8231643999999999,0.008644082564151672,1.0222286999999999,0.0008451940448109974
math,425,19.1,1.4484873357995511,0.8205553,0.008739845101473041,1.0222057,0.0011192730609329352
math,426,18.8,1.7457574910020464,0.8170826,0.006945418584785292,1.0224194,0.0010957872173178534
math,427,19.5,2.030348190218022,0.8242015,0.008829635638662138,1.0224475,0.0012902479880486598
math,428,18.8,1.9893268264869735,0.8236471,0.009434844293623894,1.0224192,0.0011633019054930723
math,429,17.8,2.7354543027979377,0.8234308,0.009104839424069542,1.0229013999999998,0.0012404389227295423
math,430,18.2,3.827140875846441,0.8226019000000001,0.010088220934293258,1.0229284,0.0015934560834013458
math,431,17.8,2.817372223418702,0.8170572,0.010823321229078264,1.0227031,0.0010442169328952412
math,432,18.1,2.8900969875870293,0.8202016000000001,0.009851740501963961,1.0225411000000002,0.0009343945336094958
math,433,18.6,2.5946415626080612,0.8187781,0.008891641519461247,1.0221593,0.001374686312452362
math,434,19.1,2.5111189908046834,0.8221702000000001,0.007712678815857839,1.0219298,0.0006130709128247921
math,435,19.8,2.5637781178379653,0.8274469,0.007826506981146212,1.0217874,0.0011562834732009252
math,436,18.4,2.2419589266264723,0.8170237,0.008362321029912268,1.0219802000000002,0.001009397959639252
math,437,19.1,3.3965854347900666,0.8211842,0.00855102867437214,1.0223157,0.0013992136063618167
math,438,18.1,2.6649111787303594,0.8208076,0.007255056393350262,1.0228224,0.0010396820177936837
math,439,16.1,1.6330066029309374,0.8136951,0.006013378442496769,1.0235079,0.0010025061948991027
math,440,17.0,1.9076184159217722,0.8143252999999999,0.007521985626087679,1.0230337999999999,0.0012527910332440178
math,441,19.5,2.342422203896654,0.8238388000000001,0.008968112306458954,1.0222470000000001,0.0013008692723951462
math,442,17.1,2.007819357662063,0.8154892,0.010623402458376346,1.0221623000000002,0.0009112935122360347
math,443,17.8,1.2527259113447078,0.8169482,0.006110969936947161,1.0226330000000001,0.0010638172580812023
math,444,17.8,1.778029307418365,0.8170676,0.007350755443061508,1.0222163,0.0006249464135919493
math,445,17.2,1.4621618283209237,0.8154474,0.006479178597785461,1.0226654,0.001157414815161151
math,446,18.1,2.007819357662063,0.8217266999999999,0.006120400214124867,1.0232677000000001,0.0012724993657205858
math,447,18.3,2.5913523473884963,0.8233650000000001,0.00956477137411116,1.0226355,0.0011584461085833997
math,448,17.8,2.0456928469050473,0.8197722000000001,0.007721119434238512,1.0222379,0.0009193369136796696
math,449,17.5,1.8851309689985039,0.8247971,0.010287585485828513,1.022836,0.0015248167266637765
math,450,20.5,3.1858155640136783,0.8296127,0.0103619195881133,1.0214143,0.0013573127320400372
math,451,20.0,2.500908841938854,0.8221693,0.006300299561867796,1.0217195000000001,0.00136469672091327
math,452,21.0,2.780807804240212,0.8252311999999999,0.009743106662164259,1.0213666,0.0013148617216135606
math,453,19.2,2.857450655145069,0.8190392,0.009378769340967997,1.0219173,0.0011228666516034395
math,454,21.2,3.4024394581028377,0.8336471,0.014272147633145812,1.0211191,0.001228981288390816
math,455,19.7,2.656362925178426,0.8222312,0.011136971523665828,1.0216598000000001,0.0009263704553864237
math,456,19.5,2.886159523922724,0.8209711000000001,0.01251352532417376,1.0217817999999999,0.000825659047374867
math,457,19.1,2.4188515008955065,0.8236819000000001,0.010401347743538616,1.0224641,0.0013580564495112456
math,458,19.1,1.7986955185523754,0.8238491,0.007056848187305819,1.0223274,0.0010630473843836305
math,459,18.5,2.8464853409480444,0.8206766,0.008528664688358714,1.0226675,0.0015438247032733938
math,460,19.7,3.2703626727056396,0.8210307,0.010891212000940058,1.0220774000000001,0.0009977991601537687
math,461,20.6,3.491514982004093,0.8306127999999999,0.008903304627546444,1.0213307,0.0010123453684329385
math,462,20.2,3.8419690634131274,0.8252266,0.010470307691399028,1.022248,0.0013395052492984
math,463,20.6,2.7848942249667306,0.823349,0.004953465833242732,1.0221662,0.0015538603260113358
math,464,18.5,2.5291685959024224,0.8179202999999999,0.007602385056745329,1.0228293000000002,0.0012772989547216857
math,465,17.7,3.322112131306376,0.8190272999999999,0.010555460444846477,1.0227115999999998,0.0008777105787664208
math,466,18.2,3.4024394581028377,0.8211033000000001,0.008919242353722063,1.022546,0.0010355964533202036
math,467,16.285714285714285,2.488178029571212,0.8121555714285714,0.008812279459842618,1.0235402857142857,0.001225597163753966
math,468,19.142857142857142,4.384606832902747,0.8207990000000001,0.011666951145621501,1.0228894285714285,0.0017417372135478482
math,469,18.571428571428573,1.7594075575091859,0.8224807142857143,0.012605480025787407,1.0226651428571427,0.000830453364450137
math,470,18.666666666666668,5.459755524973995,0.8195975,0.023983840546162146,1.0231066666666668,0.0027206746913516888
math,471,17.0,2.483327996407528,0.8150748,0.008267339912350553,1.0237744,0.00018414885970053876
math,472,17.4,4.528244929659863,0.8166464,0.01202648820427718,1.0230932,0.0008535215844933344
math,473,17.2,4.919873261135403,0.8195244,0.015373418879034251,1.023823,0.002393183428498214
math,474,16.0,3.8976847908753323,0.80881525,0.019015946017248302,1.0234934999999998,0.002537470132697133
math,475,16.666666666666668,9.404793588917428,0.8156696666666666,0.02943768973665123,1.0234556666666668,0.0047675167725597205
math,476,18.0,13.144821215456856,0.8206326666666667,0.01940211271002552,1.023181,0.003964899354194145
math,477,23.5,6.353102368087347,0.8391379999999999,0.21066887452577623,1.02148,0.016568890975971442
math,478,16.0,0.0,0.810813,0.0,1.021759,0.0
math,479,16.0,0.0,0.81426,0.0,1.021568,0.0
person,1,0.0,0.0,0.7910417,0.008188193082119027,0.9102005999999999,0.023515892303940054
person,2,0.4,0.5001817683877708,0.8420979000000001,0.016867599166142038,0.9583292,0.027968210901706897
person,3,3.7,3.617094279204329,0.8899418000000001,0.019911568976059228,0.9867520000000001,0.028615495612214336
person,4,14.3,9.436506952156549,0.9263035000000001,0.01635065658177226,1.007233,0.02252051904667965
person,5,31.2,16.80640514243505,0.9280630000000001,0.022754457832797115,1.0088249,0.023664657026700755
person,6,45.0,20.872409815012432,0.9215308999999999,0.03145311121513659,1.0034625,0.025358806450764906
person,7,52.3,20.457067442277253,0.9314468,0.014691611582548073,1.003375,0.02240832183403169
person,8,55.5,20.774793313355254,0.9258192,0.022771606801107073,1.0092807000000001,0.020002443495869646
person,9,51.4,18.072733984200873,0.9059112,0.030834062551379313,1.0111056,0.016508994749583027
person,10,53.0,15.770334632438281,0.9100296999999999,0.02676007396675065,1.0101473,0.01892606029195052
person,11,54.3,14.845642768420154,0.8974143,0.02429426682103584,1.0087904,0.019432472333473744
person,12,55.1,16.13196352075315,0.9071206999999999,0.02788560748195994,1.0083168,0.019644419084091477
person,13,52.1,15.539517750813456,0.8862808,0.03452236619017561,1.0090301,0.01998775176771958
person,14,51.9,13.278389381097506,0.8893074999999999,0.012471281471493704,1.0089886,0.0191984706539819
person,15,49.7,14.394502601072277,0.8810759000000001,0.027847671017401994,1.0089766,0.020149264765364352
person,16,43.1,11.30299125360074,0.8554997999999999,0.02131106881505678,1.0087309,0.019852085834170963
person,17,42.1,11.318072639850012,0.8539834000000001,0.01625549976408367,1.0090577,0.020186120677419605
person,18,48.1,13.175217969372273,0.8798047,0.02304106415785638,1.008615,0.02042670127939284
person,19,45.2,12.143755598720551,0.8685264,0.016657694841815555,1.0081883,0.020521881996898368
person,20,44.2,12.65281032472555,0.8618819999999999,0.022188279142521347,1.0087316,0.019133083616159716
person,21,40.0,10.631871267325353,0.8452451999999999,0.018883305383226544,1.0172554,0.0009891395948239188
person,22,41.5,10.525717855907176,0.8526746,0.018403965813632905,1.0168305,0.001422195587699089
person,23,39.9,9.932046471541689,0.8384423,0.014871578119351164,1.0167643,0.00048115326549127947
person,24,37.4,8.03127743064825,0.8339325000000001,0.02416966900116596,1.0174223,0.000995317392380203
person,25,34.1,4.750530041876229,0.8065823999999999,0.014728784128525668,1.017511,0.0010625463473467969
person,26,37.6,5.060584842300927,0.8293557999999999,0.02263846124360161,1.0172434000000001,0.0009827698850640493
person,27,32.7,3.217781069165483,0.7942337,0.015162880213646384,1.0185147,0.0013999700582584104
person,28,32.3,2.8424874663052306,0.8057252,0.010620754694513549,1.0171516,0.0005370596145155391
person,29,30.7,3.1281815813400926,0.7922924,0.011730574416019225,1.0179435,0.0011157053128256918
person,30,30.0,4.184820916111732,0.7933972,0.01266278336533742,1.0179214,0.000497521479632958
person,31,28.8,3.2485571043488344,0.7956876,0.017468521006786666,1.0179053,0.0007010817270307888
person,32,30.2,2.916535830147745,0.8015190000000001,0.014294961712443233,1.0173663,0.0008580955187800271
person,33,29.2,2.797117667285802,0.7924203000000001,0.018307824603074552,1.0179803,0.000760107850580862
person,34,26.4,4.04947896569019,0.7847604,0.018577914155891915,1.0185762999999999,0.000994788255674812
person,35,25.4,3.4091174615015367,0.7730347,0.013435413348723722,1.0182670999999999,0.0008184015420349949
person,36,23.1,2.6649111787303594,0.7724489,0.013114292745787423,1.0184175,0.000781635316084045
person,37,21.3,2.2381514646204788,0.7626139000000001,0.014979656630496399,1.0194203,0.0015841451595586665
person,38,20.7,2.740645907967312,0.7691752000000001,0.01726783213251795,1.0187841,0.0007343555464573125
person,39,19.8,2.9165358301477453,0.7621238,0.011735360080242747,1.0189534,0.0005825439223827903
person,40,19.4,3.130906874362879,0.7589716,0.01577372045330893,1.0190896,0.0011723089382673372
person,41,18.9,2.4188515008955065,0.7634388000000001,0.0140160625203143,1.018945,0.0007264875063526516
person,42,17.1,1.8911537669917304,0.7513739,0.010013842936353223,1.0191902,0.0008396878877781335
person,43,18.5,3.325533462935348,0.7549086,0.013776787042759737,1.0188026000000001,0.0006257641024316829
person,44,17.9,3.1893831077563526,0.7615773,0.016999626163650756,1.0193269,0.0008230821835309569
person,45,17.1,3.098962665925036,0.7599886,0.010167140673222,1.0193445,0.0009046823301097335
person,46,15.9,2.643488715669723,0.7491659,0.019134567225376764,1.0195149000000001,0.0009634100658424599
person,47,15.9,2.728169458165795,0.7528748000000001,0.011517695187503365,1.0193264,0.0007572802279724213
person,48,17.2,2.4734757397050195,0.7618661,0.017856606351050654,1.0190503,0.0009653065218544938
person,49,17.9,2.6001143414425876,0.7592598,0.012932564852698529,1.0189502000000001,0.0009024545976930119
person,50,19.5,2.8062503086742567,0.760536,0.012369669720231607,1.0186775,0.0009893212872952248
person,51,18.6,3.847884338761118,0.7589401,0.01979538953368244,1.0190506,0.0013318661146137587
person,52,18.8,2.9744475538294863,0.7638407,0.017446013936318828,1.0188694,0.0012685213880760608
person,53,17.2,3.1417844064037963,0.7553862,0.01637408225926576,1.0191142000000002,0.0013194970434853687
person,54,18.4,2.825433390747478,0.7614863,0.017273403519751495,1.0188894,0.0011180907255652032
person,55,16.5,3.2564239297897437,0.7504630999999999,0.011465608564020935,1.0189132,0.0007621999281140492
person,56,18.0,2.262157162798205,0.7481530000000001,0.008953629697072316,1.019026,0.0006058030789489414
person,57,17.5,1.4795576239169526,0.7600886,0.01034770338979466,1.0189625,0.0005959838741077408
person,58,17.0,2.633791760861357,0.749308,0.011380195461844959,1.0190716,0.0009249787752714689
person,59,16.3,2.288396814339799,0.7532046,0.0202973397136938,1.0197768,0.000988284935882477
person,60,17.0,2.9204323393404223,0.7539967,0.01935638137246431,1.0188671,0.0012708508863796633
person,61,17.5,2.1394367894651816,0.7576889,0.010321903701594772,1.0188065,0.0012872600223201374
person,62,18.0,3.0722430004568886,0.7548924,0.012943310068685591,1.0184559,0.0011138824733548435
person,63,15.4,1.2251901111929957,0.7534949,0.016410848935095583,1.0187474,0.0011234921150564481
person,64,15.5,1.4795576239169526,0.7606484,0.011634156921568084,1.0185566,0.001284747332579795
person,65,17.7,2.5470902981673276,0.7480748,0.012806938777543605,1.0192021,0.0017971142933382207
person,66,18.2,2.3797491952543672,0.7623049,0.011945205250050099,1.0184526,0.0013272833553645662
person,67,16.5,2.886159523922724,0.7524843999999999,0.016272806543644727,1.0189388,0.0009511067432243301
person,68,17.0,2.6766204514048892,0.7630612,0.008195982984205282,1.0189444,0.0011410174223189784
person,69,16.0,3.5368192025287177,0.7513995,0.01490577277280582,1.0188663,0.0007102100806690874
person,70,16.9,2.3472719445002177,0.7618769000000001,0.013624735062126393,1.0183142,0.0009366192613979978
person,71,15.9,2.488372879078025,0.7512774,0.010932003947508902,1.018489,0.0007278188487470698
person,72,14.3,1.5471861438297423,0.7448576,0.012637514408129664,1.0190128,0.0010670640496840314
person,73,15.6,2.2419589266264732,0.7641709999999999,0.018165854582077996,1.0184434,0.0012793713871226602
person,74,16.5,2.8464853409480444,0.7522892,0.01678790338869729,1.0187274,0.0009740511345712102
person,75,17.2,2.6510062693438257,0.7573665,0.012596259742899473,1.0187386,0.0010835508323406048
person,76,18.0,2.9204323393404223,0.7702806,0.0207627078269273,1.0179769,0.001315918962061166
person,77,17.7,2.7198200293786168,0.7633430999999999,0.015899079424159114,1.0185406000000001,0.0008119052762527681
person,78,17.1,2.9677494166885294,0.7532445,0.011535267834800376,1.0187580999999999,0.0011497523388375494
person,79,16.4,2.1113466852783245,0.7507443,0.0113156610896382,1.0189266,0.0007522214519570749
person,80,18.2,2.4734757397050195,0.7671207,0.012745230251196834,1.0186897,0.0010964531604722764
person,81,16.8,2.607756936296503,0.7487226,0.0077709906562137086,1.0191051999999998,0.0008067742341616581
person,82,16.2,1.6793544045531357,0.7538903,0.015099244112213228,1.0189789,0.0005433844496857993
person,83,16.6,2.1113466852783245,0.753734,0.01181662593776847,1.0191179,0.001144082090570067
person,84,16.9,2.7695390579961843,0.7551602,0.012316249673492145,1.0185009,0.0008017862439669717
person,85,17.5,2.9639151135154553,0.7597422,0.010835439075917776,1.0189044,0.0009623911393921856
person,86,15.2,2.017706674229335,0.7416162,0.014831922230025526,1.0193662,0.0009350143065320233
person,87,16.8,2.817372223418702,0.7589852,0.01829591811687382,1.0185124,0.001170482039466686
person,88,14.7,1.81756347037723,0.7469224,0.012627603783947063,1.0191088000000001,0.0012524626660008209
person,89,16.3,1.996459609594682,0.7551321,0.01561331755788104,1.0188084,0.0013670589719526904
person,90,18.1,2.322921991972386,0.7612747,0.01059812371330162,1.0184380000000002,0.00127342424026746
person,91,17.0,2.0787789744600365,0.7550301,0.011375818244690602,1.0185658,0.001239211896195492
person,92,16.5,1.6606281238540848,0.7481477,0.00965821703649674,1.0192771999999999,0.0013535867445614853
person,93,18.7,2.134114799158496,0.7580231,0.01358587828085803,1.0186907,0.0013131838264072414
person,94,17.2,3.3688508819414063,0.7584676,0.015169341795854894,1.0183298,0.001512053509486555
person,95,16.5,2.4608000293710206,0.7513077,0.010232920272983476,1.0186328,0.0015705568072488293
person,96,15.5,2.366571524792126,0.7454129,0.01226774990961934,1.0186652999999999,0.0011384473606364809
person,97,14.6,2.3412081990450173,0.7442198,0.01476852732798951,1.0189221,0.0007902254927263859
person,98,15.5,3.376437444267165,0.7561754,0.0182605314874105,1.0190541,0.0010891098147559227
person,99,16.3,2.385714983495729,0.7586567000000001,0.014313003992293292,1.0190454,0.001123153536342493
person,100,16.2,1.7457574910020464,0.7426928,0.007247405318011748,1.0193137,0.0006765056166931085
person,101,18.6,4.04947896569019,0.7556474,0.014885329708245373,1.0191735,0.0007056022603411556
person,102,18.8,4.0858229642575505,0.7546014,0.01538683890236387,1.018492,0.0007143063084975201
person,103,17.3,2.1073032471237823,0.748433,0.008314846985652446,1.0189647,0.0008358169904632706
person,104,16.8,2.7354543027979377,0.7566593,0.017099210442071848,1.0185265,0.0014574459943146967
person,105,17.9,1.8300340349592596,0.7577821,0.017678095174430638,1.0183723,0.0010931600242949531
person,106,17.0,1.8775753034472467,0.7554312000000001,0.009722432933998696,1.018492,0.0005981311610285323
person,107,16.6,2.190648722954546,0.7500043,0.015844161788125543,1.018791,0.0008211037070059893
person,108,17.5,2.9830373448507492,0.7611613,0.011406371446536548,1.0182883,0.0009355741052462799
person,109,16.1,2.3229219919723865,0.7578108,0.00714840082000545,1.018676,0.0011530062654472432
person,110,15.6,2.29212081487383,0.7481042999999999,0.011081204107466965,1.0191542999999998,0.0009566724810326506
person,111,15.8,2.607756936296503,0.7560164,0.012420782250603517,1.0190948,0.0013216250964833587
person,112,15.6,1.943057081390698,0.7537049,0.010408720492131169,1.0187243000000001,0.0010751682377706606
person,113,18.1,2.197128029393053,0.7562873,0.009171452098860102,1.0185887,0.00145131474193794
person,114,16.6,2.9820841454831157,0.7540741,0.011993415165663851,1.0184792,0.0008035538173143969
person,115,16.1,2.2482903680001707,0.7535442,0.012645396528635965,1.0183497,0.0008445896418019491
person,116,15.8,1.9313164477327347,0.7491672,0.013817060184244412,1.018504,0.00059887541312397
person,117,16.0,1.5817136321961622,0.7583588,0.008659736010702301,1.0185093,0.000716490647070945
person,118,16.9,2.091051308540542,0.7527619999999999,0.012161254327967295,1.0184349000000001,0.0007239141268277113
person,119,18.6,2.5280442710653985,0.7606753,0.01057433515605305,1.017839,0.000753799964015084
person,120,17.0,1.7522594036042534,0.7501678,0.009385083655522928,1.0191807000000002,0.0006566086296386667
person,121,15.6,2.0007270735510834,0.7486240000000001,0.0088819833167967,1.0188986,0.0008742069339118247
person,122,16.3,1.8790888670170616,0.7443014,0.008310794376025771,1.019285,0.001104396309409113
person,123,15.8,2.28217664297011,0.7525579,0.013143736060356733,1.0187012,0.000823185822976042
person,124,14.6,1.6589152527186835,0.7454909,0.014953255980593575,1.0186543000000001,0.0007125672219041268
person,125,14.9,1.5618170712084998,0.748853,0.006097157994312897,1.0193189,0.0009195059916073761
person,126,15.1,1.8911537669917307,0.7482004,0.00845003682096678,1.0190480000000002,0.0005805757791006204
person,127,15.8,1.960536207758444,0.7541495,0.010540551114713968,1.0186167,0.000854530749055577
person,128,15.4,1.9721028934088127,0.7538724,0.011262000885110188,1.0189634,0.0006975806413221145
person,129,14.5,1.7923620639621403,0.7476342,0.008710577607488324,1.0190151,0.0008773560384112519
person,130,15.9,2.442245193266499,0.7534079,0.01255148868429055,1.0189401999999999,0.0006741572298963019
person,131,17.6,2.9820841454831157,0.7540159,0.011670747592109471,1.0185929,0.0008383876766348777
person,132,15.6,2.9629557624259073,0.7426041999999999,0.009905586668554595,1.0186396,0.0005171822316156987
person,133,17.1,4.665994285704438,0.7541015,0.01764949099174259,1.018651,0.0013243198630765907
person,134,17.4,3.341736953100767,0.7550749999999999,0.016303090735115697,1.0186289,0.0009804658457742061
person,135,17.2,2.3314734034545763,0.7535439,0.01527302283952091,1.0184547,0.0008196513415388043
person,136,17.0,2.236880870442222,0.7629184,0.009788730836984429,1.0180646,0.0008479952056479655
person,137,17.4,2.5946415626080612,0.7591558,0.011876189277773903,1.0186123,0.0009203817184377754
person,138,16.8,2.4270649421907837,0.7577116,0.01346041972762763,1.0186279,0.0008038324680319837
person,139,16.0,2.2113156780300454,0.7526674,0.017160061557997174,1.0184764,0.0011380138148508764
person,140,16.1,2.4188515008955065,0.7541454,0.012673185939326445,1.0185855,0.0010794307336495198
person,141,16.5,1.5545188206607607,0.7562324,0.014726913559940288,1.0184856,0.0008901320760554545
person,142,16.6,1.7907752003806006,0.7524626,0.008099556212779033,1.0182142,0.0007229838248617363
person,143,18.6,3.184923053682671,0.7610357999999999,0.014908259668741063,1.0184275,0.0007867183806498476
person,144,17.9,4.31130730243833,0.7623087,0.02213456057658534,1.0186949,0.0014249126854487457
person,145,18.2,3.317830505437367,0.7653132,0.01438562741765881,1.0181502,0.0010300382552900981
person,146,16.4,2.7019918285697235,0.7411247999999999,0.010425178879856653,1.0191989,0.0008558484268397427
person,147,16.5,2.7447921219989952,0.7499314,0.010859850837708802,1.0189521,0.0009461024992029124
person,148,15.1,2.4654169190386828,0.7514217999999999,0.01159566140039234,1.0185352,0.0010270805711672883
person,149,14.9,2.3952293382337264,0.753585,0.012744606840230984,1.0186861999999999,0.0012044263210148833
person,150,16.1,2.007819357662063,0.759989,0.012016315722502321,1.0182815,0.0006434611621133275
person,151,17.3,2.2883968143397984,0.754941,0.011108482375387481,1.0186883,0.0010534832983761875
person,152,16.0,1.6520460089152842,0.7504602,0.011967554144439231,1.0186002,0.0005751526665275066
person,153,15.9,2.0359414465183843,0.7432964,0.010793441660818123,1.0190155,0.0008085597426134159
person,154,16.8,2.607756936296503,0.7488928,0.01773821641100136,1.0191627,0.0008474094309785345
person,155,16.8,2.693561256292125,0.7608005,0.008995731794902463,1.0180251,0.0006257411361055894
person,156,16.2,3.4686409829572478,0.7578948999999999,0.00965880732078446,1.0185056,0.0006749362985593987
person,157,16.3,2.134114799158496,0.7531921,0.013627493984910132,1.0187039,0.0009917707072281934
person,158,17.2,2.3314734034545763,0.7560854,0.012015342426003054,1.0184172999999999,0.0009563845956752711
person,159,16.1,1.3255031346719128,0.7514274000000001,0.0072407885462486615,1.0189806,0.0005951554693875372
person,160,16.1,1.8911537669917304,0.7566018999999999,0.019259894515310308,1.0192247,0.0009020347108762724
person,161,16.8,1.7457574910020464,0.7526484,0.014368503082053652,1.0184943,0.0009851453652175684
person,162,16.4,2.4129676403180853,0.75446,0.011102820100271717,1.0190056,0.0007137300991372416
person,163,16.5,2.4837986603590245,0.756085,0.02057294861622703,1.0189576,0.0013889850971083582
person,164,16.6,1.8836222604983184,0.756749,0.010333518567883723,1.0184312,0.0012029741059210166
person,165,16.1,1.7012197290514188,0.7554274000000001,0.012662475284963805,1.0186058,0.0007713745701611721
person,166,17.2,2.1274435893402885,0.7558134,0.01655057078716978,1.0194309000000001,0.0007532492296291761
person,167,18.1,2.9868471003558215,0.7534129,0.01227972195953419,1.0185411,0.000772841343837528
person,168,16.2,3.4024394581028377,0.7543203,0.015069859949786678,1.0191684,0.0012399629849623396
person,169,17.5,2.617550341272258,0.7526172,0.015305168314017965,1.0190285,0.0008918720652539912
person,170,15.8,1.8715088084177551,0.7399061,0.011472359643789527,1.0190923,0.0009268589171431073
person,171,18.2,1.5379711354562318,0.7603294,0.011155083568210336,1.0180286,0.000898593014675823
person,172,16.7,2.385714983495729,0.7553017000000001,0.010665452015580685,1.018314,0.0008288727553546034
person,173,16.0,1.9950350931025014,0.7534963,0.009920183102837666,1.0186348,0.00099917847262126
person,174,15.6,2.1113466852783245,0.7540533,0.010890740527054583,1.0183721000000001,0.0007643339576566027
person,175,15.6,2.190648722954546,0.7632908,0.018402339726990135,1.017873,0.0013808009171538628
person,176,17.1,2.578153522955246,0.7533012,0.013084855679284796,1.0186788,0.0007859568591741504
person,177,17.2,1.6793544045531352,0.762784,0.013724101706085533,1.0185161,0.00119360764546009
person,178,16.5,2.165850589668169,0.7554308,0.011917755661671813,1.0185107,0.0007354992393684659
person,179,15.7,1.8485821511359974,0.7422956,0.012016369784805336,1.0189967,0.0011288598456363403
person,180,15.9,2.578153522955246,0.7508691,0.014251991305575532,1.0188049,0.0008642536135825419
person,181,16.4,1.6242785521744172,0.7624264000000001,0.018293998295203676,1.0192662000000001,0.0010193270469607938
person,182,17.4,1.8531901736184346,0.7573562,0.016768017502559587,1.0186469,0.0009282631409913849
person,183,16.9,1.3677271513989688,0.7589137,0.012191406943935003,1.0182521,0.00048200942610517386
person,184,17.9,2.728169458165795,0.7551057,0.016763278205548637,1.0185212,0.0006900967652174287
person,185,17.2,2.496357593686883,0.7519242,0.011682122454569281,1.0179402,0.0006377262089829513
person,186,17.1,2.621891223758966,0.7589091,0.012871155051626405,1.0176135,0.0007684668636007248
person,187,16.1,1.7668012247594596,0.7588307000000001,0.00922749059139538,1.0179319,0.0006990389737910034
person,188,15.8,2.7561620495436454,0.7569079999999999,0.014712216500725434,1.0184167,0.0011056955361621263
person,189,16.9,2.578153522955246,0.7561445,0.014241259579171954,1.0180117,0.0009192904396310461
person,190,16.6,2.6595717400287993,0.7487465,0.008321814384825014,1.0187066999999999,0.0009265216957309357
person,191,17.9,2.81029973402556,0.7503172,0.011389900110730532,1.0182867999999998,0.0006220879002499214
person,192,16.2,1.7457574910020464,0.7528504,0.010445613002440143,1.0188124,0.0005648159633491862
person,193,17.3,1.7860061501016309,0.7576228,0.010424076087939136,1.0184995000000001,0.0009001063845061122
person,194,16.9,1.9209845317065637,0.7581016,0.01926507531424968,1.0178865,0.0013176745293803477
person,195,16.3,2.7406459079673122,0.7480948,0.013576803359519586,1.0187201,0.001309816669431524
person,196,17.0,3.0350023150829064,0.7509241,0.013646237786575104,1.0184025,0.0007444894252905035
person,197,15.8,2.6510062693438257,0.7419482000000001,0.011550001101564166,1.018854,0.0008011252858517617
person,198,16.9,2.0359414465183843,0.7545946,0.009272761779368286,1.0181622000000001,0.0007702807943533936
person,199,17.9,1.3255031346719128,0.7642211,0.008521615728608965,1.0176566,0.0006021067661174354
person,200,16.7,2.5470902981673276,0.7574599,0.014124946070831467,1.0183517,0.00070602179542146
person,201,16.0,2.4780690133729264,0.7489268,0.012710146521031073,1.0187566000000001,0.0010961914113744946
person,202,14.1,1.7343204914786234,0.7401166,0.013625065119861559,1.019582,0.001019580553103835
person,203,14.6,1.398558833642901,0.7500017999999999,0.013345122071029664,1.0189629,0.0009044416571029087
person,204,15.0,2.6766204514048892,0.7580496,0.014853852792532457,1.0188872999999998,0.0010601913847963643
person,205,17.3,3.0359388996801377,0.76361,0.016905292818884213,1.0182895,0.0005557292686002216
person,206,15.2,1.4227431994389974,0.7416292999999999,0.010736460316545923,1.0192833000000001,0.0005923381773986623
person,207,17.1,2.556004027242069,0.7499091,0.014581006072298069,1.0187291,0.0009327841660015099
person,208,17.7,1.9677733538428859,0.7589688,0.008589684334521223,1.0183984,0.0010647931659811326
person,209,16.5,1.9445196763146888,0.7536797,0.015603009982156128,1.0184995000000001,0.0011319616467566124
person,210,16.0,2.2871541333823777,0.7522778,0.01523752518106435,1.0179605999999999,0.001021942483742072
person,211,15.8,2.1540044629651915,0.7550045,0.013619417116515981,1.0183837,0.0012482950018910307
person,212,14.8,1.778029307418365,0.7559337,0.009682561724294648,1.0184275,0.0011019524718654681
person,213,15.2,2.355734966345946,0.7485849,0.008835817719968896,1.0183467,0.0009302329650273148
person,214,16.2,2.306956703184347,0.7527741,0.014102374041864324,1.0178782,0.0011809176765996444
person,215,14.9,1.7012197290514188,0.7469927000000001,0.010889601934768763,1.0187447,0.0010205479426317026
person,216,15.9,1.367727151398969,0.7604768,0.013148543661836785,1.0180555,0.0010989566973238156
person,217,16.0,2.0787789744600365,0.7528575,0.012554837267237105,1.0183595,0.0010668918929350514
person,218,17.1,2.0359414465183843,0.7553428,0.007718560438518718,1.0180630000000002,0.0008131668223722507
person,219,16.7,2.8424874663052306,0.7529365,0.013591734080335049,1.0184098000000001,0.00106284435941948
person,220,14.4,2.459644452867115,0.7326308,0.010963424091021965,1.0193598,0.001087192816119827
person,221,15.3,2.7198200293786168,0.7539232,0.016867244437230408,1.0185252999999999,0.0010469549156583975
person,222,16.2,2.519031606829703,0.7528775999999999,0.014890156451991593,1.0186721,0.0007817406572556789
person,223,15.2,2.4270649421907837,0.752911,0.011222408593179497,1.0182722,0.0005742472875328069
person,224,17.4,3.0943722876594846,0.7608327,0.01179824839222972,1.0178072,0.0007550615995243487
person,225,18.3,2.7818299721866024,0.7605476,0.014932186632360856,1.0177732,0.00077490481154817
person,226,17.7,2.979222717529596,0.7572661,0.017091418440397556,1.0176690000000002,0.0011778873715871368
person,227,16.6,1.9135704379232206,0.7464722,0.01589130770455952,1.0183301999999999,0.0009131227455965584
person,228,15.5,2.0856058531801596,0.7480534000000001,0.010628411074093886,1.018227,0.0005780228404409462
person,229,16.0,2.311880842625105,0.7589577999999999,0.015205291393454574,1.018001,0.0009741860748056061
person,230,15.8,3.468640982957247,0.7523839,0.016250535921685936,1.0183856,0.000805750348572245
person,231,16.6,2.845486398877995,0.7584641,0.018183373816348568,1.0178648000000001,0.0010172048653275872
person,232,17.3,2.1073032471237823,0.7615160000000001,0.011342874344714288,1.0174347,0.0006675715731386636
person,233,16.6,1.9430570813906982,0.7520442,0.017195626189905742,1.0175325000000002,0.0009842162165469188
person,234,17.7,3.4727366757087754,0.7558434,0.020672184181644907,1.0176304999999999,0.0010188087309810803
person,235,17.5,3.1499179047419714,0.7642479,0.016133922832974094,1.01742,0.0008782622669232565
person,236,16.3,2.1073032471237823,0.7547106,0.014597744677659326,1.0173673,0.000984617980507523
person,237,17.8,3.5174745586282827,0.7523041,0.01596761493002093,1.0178371,0.0012360413972177559
person,238,17.1,2.556004027242069,0.7549081,0.012022981054568211,1.0174573,0.0006404546561985442
person,239,16.4,1.552688897930322,0.7525229,0.010877997004118548,1.0175098,0.0007993235441220182
person,240,15.3,2.0801461426278602,0.7423745,0.012624121982373481,1.0184016,0.0010268808338860897
person,241,16.2,1.3822008576545752,0.7557891,0.008117468434056434,1.0175054,0.0007395061541807756
person,242,16.1,1.4484873357995511,0.7497906999999999,0.009098269182923934,1.0177528,0.0007381923932983093
person,243,15.9,2.197128029393053,0.7554555,0.013236732294064246,1.0174067,0.0006960044093775331
person,244,14.6,1.9135704379232206,0.747615,0.0165404688838453,1.0180544,0.001229703778677662
person,245,17.0,2.236880870442222,0.7750121,0.0152546552354657,1.0177382,0.0013490682039878253
person,246,17.5,2.925295677162839,0.7579277,0.016658520565070487,1.0176016,0.000992272501451528
person,247,18.1,2.371371877645238,0.7582926,0.014382844986145922,1.017323,0.0008872507360401117
person,248,18.1,3.8515767725238583,0.7480183,0.018576882467016095,1.018124,0.0010306912568949056
person,249,17.1,2.870355656884831,0.7434178,0.014638077056069539,1.0184279999999999,0.0008731401140120736
person,250,16.1,2.0359414465183843,0.7483902,0.014426732466806645,1.0186175,0.0009096467621330417
person,251,15.1,2.222856400713612,0.7514077,0.013122302547977924,1.0185641,0.0012768608211294141
person,252,15.9,3.3798037835322865,0.752419,0.010676200655272427,1.0180608,0.0010955522690559705
person,253,17.3,3.663949784945107,0.7641017999999999,0.012332151744287157,1.0177264000000001,0.0014001167167023163
person,254,17.0,2.336345871472338,0.7540180999999999,0.008945777714764222,1.0182441,0.0009036343993727619
person,255,18.4,3.0574011600274584,0.7702355,0.010626868523561374,1.0176536999999999,0.0006898882163094594
person,256,16.4,2.1381075337982045,0.7580631999999999,0.009565910287873276,1.0179883,0.0008364841532643826
person,257,17.6,2.459644452867115,0.7590593,0.015134463187054322,1.0179921,0.0007977444090112814
person,258,16.3,1.9677733538428859,0.7563901000000001,0.010886420257301804,1.0179335,0.0007360019673578569
person,259,18.5,3.0768663935924425,0.7678578,0.014768037667251247,1.0172562,0.000626562524874597
person,260,16.8,1.5379711354562318,0.7474425,0.012341264322598444,1.0187519,0.0006092250944760041
person,261,15.7,2.409430427118595,0.7500607,0.012794947260536592,1.0183883999999999,0.0009726795415881884
person,262,15.5,2.165850589668169,0.7427961,0.011198604693332611,1.0182303,0.0007559900785175561
person,263,14.9,2.1447455737795234,0.7478179,0.009178854576394864,1.0183991,0.0006727171318947877
person,264,15.4,0.9048628651192819,0.7518525,0.017288294265701852,1.0183762,0.0010982658376725465
person,265,15.6,2.459644452867115,0.7553446,0.015816995359014593,1.0188013999999999,0.0014122182605622294
person,266,17.8,2.10054688716444,0.761434,0.013970221771071746,1.0181654,0.0008348878251160286
person,267,17.6,1.8222499331724646,0.7632466,0.014858209367059493,1.0173273,0.0006996404323350663
person,268,17.2,3.01243692909577,0.7465721999999999,0.01409708203153989,1.0183892,0.0009734190048945055
person,269,14.3,1.9386626760334578,0.7384495999999999,0.009185240027319895,1.0196007999999999,0.001018166076695397
person,270,14.4,0.6032419100795213,0.7444504000000001,0.011879374690848332,1.0185681,0.0007342102001800151
person,271,15.0,2.023334876721938,0.7529212000000001,0.015109849544992312,1.0184161,0.0007777823903215422
person,272,14.5,1.6945219875776203,0.7465765,0.012307840309970931,1.0186318,0.0009591265256363423
person,273,15.2,2.3797491952543672,0.7550996,0.01906122256120415,1.0186293000000002,0.0011987508338613811
person,274,16.9,2.3229219919723865,0.7649036,0.016468271506627274,1.0181149,0.0009095029341252573
person,275,18.4,2.1113466852783245,0.7593026,0.009495961993308185,1.0176444999999998,0.0005800612135944099
person,276,18.2,2.28217664297011,0.7581382,0.011210243461280802,1.0180585,0.0007709731374738844
person,277,16.6,2.2671786055203054,0.7493619,0.014829832468536187,1.0182002,0.001037564566245784
person,278,15.6,2.1113466852783245,0.7577243,0.012293618303035535,1.0175452999999999,0.0007430758397260439
person,279,15.4,2.5946415626080612,0.7463875,0.018402617236436113,1.0178491,0.0012418264600276353
person,280,16.8,2.9935025056163034,0.7557248999999999,0.016524764235322394,1.0174653,0.0007659461384839639
person,281,18.1,2.9868471003558215,0.7660467,0.01770718269035422,1.0175074,0.0009088080253477548
person,282,17.0,1.5817136321961622,0.7532795999999999,0.015493638263376108,1.0177991,0.0008609833725521847
person,283,15.5,2.1126927782969798,0.7537114,0.01308124369313554,1.0176715,0.0011280219088533633
person,284,14.1,1.4872237769147432,0.7436602999999999,0.014568538828894102,1.0189076,0.0011800195760693904
person,285,15.0,1.8470435889458994,0.758785,0.012372945409701085,1.0179493000000002,0.0006899088206080581
person,286,15.8,2.629470524545083,0.7533825000000001,0.016464478329666587,1.0181866,0.0010086307561331055
person,287,15.8,1.7128777588435455,0.7528379000000001,0.008633914605902505,1.0181203,0.0006419450458492028
person,288,16.2,2.629470524545083,0.7500394,0.009870789738740806,1.0180389,0.0005384116168096827
person,289,17.0,2.500908841938854,0.7456323,0.014886230301976803,1.0187899999999999,0.0007565361420531932
person,290,16.2,2.4734757397050195,0.7437205,0.012843788215460058,1.0185381,0.001031617164433078
person,291,16.4,2.5504365973525904,0.7514613,0.012661967527323011,1.0185574000000002,0.0016270305352044615
person,292,15.8,1.5005453051633122,0.7539506,0.009272435220131442,1.0180001,0.001024961997437886
person,293,15.4,1.692843411645497,0.749259,0.010163767496585749,1.0182492,0.000631217861693293
person,294,15.7,1.7538811155696892,0.7511158,0.012029096718725684,1.0179697,0.0008229748658072618
person,295,17.6,2.028947466912131,0.7520471,0.010853278503373977,1.0182067,0.0009566164325096912
person,296,16.7,2.8021950315430555,0.7572213999999999,0.016520201876473843,1.0175816,0.000839486709375413
person,297,16.0,1.8775753034472467,0.7523597,0.01352777377606979,1.0177634,0.0008908067510878121
person,298,15.4,1.4776348711567195,0.7520278,0.012875231799980088,1.0181748000000002,0.0008395964674952238
person,299,17.1,2.5111189908046834,0.7559096000000001,0.016479414856397548,1.0180649,0.0009274524012285591
person,300,15.6,2.2671786055203054,0.746641,0.015704151423760568,1.0185029,0.0011031554723258106
person,301,15.7,3.2529299116915364,0.7507937,0.024731183442364003,1.0187704,0.0009603495992169603
person,302,14.8,2.206167089721834,0.7456946999999999,0.008722439742188703,1.0189142,0.0012367727095089155
person,303,15.6,2.1113466852783245,0.7578503999999999,0.01350985248193145,1.0186003,0.0011524988124800035
person,304,16.6,2.3412081990450173,0.7513121,0.011384962562480134,1.0185821000000002,0.0008848324886422776
person,305,18.3,2.5020453604442072,0.7608292999999999,0.01526257838082233,1.0176294000000001,0.000680818546450183
person,306,17.0,2.633791760861357,0.7557817,0.013986884874737149,1.0180792,0.0007462311968402175
person,307,16.3,2.998247321568603,0.7511883,0.01588329264295297,1.017836,0.0011501591496076546
person,308,17.1,1.9503590878873447,0.7553618,0.019962027922079684,1.0178783,0.0012086029223432938
person,309,16.8,2.693561256292125,0.7625055,0.014902360306224565,1.0175706999999998,0.0010960756754088339
person,310,18.5,3.5085726186357262,0.7512373,0.016284302605898297,1.0178061,0.000827596762123703
person,311,18.0,3.181350508471139,0.7685542,0.015252308664576006,1.0175777,0.001143645184565075
person,312,16.5,2.8264394201155683,0.7563006,0.010779846293757004,1.0182872,0.0008431209293762661
person,313,15.0,1.9950350931025014,0.7469143,0.011996434505109808,1.0185169,0.0007601111718941193
person,314,15.5,2.1126927782969798,0.7448832,0.01724837324239321,1.0183727,0.0008847142162913753
person,315,16.4,2.743756155884721,0.7525518,0.014207753103617675,1.0183657,0.001005356873842895
person,316,15.7,2.052629770328954,0.7565974,0.014405433407052094,1.0177496,0.0005606271945617598
person,317,15.5,1.823809411363889,0.7583434,0.010981742833304935,1.0173045,0.0007031168149657745
person,318,15.1,1.860844853758137,0.7499345,0.012565354944858081,1.0188643,0.001052727893341639
person,319,17.5,3.0768663935924425,0.7606857,0.017673808368155332,1.0183370999999999,0.0009583377221360601
person,320,15.5,2.5291685959024224,0.7544006,0.008686406859079331,1.0188456000000001,0.0009721142192797613
person,321,16.2,2.8772805298124577,0.7625038,0.01167813266992651,1.0178579,0.0012096001796098046
person,322,14.8,1.9016477646068206,0.7506367,0.01419349648848859,1.0178582999999999,0.0011104644620392736
person,323,14.5,1.760353023595481,0.7481177000000001,0.013249369372763676,1.0179452,0.0009593196488570947
person,324,13.4,1.177867483172973,0.7373405,0.009775377513961184,1.0187505,0.0010357558442113599
person,325,13.9,1.408686111709351,0.7532534,0.012690385842979397,1.0186297,0.0009675673419316961
person,326,14.6,1.5156265414366454,0.7461074,0.012340849449427007,1.0185853,0.0010254584094341209
person,327,14.4,2.028947466912131,0.7468045,0.018527535066556907,1.0178227,0.0007417658256339873
person,328,14.5,2.002147540235915,0.7504537,0.015212651851559986,1.0186369,0.0015523233669516906
person,329,14.1,1.4484873357995511,0.7471393,0.010871908371359684,1.0184518,0.0006311623705642495
person,330,15.0,1.9663280555547273,0.7590125999999999,0.009687619003241584,1.0180773,0.0007370484705795268
person,331,16.1,2.3229219919723865,0.7565241,0.011513183133083768,1.0176148,0.001003090290072834
person,332,15.0,1.5453475381370707,0.7451038999999999,0.015154068078484614,1.0187846999999999,0.0007180336953707697
person,333,15.1,1.4872237769147432,0.7496522999999999,0.013523653817480672,1.0184084,0.0007121209587263648
person,334,14.9,2.273439812154968,0.7585784999999999,0.01394982032902449,1.0180708,0.0008096648388103521
person,335,16.6,2.29212081487383,0.7519664,0.011828662437149584,1.0182205,0.0009644121476867519
person,336,16.4,3.290296166270231,0.7547574,0.01310165065731131,1.0181898999999999,0.0010494550727157342
person,337,16.2,1.7128777588435455,0.7577706,0.010257268802317636,1.0184198,0.0010331117522108656
person,338,15.4,2.5054518226894156,0.7513498000000001,0.01289687177872135,1.0185739,0.0008855710440311225
person,339,14.5,1.400590147471071,0.7483624,0.009970833211183134,1.0184516000000001,0.0010280838964193146
person,340,15.3,2.4329147095148587,0.7487197,0.009078538254944018,1.019169,0.0010779856029630279
person,341,15.5,2.886159523922724,0.7606843999999999,0.016453141888076676,1.0184675,0.0010443550571075213
person,342,15.6,2.389287306410294,0.7553232,0.007035800249350489,1.0181149,0.0005258182480792764
person,343,18.0,2.8414871187583954,0.7585222,0.012085065143564187,1.0176299,0.0007061846507232172
person,344,15.3,2.134114799158496,0.7405349,0.015298234696106036,1.018846,0.0009834995764494178
person,345,14.3,2.1867519240382647,0.7451944,0.015794611780591463,1.0184789,0.0012221722620336863
person,346,15.4,3.37559533490271,0.7568999,0.011169033512698255,1.01828,0.000980432009564571
person,347,15.5,2.1394367894651816,0.7499134,0.011198416015269188,1.0180004,0.0009261485690282415
person,348,15.1,2.578153522955246,0.7472998000000001,0.013447504472874282,1.0181147,0.0010422114855190186
person,349,15.6,2.3167945162717265,0.747007,0.01472132691945824,1.0181916,0.001177096847811892
person,350,17.3,2.0801461426278602,0.7639180999999999,0.013058649964333247,1.0178707,0.0006503938589328983
person,351,17.4,2.982084145483115,0.7491992,0.01461370944117651,1.0179776,0.0012708702032821798
person,352,16.2,2.756162049543645,0.7477573,0.013592257160296762,1.0183211,0.0010649502692847864
person,353,15.8,2.3797491952543672,0.7497338,0.013457597766140958,1.018057,0.0008786771581732269
person,354,16.1,2.850477608465269,0.7504906,0.010477046819286883,1.0180666999999999,0.0007052105830393044
person,355,16.6,2.3892873064102935,0.7574806,0.01399896921769685,1.0175183,0.0009146514378720956
person,356,16.1,2.686162800570901,0.7540825,0.01387400383684321,1.0180795,0.0011926387414279134
person,357,16.7,3.0359388996801377,0.7627324,0.009123692373858055,1.0179009,0.0007866707649167362
person,358,15.1,1.3255031346719128,0.7559823,0.009964651119894833,1.0181125,0.001037665912871109
person,359,14.5,2.2684322293957653,0.7484907,0.018760542486699547,1.0184909,0.0013889058529769703
person,360,14.9,3.0805601120816224,0.7474616000000001,0.01764520466816607,1.0184927,0.0011223218085705947
person,361,15.5,2.617550341272258,0.7525154,0.012428189411989324,1.018151,0.0010422852952381354
person,362,16.4,1.7261048105490107,0.7560379,0.015673730739146557,1.0180368,0.0006912633776801344
person,363,15.3,1.5835100139587432,0.7497417,0.017882976531507774,1.0179508,0.0007845990135500457
person,364,15.4,1.5888869734518407,0.7583008999999999,0.012978888310451898,1.0175195000000001,0.0008686754360907315
person,365,14.7,1.9677733538428859,0.7523187,0.012451621640728286,1.0184405,0.000819431144344723
person,366,17.5,2.8062503086742567,0.7568043,0.014893155859314902,1.0178424,0.0006663520631140791
person,367,16.6,1.552688897930322,0.7513928,0.007007705420214619,1.0178981999999999,0.0006336289066646659
person,368,16.5,2.5065862813496285,0.7495904,0.017080034327047678,1.0179952,0.0010295492760870211
person,369,17.0,2.4307417870040124,0.756341888888889,0.009914555807676055,1.0174185555555555,0.0006247257159620504
person,370,17.77777777777778,2.996272027403776,0.7561268888888889,0.02022915576894712,1.0176116666666666,0.000883680037876796
person,371,18.125,3.1736563579610557,0.755600125,0.02281705553951489,1.018197125,0.000707337850666105
person,372,18.25,2.9557803144909798,0.754794375,0.006318065611337885,1.018043,0.0003507740098631342
person,373,16.375,2.2315652001439403,0.752557625,0.009633138063795859,1.01741,0.0006939763579582533
person,374,17.0,2.9642133710414895,0.752790625,0.01288580007058576,1.018140625,0.0010086097518671204
person,375,17.833333333333332,3.8937692194207245,0.7530963333333333,0.018464861562327652,1.0182833333333334,0.0015776655245190413
person,376,16.833333333333332,4.521919007796465,0.7676675,0.019670057590859158,1.018138,0.0025173712859980764
person,377,18.5,6.037676032348615,0.7624863333333334,0.023292995251019515,1.0177956666666665,0.0015281241197648223
person,378,15.166666666666666,2.4311296491391747,0.7486181666666667,0.016308919288591295,1.0186593333333334,0.0012776273877698472
person,379,14.666666666666666,2.267040087277867,0.7501231666666667,0.014196092239109052,1.017943,0.001482166219453539
person,380,15.0,2.32294063538519,0.743171,0.02330617657964613,1.0188039999999998,0.0015820297742128319
person,381,17.0,12.907958189248388,0.7746066666666667,0.057448610009344,1.0169086666666667,0.00277724633446142
person,382,18.0,0.0,0.750709,0.0,1.017717,0.0
person,383,21.0,0.0,0.780443,0.0,1.017109,0.0
