subject,generation,valid_solutions_count_mean,valid_solutions_count_compute_ci95,mean_fitness_mean,mean_fitness_compute_ci95,best_fitness_mean,best_fitness_compute_ci95
byte,1,0.0,0.0,0.7721833,0.009460968409264046,0.8428072999999999,0.0013278951631413548
byte,2,0.2,0.45243143255964097,0.8351333999999999,0.006308944087512614,0.8678583,0.040831737865870014
byte,3,1.9,3.4132845788883315,0.8441456,0.008327401733752272,0.8756174,0.05030854950934375
byte,4,7.5,13.561417838831884,0.8563414,0.026721304710198308,0.8921223999999999,0.057894897684210425
byte,5,13.8,21.34061512231082,0.8631175000000001,0.03680251150033417,0.8923748999999999,0.057811030038134543
byte,6,19.0,24.345501255507536,0.8708119,0.04150735526827355,0.8926331,0.057922631052215526
byte,7,22.8,26.608114443525405,0.8682117999999999,0.0480696463872893,0.9091961,0.061977988690721235
byte,8,26.2,28.066149962091416,0.8792854,0.04412579934871268,0.9258016,0.06315864631030231
byte,9,30.7,29.26859951958724,0.8868948,0.04748766628405875,0.9422684,0.06202744521940705
byte,10,31.0,27.87955109816221,0.87858,0.04495015512491031,0.9593489999999999,0.0581934158051247
byte,11,31.4,24.205434000304898,0.868576,0.03320867993956075,0.9759187,0.05077037406052639
byte,12,39.4,25.280892536593484,0.8905573,0.04177903638357501,0.9765085000000001,0.05047217857810922
byte,13,48.1,22.524467484158386,0.8968783,0.035039718556577046,0.9766911,0.050235761842840995
byte,14,53.2,23.044413406075247,0.8949985999999999,0.04107078281359482,0.9932897,0.037758618890191734
byte,15,51.5,20.818538402659584,0.8827434000000001,0.038415766099378405,0.9932482,0.03790073413894782
byte,16,51.6,18.29474686104618,0.8755515,0.0252293182970718,0.9931224000000001,0.03818657031996176
byte,17,53.4,17.59771526553965,0.878522,0.02901108330458987,0.9932641,0.0378632577093156
byte,18,52.0,15.013029650475735,0.8732877,0.021243403712558295,0.9932254,0.03795407078473519
byte,19,53.6,15.070487321116275,0.8766434999999999,0.024292064365878264,0.9933471,0.037676252715355955
byte,20,46.2,12.82243858001038,0.8435261000000001,0.021706006424617296,0.9932341000000001,0.03793816040028411
byte,21,46.0,12.449859351993181,0.8413532,0.017334093266161085,0.9933472,0.037678037359661486
byte,22,47.3,14.571172230176808,0.8442312,0.03396576187962843,0.9933462000000001,0.03767678055454202
byte,23,40.3,10.8334525715336,0.8197319000000001,0.010701224330295989,0.9933483000000001,0.03767554899433414
byte,24,40.8,11.469530938561293,0.8219797,0.02142298498688335,0.9933474,0.03767632811707328
byte,25,39.3,11.225254503528294,0.8149668999999999,0.017846571806947677,1.0100019,1.6674620133319008e-06
byte,26,40.2,10.988486469435719,0.8196038,0.017109237883619954,1.0100037,2.212600953194076e-06
byte,27,35.9,9.287097288288559,0.8007166,0.018874507692270497,1.0100051,2.418851500925655e-06
byte,28,32.5,8.438988337256774,0.7904488,0.01967580717548704,1.0100037,2.212600953194076e-06
byte,29,32.7,8.135732562447942,0.7798782,0.017529701510335283,1.0100056,2.9437030844734262e-06
byte,30,31.4,6.929080896767882,0.7753878999999999,0.015043429402734468,1.0100054,3.184923053692595e-06
byte,31,32.6,6.247268284833999,0.7751213,0.01339394968768757,1.0100051,3.9535650543709575e-06
byte,32,30.6,5.2481179442879045,0.7678924,0.014045894896285351,1.010003,2.1854514470415006e-06
byte,33,34.0,6.079364704546297,0.7821224,0.018270297019745703,1.0100062,3.691007488165685e-06
byte,34,29.3,3.1643258376995793,0.7634418999999999,0.012937356101813008,1.0100048000000001,2.541503341911954e-06
byte,35,25.5,3.058330885200241,0.7485663,0.012537617724672526,1.0100063000000001,3.2354032221377487e-06
byte,36,25.2,3.123634142417,0.7484162999999999,0.013584601313103958,1.0100067,4.66111736326082e-06
byte,37,24.4,2.389287306410294,0.7461959,0.015448556572136295,1.0100077,5.081328477602578e-06
byte,38,23.1,3.5918547609298574,0.7484055,0.011697533184246442,1.0100077,3.30495234644836e-06
byte,39,21.9,3.560053738683834,0.7365699,0.01430901501910135,1.0100091,6.083572039627125e-06
byte,40,21.5,2.3180213072056053,0.7401408,0.008069779463164487,1.0100063000000001,3.423264964453102e-06
byte,41,20.7,2.9982473215686034,0.728914,0.009887786658115329,1.0100061,3.062046962999298e-06
byte,42,21.7,2.2883968143397984,0.7335952,0.011480632558237145,1.0100045,2.846485340973345e-06
byte,43,19.6,2.8052370389865304,0.7308999,0.014969285041781235,1.0100065,4.348078179819172e-06
byte,44,21.2,6.142634973307108,0.7350377,0.02109517335402446,1.010009,5.406087602557118e-06
byte,45,20.7,3.632779930755723,0.736577,0.013645072277149136,1.0100071,2.9868471003645677e-06
byte,46,20.8,3.1236341424169995,0.7335646,0.0076832552456792816,1.0100079000000002,4.311307302444142e-06
byte,47,21.0,3.5368192025287177,0.7295976,0.012647575187139692,1.0100083000000002,3.322112131310886e-06
byte,48,20.3,3.617094279204329,0.7324528,0.014604987871360168,1.0100066,2.616463995377603e-06
byte,49,20.1,4.337604022655342,0.7265648,0.017667272224943013,1.0100069,3.4628988749867776e-06
byte,50,17.5,2.030348190218022,0.7199099999999999,0.008561951234733012,1.0100096,5.694967865120657e-06
byte,51,18.4,2.55043659735259,0.7266561,0.009527137892442429,1.0100058,3.04995315588577e-06
byte,52,19.0,4.088605275076591,0.7263004000000001,0.022170049992768535,1.0100057,2.960075843632871e-06
byte,53,18.3,2.882216681202174,0.7240412,0.009755017056762783,1.0100081,2.4188515008885957e-06
byte,54,20.4,2.5946415626080612,0.7345048999999999,0.014313742011996342,1.0100058,4.249538481195371e-06
byte,55,21.0,3.5368192025287177,0.7372557000000001,0.018432163540652594,1.0100063000000001,4.158241701585923e-06
byte,56,19.6,2.6808656887297966,0.7297724999999999,0.019462772582972247,1.0100082000000001,4.534357211042918e-06
byte,57,17.9,2.298314073432978,0.7257332,0.01583545189321981,1.010008,3.181350508459439e-06
byte,58,20.1,2.850477608465268,0.7291027,0.012227297302931088,1.010006,3.3722247945361914e-06
byte,59,20.9,3.4792797557931996,0.7374178,0.015158251350772665,1.0100062,2.8374822018876957e-06
byte,60,18.3,1.7211565782644838,0.7284184,0.00871156895181495,1.0100033,2.052629770357532e-06
byte,61,19.4,2.3653699143948885,0.7290869,0.011144551676587474,1.010005,3.903632422134979e-06
byte,62,18.7,2.6132022480023895,0.7258762,0.01061398477769953,1.0100057,3.7860639233625853e-06
byte,63,18.6,1.5526888979303224,0.7250175,0.010151105940533187,1.0100064,3.758177734033347e-06
byte,64,18.9,2.890096987587029,0.7324712,0.01567524424289051,1.0100078,3.549657063969899e-06
byte,65,19.4,3.63512694075446,0.7343613,0.015104422133930841,1.0100065,3.572808114495955e-06
byte,66,19.0,3.0722430004568886,0.7344982,0.009234560446457036,1.0100041000000002,2.3229219920057573e-06
byte,67,17.5,2.886159523922724,0.7245725999999999,0.014600751975681203,1.0100054,3.8919623439377185e-06
byte,68,19.0,1.5081047751988033,0.7323937,0.010898176177945541,1.0100054,3.650735114470295e-06
byte,69,19.8,3.01243692909577,0.7316722,0.014380795415514713,1.010009,5.642811372148349e-06
byte,70,19.3,1.687797667451355,0.7314451,0.011331595610876809,1.0100051,2.4188515009256546e-06
byte,71,21.7,2.940804311637666,0.7362534999999999,0.015541121742060087,1.0100071,4.298098609328121e-06
byte,72,19.1,2.7489320823035115,0.7241716,0.012083894768008351,1.0100094,4.992715187379264e-06
byte,73,18.8,1.9893268264869735,0.7304852000000001,0.014600719854019303,1.0100069,3.259914202957802e-06
byte,74,18.1,2.0636803469288174,0.7248889000000001,0.009746932768709613,1.0100065,3.459613391443635e-06
byte,75,20.9,3.0620469629807223,0.734725,0.01811426062338674,1.0100032,1.679354404577369e-06
byte,76,18.1,2.7695390579961843,0.7274131,0.014255852263946128,1.0100055000000001,3.2738380856683885e-06
byte,77,19.0,2.6552924585118753,0.7328314,0.009292813569595347,1.0100066,4.807047007459172e-06
byte,78,21.1,3.0058234481673822,0.7345189000000001,0.012251229802827085,1.0100051,3.5600537386789275e-06
byte,79,19.1,2.3229219919723865,0.7344539,0.013414723560704398,1.0100042,3.7521210375375623e-06
byte,80,19.3,1.0690537668991023,0.7272596,0.009511250742627944,1.0100078,2.7561620495505242e-06
byte,81,19.6,2.616463995368955,0.7384075,0.01197065258491661,1.0100065,3.0952909079268285e-06
byte,82,18.9,3.746813396755061,0.728559,0.015825746912229207,1.0100072,3.1417844063952854e-06
byte,83,18.8,3.581550400761201,0.730408,0.012395715076461518,1.0100059,2.6861628005868066e-06
byte,84,20.2,2.9935025056163034,0.7346927,0.008599653424414074,1.0100075,4.0781618218000045e-06
byte,85,19.3,3.146305612378473,0.7233462,0.011905204085370002,1.0100064,3.0199774588735697e-06
byte,86,19.2,3.068539270357571,0.7264523,0.01459615398058034,1.0100061,2.144745573800874e-06
byte,87,18.4,2.3412081990450173,0.7312687,0.015583277419557423,1.0100054,4.254887178680679e-06
byte,88,21.4,2.2671786055203054,0.7394016999999999,0.01016628590463816,1.0100056,3.1490152201285787e-06
byte,89,20.9,2.8703556568848314,0.7293537,0.013949811899033887,1.010007,4.143859203439699e-06
byte,90,20.2,2.3797491952543672,0.7348266,0.008365254828478441,1.0100047,2.2883968143578804e-06
byte,91,20.2,2.257124548860663,0.7292308000000001,0.01377897295674138,1.0100061,4.641558431517295e-06
byte,92,20.1,3.311826929744921,0.7370288,0.008344571492857097,1.0100091,5.040883920002573e-06
byte,93,19.8,3.3006484608576394,0.7272173000000001,0.01634188058697531,1.0100058,3.04995315588577e-06
byte,94,18.6,2.1381075337982045,0.7330542999999999,0.012571584074872372,1.0100080999999999,5.452690411118418e-06
byte,95,17.9,3.2773098131372813,0.7247037,0.01349422139177103,1.0100058,2.473475739724082e-06
byte,96,19.5,2.6606404849945924,0.7324156,0.010181352979200422,1.0100059,3.2248414859265334e-06
byte,97,18.8,2.4734757397050195,0.7275298,0.00799246724960657,1.0100094,5.116455213262435e-06
byte,98,18.3,2.1073032471237823,0.7293818,0.010529116402674725,1.0100054,3.094372287661967e-06
byte,99,20.3,2.3857149834957285,0.7309211,0.013730211331808058,1.0100071,3.866311243975851e-06
byte,100,17.8,2.7354543027979377,0.7257369,0.011445551632785189,1.0100079000000002,5.737243653354393e-06
byte,101,18.3,4.899019808792812,0.7274019,0.01602542835405807,1.0100035,2.1394367894868688e-06
byte,102,18.9,3.024680743847476,0.7325296,0.008269210628549498,1.0100047,3.287702999309226e-06
byte,103,17.1,2.7899938341177863,0.7230297,0.016745306274230327,1.010004,3.903632422099403e-06
byte,104,16.7,2.6988334501336366,0.7201621,0.010550861821263734,1.0100069,5.410818488648298e-06
byte,105,18.2,3.782307533983461,0.7291247999999999,0.02001150452458638,1.0100083,3.5855171207820736e-06
byte,106,19.0,2.801180294942142,0.7257177,0.014239724301121635,1.0100059,3.9964776542709136e-06
byte,107,17.9,3.8070312098403774,0.7328296,0.016484226505107603,1.010008,4.396843198288315e-06
byte,108,19.2,2.607756936296503,0.7403852,0.01188675544039408,1.0100056,2.845486398887052e-06
byte,109,18.8,2.693561256292125,0.7327857,0.010100601198203558,1.0100053,2.9982473215788127e-06
byte,110,18.3,2.313110239597199,0.7274499999999999,0.014301903757821817,1.0100058,2.8173722234307057e-06
byte,111,20.3,1.7860061501016309,0.7390295,0.013222504549392064,1.0100054,2.528044271085157e-06
byte,112,19.4,2.6808656887297966,0.7250477999999999,0.012403365318933395,1.0100066,3.255550776824624e-06
byte,113,20.4,2.2164523067350794,0.7329716000000001,0.007540523568340633,1.0100097,3.6948566992228664e-06
byte,114,19.8,2.629470524545083,0.7266171,0.012182598684803288,1.0100034,2.722954065416682e-06
byte,115,22.0,2.360557356175594,0.7416986,0.009531087887784371,1.0100047,3.373067745387983e-06
byte,116,20.5,2.7654299473385,0.7325967,0.015004414865912162,1.0100055000000001,3.058330885210782e-06
byte,117,19.7,3.0916147891575463,0.7309467,0.01299670011395589,1.0100056,2.6164639953988346e-06
byte,118,19.8,3.4024394581028377,0.7360324,0.018474766638009035,1.0100044000000001,3.3246784601184753e-06
byte,119,20.0,3.600550801470709,0.7349435,0.009884891278211176,1.0100066,3.635126940772857e-06
byte,120,19.0,2.612114093781567,0.7290181,0.008398973391187389,1.0100079000000002,3.924695993045815e-06
byte,121,18.2,2.231791260046642,0.7250434,0.007197604581095232,1.0100055000000001,2.390476894416415e-06
byte,122,20.0,3.600550801470709,0.7338711,0.015467710844875842,1.0100067,3.918896660743996e-06
byte,123,19.5,1.5175011575414532,0.7230798,0.010740717681686048,1.0100066,3.712511667159383e-06
byte,124,20.4,3.1490152201254293,0.7378256999999999,0.012597659283717167,1.0100078,3.8122550128372973e-06
byte,125,19.2,2.10054688716444,0.72728,0.008927207242851908,1.0100072,3.958595494556481e-06
byte,126,17.9,3.098962665925036,0.7185362,0.01683062021159463,1.0100056,3.847884338764146e-06
byte,127,19.1,2.1447455737795234,0.7279226999999999,0.012836127974953853,1.0100056,3.1670200279296236e-06
byte,128,18.8,3.3519303787681087,0.7283525,0.013406708201670748,1.0100080999999999,4.641558431490638e-06
byte,129,18.6,3.4257555176870915,0.7254644,0.007160886075115241,1.0100069,3.4628988750130275e-06
byte,130,19.0,1.8470435889458994,0.7222294,0.009477728417727507,1.0100069,4.4667660184929125e-06
byte,131,18.9,2.643488715669723,0.7242966,0.008615356956298755,1.0100076000000002,2.0007270735404634e-06
byte,132,21.8,4.3290751098744,0.7388461,0.016194770701191293,1.0100061,2.890096987596527e-06
byte,133,20.8,2.8772805298124573,0.7343447000000001,0.01056048125814126,1.0100062,2.7354543028092124e-06
byte,134,21.0,3.7551506068944933,0.7288041,0.010448805475349833,1.0100048000000001,3.7973107961152116e-06
byte,135,20.0,2.90089745561895,0.7314545,0.013525481523960171,1.0100054,2.7848942249760886e-06
byte,136,18.4,2.9437030844574017,0.7287689,0.015213062790418749,1.010008,4.060696380437773e-06
byte,137,19.3,3.9333789594036053,0.726935,0.019301042507372017,1.0100051,2.6649111787390055e-06
byte,138,20.9,2.7695390579961843,0.7378701,0.011124092904038537,1.0100026,2.482653788844864e-06
byte,139,20.9,2.2983140734329774,0.7328224,0.012364658767799184,1.0100047,2.7613147219396573e-06
byte,140,21.7,3.1822440207787364,0.7377954,0.015361504002133585,1.0100089,4.190930642502635e-06
byte,141,21.7,4.033299275137054,0.7401521,0.015080008448940186,1.0100054,4.347424284303028e-06
byte,142,19.7,3.6327799307557225,0.7258556,0.017253206953335667,1.0100057,2.361761415123764e-06
byte,143,19.9,3.544046221717187,0.7369684,0.020978776477677936,1.0100053,4.212582349511665e-06
byte,144,20.9,4.8804143969448095,0.734656,0.02278169591385586,1.0100058,3.85674024080781e-06
byte,145,18.1,3.701007109984604,0.7271293,0.012795963918418826,1.0100057,2.719820029399034e-06
byte,146,17.9,2.7695390579961843,0.7175283,0.012727911957029589,1.0100058,3.7823075340041003e-06
byte,147,19.2,2.1540044629651915,0.732141,0.01075970001946142,1.0100071,4.108720682436574e-06
byte,148,20.2,3.2485571043488344,0.7354739,0.01634090704120256,1.0100067000000001,3.128181581352353e-06
byte,149,21.5,3.892692748787418,0.7383069,0.016992119075623705,1.0100082000000001,4.64584398395336e-06
byte,150,21.1,3.8663112439758622,0.7338611,0.015235917015729333,1.0100037,3.5053299445353116e-06
byte,151,19.5,2.6819259480905004,0.7301445,0.014274121203712407,1.0100068,3.4024394581019735e-06
byte,152,18.5,2.1126927782969798,0.7272881,0.011121507327326636,1.0100048000000001,3.1956167258176802e-06
byte,153,19.3,2.9214056545946874,0.7337712,0.007717659355720475,1.0100045,4.0361177935175725e-06
byte,154,19.7,3.2000618757191073,0.7337799,0.010731535921689996,1.0100028,1.3822008576687455e-06
byte,155,20.5,2.2933608045857747,0.7378498,0.014876860423429426,1.0100071,2.7489320823217037e-06
byte,156,18.8,3.068539270357571,0.7274288,0.011380124597317305,1.0100105000000001,5.843297865485403e-06
byte,157,17.4,3.2729695783987522,0.7290886999999999,0.015020026436430307,1.0100055000000001,3.620236846507456e-06
byte,158,19.0,3.5368192025287177,0.7261747,0.013751649014167526,1.0100079000000002,4.454018372580811e-06
byte,159,18.7,3.7860639233629256,0.7310411,0.018937677194283235,1.0100065,3.818960831611278e-06
byte,160,20.2,3.4191100109098573,0.7349591,0.014314409398539875,1.010008,3.961467163749063e-06
byte,161,19.6,2.5946415626080612,0.7381032000000001,0.006274857405349879,1.0100091,4.052987742846684e-06
byte,162,18.4,2.4364178282616265,0.733885,0.012793787122482098,1.0100065,2.002147540254076e-06
byte,163,21.0,4.171211706360319,0.7420886,0.015593792933312145,1.0100076,2.7644017153082613e-06
byte,164,20.1,4.995561499210562,0.7313894000000001,0.020456173497733,1.0100046,2.7848942249724625e-06
byte,165,17.8,2.4734757397050195,0.7260409,0.012830058338910951,1.0100085,2.6175503412546786e-06
byte,166,20.1,2.621891223758966,0.7383634,0.018460241998660688,1.0100051,3.3798037835418763e-06
byte,167,19.2,2.10054688716444,0.730488,0.01337167112880808,1.0100071,3.3965854348161837e-06
byte,168,18.5,2.7030438012895766,0.7286514,0.012735327114537608,1.0100071,4.762484087055628e-06
byte,169,18.9,3.670151989612806,0.7311271,0.01624651825012285,1.0100058,4.154821813082521e-06
byte,170,18.7,2.4329147095148587,0.7360721,0.0077885334174921435,1.0100080999999999,4.441234137332694e-06
byte,171,18.7,3.389882743631184,0.732256,0.012159534683133279,1.0100068,3.1956167258153102e-06
byte,172,18.1,3.2946135755100014,0.7267581,0.012085313132029032,1.0100075,4.361135501039211e-06
byte,173,20.3,3.8159819225316065,0.7336913,0.013982612073762763,1.0100052,3.7973107961165414e-06
byte,174,20.0,2.2871541333823777,0.7366725,0.015927416466257286,1.0100052,3.468640982959442e-06
byte,175,18.7,1.3509959142848618,0.7271859,0.008428811616255921,1.0100071,3.362938389937863e-06
byte,176,18.8,2.797117667285802,0.733973,0.0128738334347709,1.0100079000000002,4.010679822911739e-06
byte,177,20.4,2.3653699143948885,0.7403043,0.009682152517770624,1.0100063000000001,3.146305612378459e-06
byte,178,20.6,3.0199774588628143,0.7249762000000001,0.017243106857588855,1.0100072,3.5336024495162003e-06
byte,179,19.1,3.479279755793199,0.7238578,0.015551301025286639,1.0100057,2.719820029399034e-06
byte,180,18.6,2.55043659735259,0.7314648,0.011194087871617516,1.0100062,4.195676500942228e-06
byte,181,18.2,3.581550400761201,0.7274654,0.014246193971717854,1.0100082000000001,2.7561620495349494e-06
byte,182,18.6,3.1670200279174865,0.7223632999999999,0.014391149055070404,1.0100087,2.8424874662930276e-06
byte,183,19.7,2.5693166382653185,0.7340042,0.013727082741978916,1.0100099,6.203885538060471e-06
byte,184,20.3,2.901877323052948,0.7428543000000001,0.013414137289992757,1.010009,3.053679428674938e-06
byte,185,19.8,2.837482201871954,0.7380103,0.01307509166298887,1.0100086000000001,2.164537554925949e-06
byte,186,21.3,4.033299275137054,0.7406043,0.01657827987843457,1.0100086000000001,2.5504365973516752e-06
byte,187,20.8,2.18024178180376,0.7376226,0.009662749042683506,1.010005,1.5081047752421698e-06
byte,188,19.3,2.6132022480023895,0.7300442,0.009794140550935117,1.0100062,4.195676500942228e-06
byte,189,20.5,2.217734604965999,0.7407398,0.012951422230598607,1.0100076,5.1496864905725645e-06
byte,190,19.5,3.002037774816146,0.7244603,0.014649497622819606,1.0100076000000002,2.111346685284024e-06
byte,191,18.4,2.6595717400287993,0.7262331,0.0129315629294552,1.0100072,4.029773354991937e-06
byte,192,21.5,3.0396823522731484,0.7384815,0.01687814376649774,1.0100065,3.095290907926828e-06
byte,193,20.1,1.8608448537581366,0.7303468,0.008254128139577621,1.0100063000000001,4.524942658964288e-06
byte,194,21.3,2.921405654594688,0.7334498,0.015619462266109458,1.0100061,3.2773098131473493e-06
byte,195,18.6,1.4386402649062286,0.7231238,0.009570980881572292,1.0100066,4.021298533090396e-06
byte,196,18.8,2.331473403454576,0.7210229,0.010662586819176766,1.010006,4.198386011377265e-06
byte,197,20.3,2.2883968143397984,0.7394336,0.008796435799052562,1.0100059,2.6861628005868066e-06
byte,198,21.5,2.7447921219989952,0.7377643,0.015767530436555863,1.0100069,3.3798037835519623e-06
byte,199,21.1,3.5759896005113903,0.7363576000000001,0.013477054982929537,1.0100047,2.7613147219396573e-06
byte,200,22.1,4.024831877536224,0.737109,0.011601477272105629,1.0100059,2.6861628005868066e-06
byte,201,20.4,2.1113466852783245,0.7288398,0.010134786984685009,1.0100078,4.2092066118431305e-06
byte,202,18.3,3.5053299445431065,0.7175735000000001,0.01499378053380749,1.0100093,4.130803317441875e-06
byte,203,18.3,2.9214056545946874,0.7257228,0.014212692468190607,1.0100116,5.634744446815704e-06
byte,204,18.7,2.4094304271185956,0.730542,0.00849610111551008,1.0100059,2.909704383323946e-06
byte,205,17.4,2.4129676403180853,0.7177742,0.012790951442553763,1.010005,2.023334876742681e-06
byte,206,18.9,2.7695390579961843,0.730274,0.0128242088598304,1.0100034,2.722954065416682e-06
byte,207,21.1,3.8070312098403774,0.7369349,0.01146517166582476,1.0100053,3.3561685020698836e-06
byte,208,18.6,2.572634027172215,0.7265582,0.013921133162954659,1.0100073999999999,7.155158565131712e-06
byte,209,21.4,2.9629557624259073,0.7475073,0.016560000759123134,1.0100088,4.407176569057961e-06
byte,210,19.6,1.4386402649062286,0.7291312,0.011720628949109616,1.0100049,1.8608448537943454e-06
byte,211,19.9,2.322921991972386,0.7363666999999999,0.012501819973278467,1.0100072,2.257124548860682e-06
byte,212,19.9,2.0359414465183843,0.72641,0.005084204181433823,1.0100042,2.0733012865110344e-06
byte,213,20.1,1.8911537669917304,0.7302067,0.011251754541575714,1.0100062,3.5496570639812808e-06
byte,214,18.0,2.9782682972848478,0.7183448,0.017609244644357938,1.0100061,5.261643346705001e-06
byte,215,17.9,2.222856400713612,0.7225889999999999,0.010071725399639655,1.0100062,2.9744475538318243e-06
byte,216,19.0,3.0906950762741414,0.730369,0.011173380537408333,1.0100058,5.156307045920668e-06
byte,217,18.3,2.4329147095148587,0.7294924,0.00978962672514075,1.010008,3.2520558206075246e-06
byte,218,18.5,1.91505555296083,0.7253661,0.010036626421661166,1.0100079000000002,2.7281694581546982e-06
byte,219,19.7,2.6132022480023895,0.7292588,0.009156005009448262,1.0100075,3.907272173402877e-06
byte,220,20.3,3.235403222123733,0.7295882,0.010990989660208393,1.0100036,3.0199774588618637e-06
byte,221,18.4,2.29212081487383,0.7244006,0.00968561436679866,1.0100118999999999,4.880414396953343e-06
byte,222,19.4,2.5280442710653985,0.735673,0.012772623139985282,1.0100082000000001,4.262897641719219e-06
byte,223,19.6,2.0842422663373124,0.7233747,0.01032114310648424,1.0100061,3.189383107761967e-06
byte,224,19.6,1.692843411645497,0.7377693,0.007810023147584321,1.0100086000000001,3.6662768412583765e-06
byte,225,18.7,1.996459609594682,0.7208214,0.012425295850011236,1.0100058,2.473475739724082e-06
byte,226,18.7,2.7613147219226644,0.7238545000000001,0.008102029569873315,1.0100071,2.273439812174526e-06
byte,227,18.7,3.617094279204329,0.7286508,0.01972197138876745,1.0100071,2.5560040272501204e-06
byte,228,18.7,2.024739482845095,0.7282206999999999,0.010143851094473254,1.0100071,3.807031209833283e-06
byte,229,21.4,2.2671786055203054,0.7396145,0.011488532614961619,1.0100061,3.189383107761967e-06
byte,230,19.1,2.3472719445002177,0.7277319999999999,0.012453992800100537,1.0100084,3.5878950477103688e-06
byte,231,18.4,3.1670200279174865,0.7198183,0.009767148591705304,1.0100072,3.5336024495162003e-06
byte,232,19.7,2.5470902981673276,0.7398901999999999,0.015888416107253386,1.0100048000000001,3.900718175799467e-06
byte,233,19.3,3.423264964455165,0.7374539999999999,0.014244094226095915,1.0100076000000002,3.094372287649727e-06
byte,234,20.7,3.389882743631184,0.7346961000000001,0.013441833720538839,1.0100053,4.828879899431748e-06
byte,235,19.0,3.709447273990219,0.724553,0.01165724119507102,1.0100054,2.528044271085157e-06
byte,236,21.4,4.281530439527216,0.7358833,0.016693573795481746,1.0100042,2.735454302799058e-06
byte,237,19.5,3.4596133914490705,0.7323228,0.01595274732038297,1.0100063000000001,4.0613964401485285e-06
byte,238,21.3,3.801052358550082,0.7397131,0.014626175545380095,1.0100082000000001,4.872835656531753e-06
byte,239,21.2,3.4356996765364802,0.7433512999999999,0.015314353871016179,1.0100061999999999,3.266013205861468e-06
byte,240,21.8,2.5858610245242595,0.7347948,0.013623043688392792,1.0100069,2.2482903680100707e-06
byte,241,21.5,3.002037774816146,0.7417408,0.005852153698724158,1.0100084,4.007133999712296e-06
byte,242,19.8,2.6510062693438257,0.7261904,0.01744942224769818,1.0100048000000001,4.559367644610208e-06
byte,243,18.4,2.8653990728777257,0.729214,0.011702495597108375,1.0100057,3.2529299116967786e-06
byte,244,18.0,2.69777983562925,0.7287591,0.012095839214511128,1.010008,3.372224794551167e-06
byte,245,18.3,2.1073032471237827,0.7329806999999999,0.01177743083684327,1.0100083000000002,4.0050049989593736e-06
byte,246,21.5,3.203613554809735,0.7358104,0.012970447820993903,1.0100108,5.640795722381002e-06
byte,247,19.2,1.9893268264869735,0.7265529,0.0062048225981796955,1.0100065,4.348078179842403e-06
byte,248,18.8,3.721689707516274,0.7260282,0.011626618085072777,1.0100097,3.617094279203801e-06
byte,249,18.6,3.238038273372624,0.7361811,0.014612951840009355,1.0100099,5.207330957870783e-06
byte,250,18.8,1.6793544045531352,0.7293763,0.013898423968273038,1.0100077,3.56962379288039e-06
byte,251,17.9,1.7343204914786234,0.7235096999999999,0.011599723541638279,1.0100076000000002,3.49151498201337e-06
byte,252,21.5,3.1318147783617696,0.7377275,0.01572194430140063,1.0100085,4.6878776514953414e-06
byte,253,20.8,3.9729330840153074,0.7301332,0.017712144406097165,1.0100093,5.136973243117864e-06
byte,254,20.5,3.9362690251567867,0.7270485,0.019539559094632335,1.0100074,2.865399072868475e-06
byte,255,19.1,1.9503590878873451,0.7270128,0.008513162276980206,1.0100074,3.635126940765911e-06
byte,256,18.7,2.024739482845095,0.7231976,0.009560724956908512,1.0100029,1.8300340349818732e-06
byte,257,19.3,2.024739482845095,0.7301904,0.014351299734078518,1.0100054,2.7848942249760886e-06
byte,258,20.0,3.1991733398486626,0.7309248,0.015285286978378795,1.0100064,3.4257555177148414e-06
byte,259,19.4,2.9437030844574017,0.7308391000000001,0.013699817060365452,1.0100077,3.217781069162473e-06
byte,260,16.4,2.389287306410294,0.7200602,0.015479406290520201,1.0100083,4.956711620644209e-06
byte,261,18.8,3.0499531558825126,0.7202668,0.012781186184996652,1.0100072,4.521800119058991e-06
byte,262,20.4,3.7277958473194466,0.7309268,0.018375394727698145,1.0100073999999999,3.167020027911286e-06
byte,263,19.1,3.544046221717187,0.7339013,0.010572591646889043,1.0100069,4.665994285709139e-06
byte,264,19.4,3.3246784601026196,0.7267739,0.012886988138037184,1.0100037,4.64890267412147e-06
byte,265,19.2,4.496580736000341,0.7335723,0.016279647820018738,1.0100054,3.89196234390463e-06
byte,266,21.4,2.638105918971212,0.7435221000000001,0.013831436678819062,1.0100049,3.0058234481754807e-06
byte,267,20.9,2.442245193266499,0.7322200999999999,0.00796569451122539,1.0100051,2.76953905801451e-06
byte,268,21.9,3.701007109984604,0.7374305,0.020117481291926743,1.0100082000000001,6.1426349733197244e-06
byte,269,19.6,2.8653990728777257,0.7225359,0.010228507379930845,1.0100065,3.0952909079268285e-06
byte,270,19.2,3.5012723787143956,0.7293752,0.014185677489583451,1.0100082000000001,5.1892831252072005e-06
byte,271,18.7,2.4792160021005656,0.7242061,0.012209230982384587,1.0100076,3.5239345724451305e-06
byte,272,20.0,2.8812301274573033,0.737249,0.009921764879423775,1.0100077,7.930466146993081e-06
byte,273,18.4,2.9243236566418473,0.7317165,0.012851415865144796,1.0100101000000001,3.6856118389517875e-06
byte,274,19.2,2.355734966345946,0.7375987,0.011100600499081823,1.0100055,4.321845191180966e-06
byte,275,19.5,2.5291685959024224,0.7228071,0.013834039559788939,1.0100085,5.004658818842944e-06
byte,276,18.2,2.10054688716444,0.7246245,0.011388159994193743,1.0100066,4.3343256577331845e-06
byte,277,17.6,1.9135704379232206,0.7258929000000001,0.01235392774177445,1.0100062,2.3797491952708067e-06
byte,278,19.1,2.197128029393053,0.7335549,0.007674868727746407,1.0100077,4.158241701575297e-06
byte,279,20.4,1.5526888979303224,0.7354482,0.00930486597719001,1.0100061,5.555989806148545e-06
byte,280,20.0,3.338332227863102,0.7291814000000001,0.018282398977414325,1.0100055000000001,2.268432229415079e-06
byte,281,20.3,2.3375624015581447,0.7349527,0.010432999593500717,1.0100076000000002,3.6351269407714675e-06
byte,282,19.3,3.53762293375203,0.7247245999999999,0.013150616753621686,1.0100055000000001,3.2738380856683885e-06
byte,283,21.8,3.01243692909577,0.7376127,0.018198415801422008,1.0100061,2.7899938341222165e-06
byte,284,21.5,2.6391833565979055,0.7400413,0.010388578436119032,1.0100042999999999,2.9600758436268996e-06
byte,285,20.6,2.389287306410294,0.7358214999999999,0.010119344031097346,1.0100087,5.159063103128032e-06
byte,286,22.2,3.7369363494286922,0.7355967999999999,0.018313455343724836,1.0100053,3.7102136095585604e-06
byte,287,19.5,3.5085726186357262,0.7312005,0.012203043455406591,1.0100047,2.9982473215762865e-06
byte,288,19.5,4.387133558466339,0.729899,0.01590517332021083,1.0100111,3.5759896004918853e-06
byte,289,20.3,2.5020453604442072,0.7404405,0.008841594479617822,1.0100079000000002,3.7770423126439854e-06
byte,290,19.4,2.9820841454831157,0.726027,0.014858227639286545,1.0100027,2.2883968143683624e-06
byte,291,19.8,2.3314734034545763,0.7424934999999999,0.011836764278748833,1.010003,2.1854514470415006e-06
byte,292,19.9,3.259914202956429,0.7279545,0.015615334949355752,1.010009,3.859687692666943e-06
byte,293,19.6,1.398558833642901,0.7246944,0.014640280867471336,1.0100065,3.8926927488109735e-06
byte,294,20.5,2.002147540235915,0.7304506,0.005730454299457457,1.0100061,2.8900969875965266e-06
byte,295,19.8,3.385686823290994,0.7265704,0.015081295743452343,1.0100065,2.681925948093477e-06
byte,296,21.0,3.1090376413215215,0.7438188,0.014570758907342557,1.0100080999999999,4.441234137309953e-06
byte,297,19.3,3.4563247848204264,0.7281748,0.012632021461702577,1.0100067000000001,4.306028687314426e-06
byte,298,19.4,3.290296166270231,0.7324109,0.01227123042564379,1.0100069,3.259914202957802e-06
byte,299,21.5,4.228748378898308,0.7391165,0.017400901434259926,1.0100065,4.889725952086295e-06
byte,300,19.2,4.001454147102167,0.7347891,0.016365976556609835,1.0100089,4.5550007319911385e-06
byte,301,18.4,3.4257555176870915,0.7284188,0.014999413322767528,1.0100052,5.361731377464014e-06
byte,302,18.1,1.860844853758137,0.7291073,0.015533032651183396,1.0100051,3.379803783541876e-06
byte,303,17.0,1.9371956590424118,0.724737,0.01176015320514953,1.0100068,5.2111512504341435e-06
byte,304,19.6,3.1849230536826707,0.7293335,0.014139079907731306,1.0100055000000001,3.936269025161726e-06
byte,305,19.6,3.238038273372625,0.7292258,0.015337551857017236,1.0100077,3.86042420403282e-06
byte,306,19.3,2.7613147219226644,0.7302204,0.012830824656067111,1.0100057,3.4563247848184494e-06
byte,307,18.9,2.7489320823035115,0.7270381,0.009774676897510765,1.0100048000000001,2.5415033419119537e-06
byte,308,17.4,2.55043659735259,0.7247461000000001,0.012720745563443934,1.0100061,2.442245193275467e-06
byte,309,16.9,1.7668012247594596,0.7234214,0.012997958647654694,1.0100041000000002,3.3118269297522834e-06
byte,310,18.8,2.28217664297011,0.7326626,0.012699806667412572,1.0100054,3.094372287661967e-06
byte,311,19.5,4.119776795755334,0.7250207,0.01913181637885627,1.0100033,2.9018773230596033e-06
byte,312,19.9,2.909704383319462,0.7297743,0.017181416007293674,1.0100039,3.939156970532578e-06
byte,313,18.8,4.209206611832473,0.7224319,0.013181980971353572,1.0100107,4.697570869703408e-06
byte,314,18.1,2.273439812154968,0.7361431,0.014532944949027156,1.0100087,4.103181454189511e-06
byte,315,18.5,2.9446687079324323,0.7277946,0.01361628634001126,1.0100073999999999,3.5400330325377977e-06
byte,316,18.4,2.680865688729796,0.7227949,0.014543750408819918,1.0100035,2.1394367894868688e-06
byte,317,18.2,2.017706674229335,0.7306142,0.009253149390720852,1.0100084,3.5878950476998118e-06
byte,318,19.2,1.6102152697059713,0.7333926,0.011988421253109713,1.0100067,4.019177035432192e-06
byte,319,20.0,2.780807804240212,0.7289519,0.009284307050885792,1.0100079000000002,3.7770423126439854e-06
byte,320,22.5,1.823809411363889,0.7399046,0.009762003274352525,1.0100073,3.845667176765596e-06
byte,321,20.5,2.4141455596659185,0.7333051,0.013154164077829204,1.0100064,3.0199774588735697e-06
byte,322,20.2,3.317830505437367,0.7275349999999999,0.01829224146782509,1.0100055000000001,2.268432229415079e-06
byte,323,19.4,2.1381075337982045,0.7278732,0.010246944859655069,1.0100057,3.6013403093811137e-06
byte,324,20.7,3.521513455995795,0.7336635,0.013411014790391,1.0100036,1.8836222605283534e-06
byte,325,20.8,3.929763388311918,0.7430269,0.01643563582845495,1.0100061,3.189383107761967e-06
byte,326,19.9,2.9868471003558215,0.7346119,0.012627948194596958,1.0100069,3.85157677251677e-06
byte,327,19.7,3.0916147891575467,0.7414661,0.014319397726390218,1.0100075,2.3424222038979858e-06
byte,328,22.4,4.146602572963725,0.7385239,0.014943087482532074,1.0100062,2.379749195270806e-06
byte,329,19.0,2.8414871187583954,0.7366999,0.011588725494148302,1.0100111,3.7163386052241483e-06
byte,330,20.7,3.2529299116915356,0.7329676,0.017645045649593145,1.0100069,3.4628988749867776e-06
byte,331,22.9,6.258634817075033,0.741578,0.021813162497569268,1.0100054,3.184923053692595e-06
byte,332,18.7,3.235403222123733,0.7277261,0.01588875235130214,1.0100086000000001,3.7732769420325853e-06
byte,333,19.4,2.7644017153091505,0.7344353,0.012325356302340445,1.010004,3.1090376413256463e-06
byte,334,19.6,4.03541334845867,0.7298629,0.013233911969098748,1.0100053,3.3561685020698836e-06
byte,335,20.0,3.1454018910867068,0.7339173,0.012776144459795632,1.0100045000000002,2.3904768944216963e-06
byte,336,20.5,3.8338206574990776,0.7358520000000001,0.01761215421508499,1.010008,2.780807804224833e-06
byte,337,19.9,2.6649111787303594,0.7314217000000001,0.012432134014121967,1.0100049,3.639035260282118e-06
byte,338,19.7,3.90436064381625,0.7304725999999999,0.015735094936299536,1.0100065,3.818960831611278e-06
byte,339,20.9,2.643488715669723,0.7390831999999999,0.012496743596337333,1.0100033,2.5693166382903075e-06
byte,340,20.6,3.0199774588628143,0.7298816,0.01426093172087794,1.0100057,3.2529299116967786e-06
byte,341,21.0,4.696965629625269,0.7322891,0.02291796689410025,1.0100066,5.47090860561427e-06
byte,342,20.9,2.909704383319462,0.7421001,0.007963834911486197,1.0100079000000002,6.083572039605751e-06
byte,343,20.3,3.339183734630645,0.7320393000000001,0.014177471574956123,1.0100088,5.7506073930101835e-06
byte,344,20.5,3.1679175821449213,0.7343436000000001,0.01460430084314814,1.0100072,4.029773354991937e-06
byte,345,18.2,3.5656393918263585,0.7215013,0.015498539864092777,1.010006,3.0162095504048086e-06
byte,346,21.2,3.7823075339834613,0.7384097,0.017145696796744606,1.0100093,5.602868027083783e-06
byte,347,19.7,3.1643258376995793,0.7271181999999999,0.014570511737345394,1.0100048000000001,3.1956167258176802e-06
byte,348,19.1,2.929180533691524,0.7315586,0.016784954474147216,1.0100058,3.85674024080781e-06
byte,349,20.5,3.002037774816146,0.7397253,0.008979537976495745,1.0100066,3.255550776824624e-06
byte,350,20.4,2.4826537888253455,0.7413172,0.009085954617040256,1.0100061,4.810003189402745e-06
byte,351,19.8,3.159830415856352,0.7291388000000001,0.016213037865209,1.0100075,3.5886873399111135e-06
byte,352,20.2,2.4734757397050195,0.7425865,0.010811094234670221,1.0100067000000001,4.005004998952123e-06
byte,353,20.7,2.6132022480023895,0.7385927000000001,0.017058589126156216,1.0100061,3.7316071108107644e-06
byte,354,19.5,1.2275083537791298,0.7262418,0.00995277310581868,1.010007,3.6786629469395506e-06
byte,355,21.0,2.4780690133729264,0.7353426,0.011228532624834005,1.0100026,1.9430570814127843e-06
byte,356,22.0,2.939837418857418,0.7412278999999999,0.011630959012810508,1.0100038,1.2064838201937359e-06
byte,357,21.1,3.2773098131372813,0.7361082,0.009337945243725394,1.010008,3.889039352621092e-06
byte,358,20.7,2.740645907967312,0.7386742,0.014952947521329243,1.0100085,4.1335553519440776e-06
byte,359,19.8,2.331473403454576,0.7297708,0.010109960978013017,1.0100069,3.259914202957801e-06
byte,360,19.4,2.6808656887297966,0.7319464,0.015395372674832505,1.0100086000000001,3.666276841258377e-06
byte,361,18.3,3.1281815813400926,0.7248287,0.01302523919653667,1.0100071,3.4792797557838424e-06
byte,362,17.8,3.797310796113076,0.7232162,0.015924618934645005,1.0100077,3.4890713692132532e-06
byte,363,18.3,1.7211565782644838,0.7196892,0.007771435858785972,1.0100044000000001,2.6164639953988346e-06
byte,364,21.2,3.533602449518919,0.7464069999999999,0.01623310830989583,1.0100088,4.1273606938594675e-06
byte,365,21.4,2.4129676403180853,0.7348175,0.013439691608806613,1.010007,3.4057800965667513e-06
byte,366,17.9,2.578153522955246,0.7241366,0.008607710794919099,1.0100047,2.9982473215762865e-06
byte,367,21.2,3.3519303787681087,0.7429547999999999,0.016831776515683607,1.0100033,2.5693166382903075e-06
byte,368,21.3,2.3375624015581447,0.7364686,0.012118936711782782,1.0100076,3.7430176168466746e-06
byte,369,21.5,4.675732870336539,0.738813,0.013553918097601042,1.0100048000000001,4.127360693874762e-06
byte,370,18.1,2.7695390579961843,0.7245146,0.015686798005996903,1.0100057,4.18550021501363e-06
byte,371,17.7,2.6776823917170156,0.7291609,0.011626898313071942,1.0100052,2.877280529821478e-06
byte,372,19.8,3.752121037537343,0.7428275,0.01037468310117277,1.0100071,3.277309813146194e-06
byte,373,21.3,4.171893221225803,0.742493,0.020273969135423224,1.0100059,3.5759896005148344e-06
byte,374,22.5,5.0835659627328615,0.7405535,0.01875092466139655,1.0100045,3.4265852998351453e-06
byte,375,19.0,2.1592774315969074,0.7260004,0.010765563987073934,1.0100064,5.004090720872353e-06
byte,376,20.4,2.722954065405149,0.7336592,0.011935420102247891,1.0100035,1.4795576239445653e-06
byte,377,20.9,3.171505258925593,0.7349506,0.010340244893256129,1.0100048000000001,3.6131622264374527e-06
byte,378,19.6,2.638105918971212,0.7294202000000001,0.015177163268735552,1.0100055000000001,3.2738380856683872e-06
byte,379,21.9,3.1893831077563526,0.7372263,0.0122228655099672,1.0100084,4.0071339996990626e-06
byte,380,21.0,1.9076184159217722,0.7326808,0.009482690202853175,1.0100059,3.495583873934462e-06
byte,381,22.6,2.190648722954546,0.7416108,0.010361621054029343,1.0100055000000001,3.8040429588201203e-06
byte,382,20.9,3.1535260593094554,0.7329948,0.013847091881937985,1.0100062,2.7354543028092124e-06
byte,383,20.6,2.5946415626080612,0.7320882,0.00867243324431937,1.0100094,5.2697419252064855e-06
byte,384,21.9,2.298314073432978,0.7371003,0.012010003356005397,1.0100077,4.061396440142e-06
byte,385,20.9,2.81029973402556,0.732425,0.014288570396292529,1.010007,3.520706047206138e-06
byte,386,19.5,2.723997942792703,0.7257821,0.015699176409562584,1.0100055000000001,2.639183356608019e-06
byte,387,17.2,1.2973207813040306,0.7232026,0.010859763662065746,1.0100069,4.190930642509565e-06
byte,388,19.3,2.5470902981673285,0.7322422000000001,0.01336187374214605,1.010008,5.427082196559341e-06
byte,389,19.9,3.0805601120816224,0.7292282,0.01144079320256524,1.0100093,3.830853303596425e-06
byte,390,18.2,3.1053777958606448,0.7219393000000001,0.011843092207048921,1.0100078,4.596628146852013e-06
byte,391,19.3,1.9091081611046388,0.7309822,0.0071239070868384415,1.0100068,2.8969746716065756e-06
byte,392,18.1,2.909704383319462,0.7223447000000001,0.012165049211895942,1.010004,2.881230127470044e-06
byte,393,18.3,3.2703626727056396,0.7270765,0.01279571226973223,1.0100054,2.0007270735732774e-06
byte,394,18.3,3.389882743631184,0.7303434,0.017293682547810885,1.0100057,2.8224131511181702e-06
byte,395,18.7,3.537622933752031,0.7340286,0.015724172890234873,1.0100051,3.0058234481763214e-06
byte,396,19.9,3.0058234481673822,0.7337295,0.01424340750608387,1.0100051,3.6390352602828114e-06
byte,397,19.2,1.8408764812817766,0.7348418,0.01081033458487961,1.0100069,2.533660906006474e-06
byte,398,17.9,1.9209845317065637,0.7243298,0.013963897202654852,1.0100076,5.6649361852506684e-06
byte,399,19.4,2.9629557624259073,0.7340749,0.014333067296803574,1.0100064,3.3075319896374245e-06
byte,400,20.4,3.9499679605061595,0.7402989,0.015517598030862223,1.0100051,3.080560112090902e-06
byte,401,18.5,3.0768663935924425,0.7219182,0.014270323116537758,1.010007,4.018469620665303e-06
byte,402,18.4,3.697164302271995,0.7279072,0.015036101219157834,1.0100094,6.201593828950065e-06
byte,403,17.2,2.519031606829703,0.7249695,0.0183044116331236,1.0100053,2.5693166382750745e-06
byte,404,18.4,2.1381075337982045,0.7345783,0.008129190973255627,1.0100108,3.3006484608469786e-06
byte,405,21.1,2.7489320823035115,0.7329798000000001,0.010036658539613838,1.0100054,4.281530439540638e-06
byte,406,20.4,3.0574011600274584,0.7335467999999999,0.01407505026942545,1.0100061,5.261643346731397e-06
byte,407,19.7,2.5693166382653185,0.7301924,0.011705984447624588,1.0100091,3.8070312098442265e-06
byte,408,19.5,3.1858155640136783,0.727815,0.011398429906318393,1.0100083,3.1099519297174304e-06
byte,409,19.1,3.9822248355015253,0.7273984,0.015126459350210819,1.0100063000000001,3.146305612378459e-06
byte,410,20.2,4.113561388450657,0.7334047,0.012334716588913329,1.0100075,3.7740303166807617e-06
byte,411,18.9,2.870355656884831,0.7303206999999999,0.010876059246558458,1.010004,2.5459738877551774e-06
byte,412,22.2,3.1053777958606448,0.7484605999999999,0.015178369247415073,1.0100061,3.7316071108107644e-06
byte,413,18.6,2.5054518226894156,0.7219656999999999,0.01157683620245429,1.0100075,6.427163214472711e-06
byte,414,18.1,2.7281694581657954,0.7220449,0.008440298973422591,1.0100075,4.795796897418423e-06
byte,415,19.3,1.7538811155696892,0.7220972,0.009004958313735722,1.0100074,3.3755953349130047e-06
byte,416,18.0,2.8812301274573033,0.7256846,0.012481485177540478,1.0100068,4.42005931084273e-06
byte,417,20.2,3.1417844064037963,0.7368081,0.010997902120671418,1.0100065,2.785914893589093e-06
byte,418,20.7,3.4727366757087754,0.7317354,0.013908290852731956,1.0100055000000001,3.936269025152103e-06
byte,419,18.5,2.551551055171717,0.7242346000000001,0.013824604974707898,1.0100051,3.716338605241135e-06
byte,420,18.3,2.901877323052948,0.7310025,0.013084325556819478,1.0100105,4.9932845795191806e-06
byte,421,20.1,3.701007109984604,0.7304813,0.009899156022423332,1.0100060000000002,2.5459738877551774e-06
byte,422,20.4,2.1381075337982045,0.7298393,0.01095652531218292,1.010005,3.5528592812013303e-06
byte,423,20.3,2.4094304271185956,0.7374528,0.013260167897808843,1.0100056,3.935546707679602e-06
byte,424,20.7,1.9677733538428859,0.7402417,0.013408940643958419,1.0100073,3.1099519297210837e-06
byte,425,17.8,2.857450655145069,0.7222069,0.012657646931770107,1.0100059,2.6861628005868066e-06
byte,426,18.3,3.2529299116915364,0.7251912,0.013581860883977387,1.0100087,4.005004998943927e-06
byte,427,19.6,3.3075319896293442,0.738781,0.00986330677120167,1.0100089,6.393457185546205e-06
byte,428,20.6,2.4826537888253455,0.7343923,0.012978270689111913,1.0100082000000001,4.0297733549982025e-06
byte,429,22.1,3.7316071108108813,0.7436776,0.013256525598695867,1.0100051,3.716338605251326e-06
byte,430,20.3,3.4563247848204264,0.7358039,0.013691332995160293,1.0100057,4.089300556983962e-06
byte,431,20.4,2.9820841454831157,0.7283694,0.010146307232817054,1.010005,2.6552924585406825e-06
byte,432,19.7,2.024739482845095,0.7288015999999999,0.010064931482515657,1.0100038,1.960536207782622e-06
byte,433,20.4,2.1381075337982045,0.7285263000000001,0.008730847961601392,1.0100041000000002,2.6861628005868066e-06
byte,434,18.3,2.052629770328954,0.7185254000000001,0.011372451980050456,1.0100068,4.071882893052778e-06
byte,435,16.5,2.5065862813496285,0.7265214,0.010055661933485801,1.0100080999999999,3.511812298566229e-06
byte,436,18.0,2.612114093781567,0.7240694,0.015625687182038193,1.0100054,2.784894224976089e-06
byte,437,18.3,3.146305612378473,0.7274553,0.015206132004338221,1.0100073999999999,3.1670200279112857e-06
byte,438,19.3,2.21260095316212,0.7306874999999999,0.01256955798382142,1.0100062,2.3797491952708054e-06
byte,439,18.0,2.760284956933686,0.7270472,0.01245155194191939,1.010008,3.647618822732291e-06
byte,440,17.5,2.002147540235915,0.7233233,0.010769758594138248,1.0100071,4.504792521958857e-06
byte,441,20.6,2.7848942249667306,0.7320582,0.011849765587688452,1.0100058,2.473475739724082e-06
byte,442,19.1,2.909704383319462,0.7297814,0.01079991794826898,1.0100068,3.6600680699175235e-06
byte,443,20.6,4.13286751511109,0.7472634,0.018703958555393703,1.0100076000000002,2.865399072875525e-06
byte,444,19.6,2.3412081990450173,0.7294681,0.006246302599955546,1.0100047,4.047372239325583e-06
byte,445,18.3,2.740645907967312,0.7311923,0.012306663742970484,1.0100067000000001,3.489071369214701e-06
byte,446,18.1,2.643488715669723,0.7265363,0.008951931644268376,1.0100059,3.0058234481775813e-06
byte,447,17.4,1.7907752003806006,0.7230719999999999,0.009597512211190111,1.010006,3.90363242211234e-06
byte,448,17.7,2.740645907967312,0.7274981,0.017311104462627038,1.0100062,2.7354543028092124e-06
byte,449,18.4,2.0007270735510834,0.7337455,0.007006514460391313,1.0100054,4.6139134063875385e-06
byte,450,18.7,0.8953876001903003,0.7340777,0.009530455586466443,1.0100029,2.3952293382533186e-06
byte,451,20.1,2.4654169190386828,0.7359251,0.0092136576312892,1.0100058,4.154821813082521e-06
byte,452,19.7,4.19906311581614,0.7315522999999999,0.01555359458217085,1.0100066,3.7125116671328564e-06
byte,453,19.2,3.2660132058618747,0.7295863,0.011932885137890467,1.010004,2.431745881831334e-06
byte,454,19.8,3.8122550128402737,0.7311428,0.015247297715690219,1.0100051,3.379803783541876e-06
byte,455,17.8,2.563778117837965,0.7279588,0.00671939484998271,1.0100079000000002,4.961297984447865e-06
byte,456,19.5,1.8547236369951094,0.7288731,0.010634806827904644,1.0100065,2.681925948093477e-06
byte,457,20.3,2.901877323052948,0.7335788,0.012331749913110432,1.0100058,1.931316447754278e-06
byte,458,20.3,2.385714983495729,0.7257947,0.012201213317301418,1.0100033,2.052629770357532e-06
byte,459,20.4,3.2729695783987522,0.7341386,0.016496817031030203,1.0100037,2.5913523474004055e-06
byte,460,20.4,3.5400330325444216,0.7329225,0.014098192576606789,1.0100099,3.6390352602883624e-06
byte,461,20.9,2.707247604453604,0.7349856,0.014876805261794364,1.0100077,3.217781069162473e-06
byte,462,20.3,3.1281815813400926,0.7366992,0.019951797309817592,1.0100054,2.528044271085157e-06
byte,463,19.6,2.6595717400287993,0.7336286000000001,0.015658456624186017,1.0100054,3.458791532932818e-06
byte,464,21.3,2.979222717529596,0.7394269,0.013005861093908106,1.0100093,5.00238603995835e-06
byte,465,20.5,2.8264394201155683,0.7328641,0.012644984222077587,1.0100061,1.6674620133531019e-06
byte,466,22.3,2.8624210027092793,0.7422356,0.012051013190541365,1.0100058,4.315920794736897e-06
byte,467,21.2,2.331473403454576,0.7337855999999999,0.0076974495362152175,1.0100067,3.9188966607439965e-06
byte,468,21.6,3.3246784601026196,0.7380777000000001,0.01651575362093038,1.0100044000000001,3.4423131565267252e-06
byte,469,21.6,2.0567806942253286,0.7390255,0.011478015913510409,1.0100049,2.4188515009256546e-06
byte,470,21.7,2.5246682923444133,0.7368579000000001,0.007810000734346162,1.0100029,2.3952293382533186e-06
byte,471,20.5,3.0768663935924425,0.7310307,0.009248135113595941,1.010005,3.800304340753977e-06
byte,472,21.1,3.2773098131372813,0.7307178000000001,0.015684486605538752,1.0100049,3.0058234481754807e-06
byte,473,19.4,2.962955762425908,0.7283818,0.01595471011491275,1.0100042999999999,2.238151464634916e-06
byte,474,19.4,2.9820841454831157,0.7274943,0.011417728210213769,1.0100048000000001,3.1956167258176802e-06
byte,475,20.5,3.8189608315898957,0.7357327,0.013467481826066684,1.0100071,4.136305555416529e-06
byte,476,20.0,3.6940871778917987,0.7337964,0.014178057962418831,1.0100059,3.3118269297591456e-06
byte,477,17.6,2.5946415626080612,0.7195925,0.008307576038888577,1.0100093,5.458943498513393e-06
byte,478,20.3,3.4398345915923185,0.7292892,0.018484771504717497,1.0100075,3.5886873399111135e-06
byte,479,18.3,1.9091081611046388,0.7278271000000001,0.011504955293221323,1.0100061,3.396585434788306e-06
byte,480,19.5,2.9830373448507492,0.7326243,0.0116156508713508,1.0100079000000002,3.4132845788738523e-06
byte,481,18.6,2.190648722954546,0.7285332,0.020141755670228866,1.0100075,4.451464462752823e-06
byte,482,19.5,2.217734604965999,0.7303227,0.012160134302079779,1.0100047,3.3730677453879823e-06
byte,483,19.4,1.9135704379232206,0.7380536,0.014896315586357883,1.0100073,2.698833450129611e-06
byte,484,18.7,2.6132022480023895,0.7286487,0.013484961375164235,1.0100041000000002,3.311826929752284e-06
byte,485,20.4,2.743756155884721,0.7366192,0.012744152668428347,1.0100038,3.2310066944633274e-06
byte,486,21.3,1.4718515422287008,0.7305018000000001,0.008011829454820717,1.0100063000000001,4.0613964401485285e-06
byte,487,21.6,2.056780694225329,0.7351629,0.014254693612766151,1.0100062,3.1417844064153783e-06
byte,488,19.7,3.146305612378473,0.7310174,0.018904005578237213,1.010007,1.9076184159236803e-06
byte,489,16.7,2.1073032471237823,0.7210842,0.010541514532862627,1.010007,2.7187745478702817e-06
byte,490,19.3,1.5099887294314076,0.7357052000000001,0.01056761290480771,1.0100053,2.4094304271493663e-06
byte,491,20.8,2.3314734034545763,0.7393773,0.013385906632538124,1.0100053,3.632779930749842e-06
byte,492,20.0,2.7396083739880646,0.7313364,0.013013666772044687,1.0100075,3.113606398579331e-06
byte,493,19.9,3.685611838963474,0.7386802,0.014807177858633919,1.0100091,4.938323570726027e-06
byte,494,18.7,3.3730677453795095,0.727125,0.014430031141672739,1.0100072,3.958595494556481e-06
byte,495,23.3,2.7198200293786168,0.7517711,0.01378371181141029,1.0100067,4.933715850032606e-06
byte,496,21.3,3.7102136095575293,0.7303888,0.01360222866213897,1.0100037,3.904360643812596e-06
byte,497,18.3,2.979222717529596,0.7234654,0.012254222080656818,1.0100055000000001,2.268432229415079e-06
byte,498,18.9,2.0636803469288174,0.7287302999999999,0.009857854774009972,1.0100071,2.8900969875952162e-06
byte,499,18.0,1.9663280555547273,0.7292405000000001,0.01045187077684296,1.010009,5.622622357953553e-06
byte,500,16.4,2.8653990728777265,0.7200059,0.014396532818865077,1.0100056,3.877325352090493e-06
byte,501,17.7,3.146305612378473,0.7253335,0.014719512064791444,1.0100054,3.458791532932818e-06
byte,502,20.1,1.3677271513989688,0.73863,0.011376443934646622,1.0100042999999999,2.8224131511181702e-06
byte,503,20.9,2.465416919038682,0.7390297,0.011716579644747302,1.0100055000000001,3.058330885210782e-06
byte,504,19.8,3.1956167258087556,0.72482,0.014401328569213744,1.0100037,2.212600953194076e-06
byte,505,19.2,2.3069567031843476,0.7328969000000001,0.010564778665948536,1.0100058,3.1236341424235597e-06
byte,506,18.5,2.617550341272258,0.7282055,0.011300658998228413,1.0100058,5.690972797745264e-06
byte,507,20.5,2.217734604965999,0.7369857,0.01608950855290569,1.0100042999999999,3.33918373463649e-06
byte,508,21.0,3.181350508471139,0.7339523,0.016917893065894255,1.0100056,2.7644017153210493e-06
byte,509,19.8,2.306956703184347,0.7269295,0.013795617671250223,1.0100087,3.3561685020570934e-06
byte,510,17.6,1.692843411645497,0.7248001000000001,0.013995496362212381,1.0100088,3.1598304158433307e-06
byte,511,17.5,2.390476894388607,0.7203844,0.010599388154953189,1.0100068,3.5336024495183446e-06
byte,512,20.1,3.242425266677427,0.7344151,0.015388032826592074,1.0100072,6.2618137487437155e-06
byte,513,19.7,3.339183734630646,0.7379450000000001,0.022712252497730245,1.0100060000000002,3.471917923693996e-06
byte,514,20.0,2.69777983562925,0.7340304,0.010754305801301569,1.0100083000000002,2.160593662995811e-06
byte,515,18.7,3.017151968652254,0.732684,0.010093469063674719,1.0100072,3.856740240781622e-06
byte,516,19.6,3.5400330325444216,0.7335645,0.01225813592070891,1.0100068,3.2833765031697816e-06
byte,517,19.3,3.755907617406547,0.7320497,0.01796820929432402,1.0100069,3.953565054394907e-06
byte,518,18.9,2.909704383319462,0.7265408,0.011066829688046755,1.0100063000000001,6.264083426493693e-06
byte,519,19.7,3.663949784945107,0.7334461,0.015002203744331566,1.0100064,5.105330052864862e-06
byte,520,19.7,4.709659337633925,0.7283615,0.01709814604704611,1.0100073999999999,3.862632895460835e-06
byte,521,18.2,3.5656393918263594,0.7266975,0.014011847419788013,1.0100052,2.877280529821478e-06
byte,522,18.3,3.146305612378473,0.7191339,0.011880687343787596,1.0100052,3.7973107961165414e-06
byte,523,17.3,2.1073032471237823,0.7220802,0.011918866134335748,1.0100076,4.6015734179424475e-06
byte,524,16.3,2.432914709514859,0.7238531,0.011905488143688631,1.0100065,3.6515137718582644e-06
byte,525,18.5,2.2684322293957653,0.7300872,0.010778193808569307,1.0100069,4.4667660184929125e-06
byte,526,19.1,2.3472719445002177,0.7273094,0.012793445516145587,1.0100078,2.857450655136218e-06
byte,527,19.8,2.045692846905047,0.7335286,0.012826453438493974,1.0100062,2.6510062693495725e-06
byte,528,20.6,1.8222499331724646,0.7423645999999999,0.010319965953011236,1.0100057,4.64890267411631e-06
byte,529,21.7,2.5693166382653185,0.740071,0.014855470597180695,1.0100082000000001,7.591626276935522e-06
byte,530,20.7,3.4890713692129753,0.7318674,0.01480389520615558,1.0100054,2.638105918999215e-06
byte,531,19.4,4.214606494247565,0.7242964,0.013951421910153885,1.0100067000000001,2.719820029390679e-06
byte,532,18.3,1.9677733538428859,0.7246569,0.013542842147693248,1.0100047,3.252929911717737e-06
byte,533,18.2,2.1274435893402885,0.7245028,0.015261933444070477,1.0100057,2.960075843632871e-06
byte,534,18.9,2.322921991972386,0.7342765,0.011511954865593917,1.0100063000000001,4.648902674128531e-06
byte,535,21.4,3.37559533490271,0.7356542,0.017984449930189134,1.0100083,4.899019808810886e-06
byte,536,21.2,2.6510062693438257,0.7339838999999999,0.006552103703607201,1.0100057,3.2529299116967786e-06
byte,537,19.9,3.4132845788883315,0.7278868000000001,0.010333553452153707,1.0100054,4.254887178671776e-06
byte,538,19.5,1.2275083537791298,0.7317736,0.01344204061339742,1.0100056,5.5840621395024926e-06
byte,539,23.4,2.459644452867115,0.7439625999999999,0.010385077186876963,1.010008,3.8890393526373245e-06
byte,540,20.3,2.7198200293786168,0.7298335,0.008952100261095578,1.0100073,2.3375624015510984e-06
byte,541,19.8,3.782307533983461,0.7345505,0.01325579850449941,1.0100053,3.3730677453789995e-06
byte,542,20.4,3.019977458862815,0.7366486,0.015205194800785889,1.010008,2.132782226550149e-06
byte,543,20.0,2.612114093781567,0.7314649,0.012081294720977475,1.0100087,4.252882205414162e-06
byte,544,20.2,2.1274435893402885,0.7385645000000001,0.01368245538257818,1.0100123,6.273153925584353e-06
byte,545,20.3,2.1073032471237827,0.7324698,0.008791062607953086,1.0100075,3.1136063985914957e-06
byte,546,20.0,2.5902550141411607,0.7314899,0.010612235237902707,1.0100099,2.007819357621391e-06
byte,547,20.2,4.394256058786106,0.7342937,0.01647958483230225,1.0100048000000001,2.8772805298197233e-06
byte,548,19.5,3.5247412416926758,0.7286601,0.014409183315818115,1.0100084,4.105259540659091e-06
byte,549,18.4,3.3587088091062713,0.7207059,0.01105621941810617,1.010005,2.5459738877452603e-06
byte,550,19.5,3.2213132119074572,0.7377065,0.01645834922579625,1.0100052,3.721689707512702e-06
byte,551,21.8,2.8772805298124573,0.7387811,0.015163421190622662,1.0100066,3.949967960524493e-06
byte,552,23.1,4.052987742854586,0.7382647999999999,0.013575509226056237,1.0100079000000002,3.3289512782894133e-06
byte,553,19.6,3.001090610326625,0.7371347,0.009187538585385131,1.0100076000000002,3.49151498201337e-06
byte,554,22.0,2.051244262394962,0.7398868999999999,0.012166027284768325,1.0100101000000001,3.866311243958544e-06
byte,555,21.4,2.722954065405149,0.7332624,0.014529966282137803,1.0100061,2.8900969875965266e-06
byte,556,22.8,3.1777739469036814,0.7459322,0.016174813460534718,1.0100042999999999,3.128181581353968e-06
byte,557,19.5,2.785914893582625,0.7233599,0.01046721755949949,1.0100047,2.862421002737118e-06
byte,558,19.9,3.4628988749923835,0.7386174999999999,0.013961591642504283,1.0100049,2.578153522962538e-06
byte,559,19.6,1.9721028934088127,0.7363078,0.015153506534635122,1.0100051,3.446440136988151e-06
byte,560,21.7,2.432914709514859,0.7432025999999999,0.012004555683272187,1.0100039,1.6674620133531019e-06
byte,561,19.5,2.366571524792126,0.7277956,0.009914027074484211,1.0100049,3.3798037835418763e-06
byte,562,20.3,2.7613147219226644,0.7301444,0.01649314176553253,1.0100033,2.052629770357532e-06
byte,563,20.5,2.8062503086742567,0.7288761,0.012605425013373531,1.0100073,3.6639497849386492e-06
byte,564,20.9,3.6546267423924395,0.7298599,0.010591542109732283,1.0100047,3.164325837716161e-06
byte,565,21.3,3.7860639233629256,0.735773,0.015512632939947332,1.0100054,3.0943722876619676e-06
byte,566,20.9,1.5618170712085,0.7377015,0.00711069537762964,1.0100091,2.948528039463331e-06
byte,567,19.7,2.313110239597199,0.7316495,0.010316416956919152,1.0100063000000001,4.089300557007116e-06
byte,568,19.5,3.6202368465036177,0.7306675,0.018651039053698838,1.0100077,3.56962379288039e-06
byte,569,19.6,3.6194514604771277,0.737268,0.015073333104754115,1.0100076,4.399428816370802e-06
byte,570,19.8,3.752121037537343,0.7371742,0.01735778583975058,1.0100055000000001,3.8040429588201203e-06
byte,571,18.5,3.863368845342676,0.7247830000000001,0.016086125455266435,1.0100074,4.119086658090384e-06
byte,572,19.5,3.993631159859939,0.7379108000000001,0.017236762395076266,1.0100076,4.4889872928131616e-06
byte,573,19.9,2.556004027242069,0.7406577000000001,0.015808186323566297,1.0100076,3.001090610317847e-06
byte,574,18.9,1.7668012247594596,0.7256274,0.009564639467897094,1.0100044000000001,2.9437030844734262e-06
byte,575,19.1,2.3472719445002177,0.733404,0.01550542755123153,1.0100039,1.6674620133531019e-06
byte,576,18.8,2.693561256292125,0.7276389,0.013349221162074086,1.0100096,4.9698860088407155e-06
byte,577,20.4,2.389287306410294,0.7397134000000001,0.011087625723659586,1.0100064,4.228076028403475e-06
byte,578,20.6,3.2204305394119426,0.7333751000000001,0.013829365585338458,1.0100073,4.226058335138591e-06
byte,579,19.5,1.400590147471071,0.7293026,0.009543586007415464,1.010006,3.903632422102637e-06
byte,580,20.4,2.722954065405149,0.7331515,0.010252816919158107,1.0100068,4.071882893052778e-06
byte,581,19.4,3.5878950477198,0.7262695,0.009969927491860403,1.0100084,5.9964946431188856e-06
byte,582,19.3,3.4398345915923185,0.7321024,0.013925102049152042,1.0100076,4.958432004193486e-06
byte,583,17.6,1.9721028934088127,0.7215778,0.014946422564136093,1.0100069,4.122536191117223e-06
byte,584,19.8,2.4035235037258698,0.7306857,0.012014086777745688,1.0100068,3.468640982952163e-06
byte,585,19.8,4.432904613470159,0.7308632,0.017907679546481703,1.0100101000000001,4.579898434427322e-06
byte,586,20.3,5.332488735313968,0.7318572000000001,0.01621675292025959,1.0100133,8.065541167263282e-06
byte,587,19.9,2.4883728790780255,0.7345156,0.016936212007185286,1.0100087,4.537491054258039e-06
byte,588,21.4,3.341736953100766,0.741432,0.013021506594665897,1.0100068,4.766660920366514e-06
byte,589,20.6,1.8836222604983184,0.7328384,0.009648265825231527,1.0100064,3.4257555177148414e-06
byte,590,20.2,2.7971176672858022,0.7368477,0.013454916374926799,1.0100076000000002,3.6351269407714675e-06
byte,591,20.9,2.9868471003558215,0.7381214,0.012696552180918854,1.0100079000000002,3.0058234481519594e-06
byte,592,19.7,3.3730677453795095,0.7258599,0.014017859129168966,1.0100044000000001,2.505451822706031e-06
byte,593,19.8,3.0870134846442507,0.7300977,0.010434139053913067,1.0100054,4.6139134063875385e-06
byte,594,17.4,2.2419589266264732,0.7268283,0.010941226687633301,1.010005,2.1592774316297637e-06
byte,595,19.7,1.9386626760334578,0.7363647,0.013783864153819025,1.0100057,2.960075843632871e-06
byte,596,17.9,2.1447455737795234,0.7284826,0.013277495341865841,1.0100069,2.533660906006474e-06
byte,597,18.1,1.667462013319917,0.7364677000000001,0.009914339915526179,1.0100054,3.2555507768347065e-06
byte,598,18.1,2.3952293382337264,0.7352366,0.012686835185535147,1.0100109,6.815315533047226e-06
byte,599,19.2,1.778029307418365,0.7336064,0.013288420846063555,1.0100128,1.0277266553044526e-05
byte,600,20.0,2.633791760861357,0.7350987,0.011820579477950895,1.0100055000000001,2.7447921220169766e-06
byte,601,19.5,3.774030316686814,0.7311051,0.014627191014991997,1.0100086000000001,4.077464640547134e-06
byte,602,18.9,2.4883728790780255,0.7290061,0.012985075111961047,1.0100047,2.7613147219396573e-06
byte,603,21.4,2.7644017153091505,0.7371847,0.013122069627520938,1.0100057,2.6132022480159343e-06
byte,604,18.1,3.396585434790067,0.7162718,0.016552394998063467,1.0100079000000002,2.5781535229498055e-06
byte,605,19.0,2.959115247833905,0.7394241,0.013022090247346714,1.0100044000000001,3.4423131565267252e-06
byte,606,18.1,1.8608448537581366,0.715067,0.009965918436863069,1.0100057,3.6013403093811137e-06
byte,607,20.6,2.028947466912131,0.7334466,0.01211589895566308,1.0100088,5.877740415930575e-06
byte,608,19.7,1.7860061501016309,0.7308114,0.010573439042857112,1.0100079000000002,3.851576772535126e-06
byte,609,20.3,2.9408043116376654,0.7400843,0.014903872657914688,1.0100067000000001,4.306028687314427e-06
byte,610,22.0,2.4550167075582596,0.7370471000000001,0.011081671856761026,1.0100057,3.33918373463044e-06
byte,611,21.4,5.204600460608021,0.7375164,0.026359432685755024,1.0100080999999999,4.641558431490638e-06
byte,612,20.8,5.1231187132214275,0.7342501,0.02228625739755561,1.0100079000000002,5.96083062607274e-06
byte,613,19.4,2.8052370389865304,0.7369385,0.011456623989893496,1.0100082000000001,3.871455060519326e-06
byte,614,19.4,2.3412081990450173,0.7331784,0.010264344881731382,1.0100034,2.7229540654166823e-06
byte,615,19.9,3.7163386052411127,0.7383957000000001,0.01838524477568194,1.0100059000000001,2.322921991995974e-06
byte,616,19.4,4.6507369226194015,0.7254551,0.01926209573218937,1.0100036,1.8836222605283532e-06
byte,617,18.6,3.019977458862815,0.7279213,0.01237510117312689,1.0100058,2.916535830165813e-06
byte,618,17.7,3.4890713692129753,0.7234841999999999,0.013454698749524893,1.0100058,3.6131622264262714e-06
byte,619,19.9,4.0809493558518035,0.7355228,0.015990209385469398,1.0100042999999999,3.6794356941279096e-06
byte,620,20.8,3.3688508819414063,0.7310953,0.014912878772885382,1.0100039,1.6674620133531019e-06
byte,621,19.7,2.3617614150940716,0.7309239,0.010044096845308744,1.0100061,3.189383107761967e-06
byte,622,20.7,3.217781069165483,0.745298,0.01928504015984793,1.0100088,5.600330381251785e-06
byte,623,18.2,2.3069567031843476,0.7157902,0.010470264782385308,1.0100063000000001,3.4232649644531024e-06
byte,624,17.8,1.8408764812817766,0.7258514,0.013222502123860372,1.0100057,3.7860639233625853e-06
byte,625,20.8,2.4734757397050195,0.7336908,0.010822362646804907,1.0100052,2.877280529821478e-06
byte,626,19.7,3.0916147891575467,0.7337403,0.012852225490779101,1.0100032,1.679354404577369e-06
byte,627,20.6,3.4915149820040927,0.7336064,0.012377365054478267,1.0100048000000001,2.9744475538471044e-06
byte,628,18.4,1.9721028934088127,0.7302283,0.011832732312974485,1.010007,4.851786592004763e-06
byte,629,17.2,1.8408764812817766,0.7178699,0.008642163652424246,1.0100073,4.00500499894834e-06
byte,630,19.8,3.3519303787681087,0.7342797,0.010004574142434459,1.0100064,3.001090610327944e-06
byte,631,19.8,3.1777739469036814,0.7308795,0.01275251595818827,1.0100064,3.650735114471678e-06
byte,632,19.9,5.261643346709068,0.7296899,0.02467111049674173,1.0100084,1.8836222604894778e-06
byte,633,21.1,4.57989843442891,0.7426227,0.017001499826160987,1.0100063000000001,2.479216002107947e-06
byte,634,20.0,3.1090376413215215,0.7316085,0.012394930510332398,1.0100074,2.865399072868475e-06
byte,635,17.555555555555557,2.552600382795792,0.7253287777777778,0.0181113048017509,1.0100081111111112,3.9278193331406935e-06
byte,636,20.333333333333332,3.0985999511097133,0.7401871111111111,0.013986196692121313,1.010005,3.919453361276967e-06
byte,637,19.77777777777778,4.608448248055826,0.7250734444444444,0.023248249468795234,1.0100027777777778,1.5742585123344738e-06
byte,638,18.666666666666668,2.606680164567678,0.7283963333333333,0.01591922543760007,1.0100054444444444,3.2181201620058685e-06
byte,639,18.25,2.6342714690208298,0.7280998750000001,0.013059524981589628,1.010008,4.792168100508256e-06
byte,640,20.25,5.109800829732963,0.72179825,0.018454735999598532,1.01000625,2.4780250015332633e-06
byte,641,18.428571428571427,2.81823343304245,0.725117,0.00837294788555225,1.0100084285714286,5.722524772381854e-06
byte,642,17.857142857142858,3.829225191710937,0.7268297142857143,0.016378052654041696,1.0100088571428572,4.698500747353547e-06
byte,643,17.8,5.369389291059196,0.7261643999999999,0.026213876744405826,1.0100042,5.915848146868926e-06
byte,644,18.2,4.155402534734271,0.7349829999999999,0.026068674106069167,1.010008,7.24008304307103e-06
byte,645,18.8,7.208070728389917,0.7276506,0.033421253875542456,1.0100068,3.0917184224594392e-06
byte,646,15.6,3.5771992844701095,0.7163066,0.01260662137949342,1.0100118,1.0440319657398404e-05
byte,647,19.4,3.2378635694174065,0.7353198,0.0238055522250279,1.0100062,6.534975647910419e-06
byte,648,19.6,3.9849483923489117,0.7273824,0.021106138441033463,1.0100032,5.0741385860480296e-06
byte,649,18.6,3.5771992844701095,0.7277986000000001,0.02128453753812706,1.010004,5.483039754280494e-06
byte,650,19.6,6.834793587109366,0.7321982,0.029872222502905433,1.0100034,5.5943818723747185e-06
byte,651,20.2,5.717050381974045,0.7344966,0.03032150940961112,1.0100082000000001,6.170957645748423e-06
byte,652,19.2,4.595834411373455,0.7315386,0.025504747997016946,1.0100106,8.310805069485091e-06
byte,653,16.0,3.9264863229551143,0.7265696,0.01933392106198047,1.0100034,5.5943818723747185e-06
byte,654,19.0,3.9264863229551143,0.7316334,0.023658612558669058,1.010007,6.391856642452291e-06
byte,655,17.4,3.1165519010507032,0.7279878,0.0208199619394529,1.0100068,5.580585595216391e-06
byte,656,19.8,5.149538535858155,0.7357302,0.015537637329651854,1.0100076000000002,3.887023147287403e-06
byte,657,18.6,6.24545882671678,0.7301244,0.03264397518590652,1.010006,5.119511816151052e-06
byte,658,18.6,1.883076688348438,0.7310774,0.02667140647472707,1.0100082000000001,5.074138585997431e-06
byte,659,16.5,3.0469603616576246,0.7244842499999999,0.015750368660139364,1.01001275,1.0584923576762285e-05
byte,660,17.0,6.572410607728428,0.7208326666666668,0.04738421522603161,1.0100106666666668,8.724004934967155e-06
byte,661,18.333333333333332,2.868435153166308,0.736225,0.028734928691209378,1.010013,1.383109342379752e-05
byte,662,26.0,50.82481894469878,0.752574,0.3940321150735136,1.010005,2.5412409473080134e-05
byte,663,25.5,69.88412604896081,0.7479875,0.24035692189184862,1.0100035,4.44717165771849e-05
byte,664,18.5,31.765511840436737,0.7306025,0.19988765980713233,1.010007,0.0
byte,665,19.0,0.0,0.7229715,0.031746452533331956,1.010005,2.5412409473080134e-05
byte,666,20.5,6.353102368087347,0.743395,0.0885241283969291,1.010007,0.0
byte,667,19.5,19.05930710426204,0.7337575000000001,0.15752517321672585,1.0100085,1.9059307104104765e-05
byte,668,18.5,6.353102368087347,0.727266,0.12402526442980144,1.0100085,6.988412604885438e-05
byte,669,15.5,6.353102368087347,0.7195480000000001,0.024954986101847366,1.0100194999999998,6.988412604885438e-05
byte,670,15.5,6.353102368087347,0.702578,0.0012706204736173292,1.0100120000000001,0.00011435584262603928
byte,671,19.0,38.11861420852408,0.745573,0.36250802112306396,1.0100085,6.988412604885438e-05
byte,672,19.5,31.765511840436737,0.7381489999999999,0.2623323029830627,1.0100035,4.44717165771849e-05
byte,673,20.5,6.353102368087347,0.736128,0.17251214170304316,1.010007,0.0
byte,674,19.5,19.05930710426204,0.737695,0.301848599712566,1.0100085,6.988412604885438e-05
byte,675,19.5,6.353102368087347,0.7320255,0.0391541698945218,1.010005,6.353102368128968e-05
byte,676,18.0,12.706204736174694,0.7231745,0.04512608612052424,1.010003,0.0
byte,677,17.5,6.353102368087347,0.7372384999999999,0.10193552749596133,1.0100069999999999,5.0824818944749606e-05
byte,678,23.0,101.64963788939755,0.7424425,0.31665768133257816,1.010007,0.0
byte,679,20.5,31.765511840436737,0.742191,0.14936143667373372,1.0100065,4.44717165771849e-05
byte,680,16.5,31.765511840436737,0.720495,0.052629100017235315,1.0100125,1.9059307104104765e-05
byte,681,21.5,57.177921312786125,0.7582249999999999,0.20572616088340462,1.0100105,4.447171657577423e-05
byte,682,26.0,12.706204736174694,0.752173,0.02191820316990105,1.010007,0.0
byte,683,21.5,82.5903307851355,0.7385900000000001,0.34714621959702857,1.0100069999999999,8.894343315295913e-05
byte,684,17.0,38.11861420852408,0.728233,0.13715077392226926,1.0100105,6.353102367564699e-06
byte,685,17.0,0.0,0.717911,0.0,1.01,0.0
byte,686,18.0,0.0,0.737025,0.0,1.010003,0.0
byte,687,20.0,0.0,0.733792,0.0,1.010007,0.0
math,1,1.4,1.1285622744303314,0.7096373,0.015658879754581606,0.9504359000000001,0.06786141685385264
math,2,4.8,3.1956167258087556,0.8000092999999999,0.021398203465452004,1.0070996,0.03943841387387204
math,3,13.4,9.768980773065996,0.8526148000000001,0.04010802129724653,1.0147626,0.02622540900437308
math,4,33.2,20.641762318929853,0.9002216000000001,0.047764081558135295,1.030897,0.025664614404075105
math,5,51.6,23.49983427496991,0.9359194000000001,0.03403507161776223,1.0361221,0.009520497854629212
math,6,69.2,16.609020193076798,0.9623264,0.02034324122008935,1.0379111,0.012702229799296213
math,7,76.3,8.819834601275732,0.9629327,0.01537747464563999,1.0342871,0.010717772430400964
math,8,73.2,5.276211837942424,0.9414554,0.019561722823462264,1.029682,0.006868376935881524
math,9,70.8,7.725265790930939,0.9288955,0.025296697472641492,1.022772,0.0018717824054373955
math,10,66.2,9.22782681273739,0.9037746999999999,0.0424421261021082,1.0224574,0.0030942108615862195
math,11,67.2,6.580592332540462,0.91142,0.029442799398503177,1.0252148,0.009834434910662574
math,12,62.9,6.167116000775007,0.8886082999999999,0.02380676422481163,1.0203639,0.0018509927929570703
math,13,59.8,5.435457328374205,0.8717663999999999,0.02360925336025256,1.0199146,0.0015944162055847042
math,14,62.3,5.013739631595669,0.8890996,0.01939122247158331,1.0200868,0.0016863796518806593
math,15,56.5,3.907272173410884,0.8492934,0.016883125320144375,1.0193713,0.0011789733412499752
math,16,57.8,5.1231187132214275,0.8588075999999999,0.020605115669669317,1.0185712,0.0008061510420884963
math,17,49.8,4.742743755290476,0.8207782,0.019055446660475785,1.0190309,0.001110769356612139
math,18,50.8,6.942197957058831,0.8234097,0.029881514129010283,1.0191620000000001,0.000563287025971144
math,19,47.1,7.1571449504871865,0.8086595000000001,0.03142787552347824,1.0194584,0.0009459772302602276
math,20,45.7,5.114787981849581,0.8015139999999998,0.02622378129024403,1.0192004000000001,0.0006419933300304087
math,21,44.2,4.718705365568935,0.7927519999999999,0.021397618959028593,1.019413,0.001199975619076967
math,22,37.2,3.1956167258087556,0.75962,0.014523509967736362,1.0189422000000001,0.0005705711475905144
math,23,38.6,3.6507351144732145,0.7698802,0.01997671748162801,1.0188783000000001,0.0007090231583858472
math,24,38.6,4.526827135746037,0.763857,0.024026079746370565,1.0189178,0.0008199092025956271
math,25,37.1,6.194713614765554,0.7591604000000001,0.028366297084244665,1.019233,0.0007914273213605487
math,26,39.1,7.72268929132208,0.7732905,0.035104888665289796,1.0197068999999999,0.0019326423433100092
math,27,33.7,5.713408714266694,0.7462382,0.021654696643822444,1.0204584,0.001321451463828952
math,28,34.1,5.218238659296095,0.7482169,0.024623850191924163,1.0201931,0.0017544226424525923
math,29,32.9,5.2508258119384355,0.7342633000000001,0.023991765172333816,1.0200997,0.0013300819410304735
math,30,31.4,4.6507369226194015,0.7362611,0.02137981539293869,1.0200127,0.0013034590685849477
math,31,29.2,4.342189575269937,0.7286935999999999,0.01578851103179452,1.0196901,0.0008383990025079604
math,32,31.3,4.47439717327752,0.735349,0.015603439955019602,1.0196318,0.001121976681330771
math,33,25.4,3.5077622311393784,0.7021619,0.020588231949250038,1.0202933,0.0006063705652362379
math,34,28.0,4.745140896588486,0.7222985,0.02249341110773357,1.0198558,0.0008976602578370077
math,35,24.2,2.629470524545083,0.6944492999999999,0.011023022107942057,1.0204679,0.0007740583704091043
math,36,23.3,3.617094279204329,0.6954278,0.014993597174041013,1.0202062,0.000967486051250921
math,37,23.6,1.7587372793141414,0.7065243999999999,0.01266204867240614,1.0213554,0.003031157195468632
math,38,21.3,2.9214056545946874,0.6857527,0.012626227690424801,1.0204331999999998,0.0009337785326052558
math,39,22.0,3.647618822727778,0.6854146,0.019675961607906977,1.0210814,0.0014526185911487328
math,40,20.8,2.8969746715991027,0.6824573,0.013450073693559788,1.020993,0.0007076746907651406
math,41,22.2,3.2833765031614988,0.6876792,0.015322008045392452,1.0205025,0.0014361107473808326
math,42,20.0,2.718774547875689,0.6819135000000001,0.010310890528523155,1.020504,0.001281523069484466
math,43,19.0,2.959115247833905,0.6754049,0.014988015004118895,1.0212506,0.0014645910510661902
math,44,17.7,2.313110239597199,0.6756338,0.012753082130213481,1.0211397,0.0011642993279873766
math,45,19.4,3.4915149820040927,0.6747702999999999,0.022551893353140888,1.0209651000000002,0.0006962389464914058
math,46,21.1,4.177341337450096,0.6903661999999999,0.021997075000961205,1.0204174,0.0008043031988125022
math,47,20.9,2.7281694581657954,0.6859927,0.01268534372487963,1.0214852,0.0020853534605161346
math,48,19.1,2.686162800570901,0.6767793,0.01763739124840519,1.0205759,0.0007836674919758784
math,49,18.3,3.1822440207787364,0.6770269,0.017488925215645264,1.0215919,0.0010801766868684351
math,50,19.8,2.607756936296503,0.6815772,0.01869950634478859,1.0212811,0.0010552620050222291
math,51,20.0,3.0722430004568886,0.6756723,0.020486390801329947,1.021255,0.0008545441864723563
math,52,20.9,3.953565054376544,0.6883201999999999,0.01824866444308061,1.0217123000000001,0.0013736342861374391
math,53,17.1,2.7489320823035115,0.6636419,0.012850520947238318,1.0226216000000001,0.0008513026506307472
math,54,17.8,3.8122550128402737,0.6687366,0.021872709334410684,1.0215955,0.0017108866841371328
math,55,18.6,2.000727073551083,0.6705895,0.016888749586194785,1.0215334,0.0009348365623296647
math,56,19.1,2.4654169190386828,0.6689231,0.01033707259185593,1.0215403,0.0013783106191134174
math,57,16.8,1.7457574910020464,0.6611543,0.012729675965703723,1.0219918,0.0007926741875287932
math,58,17.1,2.707247604453604,0.6662261,0.013614822261219846,1.0218127,0.0012327450389370892
math,59,18.3,2.5913523473884967,0.6823942,0.016151462360405537,1.0216079,0.002038276202596749
math,60,18.8,2.5858610245242595,0.6774122,0.012615560607101733,1.0221984,0.0022405035953891278
math,61,17.4,2.5054518226894156,0.6686732,0.018908989809894448,1.0223042,0.0014904264541637548
math,62,19.3,2.2883968143397984,0.6763021,0.010011720122107371,1.0210413,0.0005662991716511998
math,63,19.3,2.940804311637666,0.67047,0.01837029337617057,1.0212667,0.0011745233391866929
math,64,18.4,1.6589152527186835,0.6763173,0.011447202181015576,1.0214823,0.0011852397804088305
math,65,19.0,3.4390080063126707,0.6767449,0.023144973271372188,1.0212208999999999,0.0016171122930330878
math,66,18.7,1.9677733538428859,0.6787851,0.008195074877258101,1.0213233000000002,0.0014003101658741754
math,67,20.6,2.8454863988779953,0.6945906,0.015326114826929518,1.0215856,0.000759703211271974
math,68,19.1,2.8703556568848314,0.6736487,0.01820634190140122,1.0214439,0.001218092429586414
math,69,20.5,2.8464853409480444,0.6826922,0.015842383733730907,1.0213742,0.0008868098367595774
math,70,18.3,2.5693166382653185,0.6780731,0.014361585945384791,1.0220728,0.0008627652970654732
math,71,17.1,2.4883728790780255,0.6689381,0.008754246421433673,1.0220331999999999,0.0010628687004964833
math,72,17.0,1.8775753034472467,0.6668637,0.014569257104176362,1.022446,0.0009480322556022703
math,73,16.5,2.573738873273039,0.6667647,0.016827647746842696,1.0227015,0.0011206131449773718
math,74,17.0,2.523541962467993,0.6665414000000001,0.014759305458937489,1.0218096,0.000960944209513088
math,75,16.8,1.9893268264869735,0.6636444,0.010494458188353168,1.0221799,0.0013503167292274246
math,76,19.0,2.9204323393404223,0.6793268,0.015484556444570119,1.0215337,0.0012057817840031625
math,77,18.6,2.459644452867115,0.6719275,0.014957773156774736,1.0210373000000001,0.0007616109823877729
math,78,19.0,1.9950350931025014,0.668347,0.010352956868654293,1.0210023,0.0011040003752383419
math,79,19.7,2.6348709626115685,0.6784013,0.016832757117924754,1.0216758000000001,0.00107572960330656
math,80,19.1,2.1447455737795234,0.6723291,0.011076809774623097,1.0218055,0.0010246665962587976
math,81,19.2,1.6451480831351153,0.6753834000000001,0.009495929204301498,1.0217057,0.0011780650031950086
math,82,20.5,3.6202368465036177,0.6898066,0.018321407267867316,1.0211817,0.0014294584476784143
math,83,19.6,3.0387469214609464,0.6805198,0.0176794097422558,1.0215276,0.001188624486586204
math,84,19.3,3.217781069165483,0.6831679,0.018079921483106953,1.0209766999999998,0.000867261613961804
math,85,20.2,2.776715369639729,0.682064,0.010451710241553969,1.0213398,0.0008907011457660513
math,86,20.9,3.1535260593094554,0.6870572,0.013534071785376293,1.0216405,0.0013791607553087888
math,87,19.9,3.2424252666774267,0.6799708,0.019339496389001575,1.0218301,0.0014071528144443568
math,88,19.0,3.3040920178305684,0.6733837,0.015985266661360277,1.0222481,0.0023437980869478667
math,89,18.6,3.0387469214609464,0.6749702,0.014874133827248772,1.0224988,0.0023614805341610795
math,90,19.5,2.8464853409480444,0.6826062,0.019110631822119157,1.0219084999999999,0.0009787938814955733
math,91,19.2,2.2061670897218337,0.6750847,0.01731604481416438,1.0217816,0.0009868183195889154
math,92,20.0,2.051244262394962,0.680352,0.01671077285990729,1.0212113999999999,0.0010394116533421172
math,93,17.6,2.028947466912131,0.6645733,0.010791646466601499,1.0225844,0.0010021017043727288
math,94,20.0,2.236880870442222,0.6809033999999999,0.013145262958285013,1.0214962,0.0008207742852624631
math,95,20.2,2.756162049543645,0.683269,0.019114706910337707,1.0208577,0.0009179960896732757
math,96,18.9,4.024831877536224,0.6758348,0.021349850141437796,1.0212694,0.0015209926467455684
math,97,17.6,1.4386402649062286,0.671576,0.009277426073577146,1.0217862,0.0010912806424766973
math,98,17.9,1.6330066029309371,0.6691882,0.009599960849052486,1.0220758,0.0011088889822292423
math,99,18.0,2.633791760861357,0.6659128,0.016057916967252048,1.0225113000000001,0.0013716324462577005
math,100,17.4,1.8531901736184346,0.6681908,0.009165788175207483,1.0217392,0.001160763018680913
math,101,17.3,1.3509959142848618,0.6633841,0.011781417092224083,1.0224625,0.0011709444116977563
math,102,20.1,2.0636803469288174,0.6839183999999999,0.015648857306828898,1.0221276,0.000960411231814741
math,103,18.4,2.2419589266264723,0.6656352,0.013671478635383198,1.0216135,0.0007362756293494351
math,104,18.5,3.1679175821449213,0.6710321,0.016992892602139157,1.0220844,0.0010478285063108405
math,105,19.1,1.141088321485055,0.6809612,0.0071111709401359075,1.0214152,0.0010165001973438008
math,106,20.2,3.468640982957247,0.6901406,0.021209654588795358,1.0209609,0.0007978498895341932
math,107,18.2,1.5005453051633122,0.681003,0.015472307455131154,1.0214413,0.0006698054322927516
math,108,20.2,3.01243692909577,0.6855908000000001,0.0148524974048114,1.0217527,0.0007010943789109918
math,109,19.0,2.8414871187583954,0.6713602,0.01849047761353781,1.0219254,0.0010516778787136728
math,110,19.7,2.1073032471237823,0.6785033,0.009814990628421017,1.0219343,0.001054630676161707
math,111,18.5,1.4795576239169526,0.6723530999999999,0.011413297071153853,1.0211136,0.0008042475606219815
math,112,17.1,1.0366506432409315,0.6675611,0.010455572395174742,1.0221991,0.0009851879247132027
math,113,17.9,2.197128029393053,0.6729845,0.012797455029906958,1.0215410999999999,0.0011234931905102028
math,114,19.3,2.8624210027092793,0.679826,0.018043509109353758,1.0212318,0.001281358619692662
math,115,16.9,2.533660906007117,0.6706662999999999,0.014441043930517249,1.0219891,0.001199230724147173
math,116,19.9,3.2071613006973068,0.6790613999999999,0.015852024918276433,1.0219259,0.0018927757189711072
math,117,18.4,2.459644452867115,0.6717442,0.013524274059204849,1.0218709000000001,0.0017103149050547476
math,118,21.0,2.4082502015140483,0.6810948,0.010865711303250434,1.0216802,0.001337665038643124
math,119,21.4,3.5077622311393784,0.6865787,0.024215534995371896,1.020612,0.0009909678903427333
math,120,19.3,2.9214056545946874,0.6760613,0.017944728479148412,1.0213089,0.0015406294338846604
math,121,18.8,2.18024178180376,0.6786078,0.013821905914018521,1.0213231999999999,0.0010021612571686305
math,122,18.4,1.692843411645497,0.6803066,0.010761560992669342,1.0212215,0.0008286333288533753
math,123,20.3,2.5470902981673285,0.677411,0.01771746808373042,1.0216037999999998,0.0009238104915164169
math,124,18.7,1.81756347037723,0.6698169,0.009911059897779856,1.0220072999999998,0.0006735477761150569
math,125,19.1,1.8911537669917304,0.6763961000000001,0.012987690773255114,1.0216811,0.0017676895335080511
math,126,18.1,1.8608448537581366,0.6794431999999999,0.012812222884728998,1.0215793999999998,0.0018017093080761111
math,127,18.1,1.8608448537581366,0.6750902,0.016673334766428533,1.0215828999999998,0.0012925438704265591
math,128,19.7,3.53762293375203,0.6823300999999999,0.017041326527152973,1.0215562999999999,0.0019045472727596186
math,129,18.6,1.6242785521744172,0.6776632,0.01408187045211061,1.0219027,0.0009221189491305968
math,130,19.7,2.7818299721866024,0.6801445,0.01202948531203199,1.0217471,0.0011995307180621326
math,131,19.9,2.0359414465183843,0.6824625,0.010109894143437695,1.0211123,0.0008590749812268736
math,132,18.6,2.2164523067350794,0.6791736,0.018421251407396547,1.0212801,0.0010053933182129625
math,133,19.9,1.9503590878873447,0.6801418,0.01417890487312371,1.0216899,0.0007707550417384339
math,134,17.4,1.8222499331724649,0.6673629,0.014892491532583239,1.0215142,0.0013347220495380817
math,135,17.5,2.002147540235915,0.6666368,0.011992221597552382,1.0215776,0.0006782020449388961
math,136,19.0,2.6552924585118753,0.6793262,0.017668971658331322,1.0216778999999998,0.001040861994857766
math,137,19.2,2.519031606829703,0.6788931,0.021271967368930594,1.0219299,0.0013362588487149233
math,138,20.2,3.385686823290994,0.6854005,0.017004008563241572,1.0220596,0.0016119895615594637
math,139,19.5,3.4431389483500183,0.6742973,0.016038891751334654,1.0214276,0.0010207542415915022
math,140,19.9,2.909704383319462,0.6777303,0.015467632959529885,1.0218143,0.0005728612018643285
math,141,17.7,1.5835100139587432,0.6735203000000001,0.011023847350576484,1.0219071,0.0007944522506059687
math,142,17.5,2.3180213072056053,0.6662581000000001,0.014463018550994529,1.0225111999999998,0.0010942844932972406
math,143,18.3,1.5099887294314076,0.6783093,0.011826004008781487,1.0219770000000001,0.0009133741045569532
math,144,18.0,2.8414871187583954,0.6765593,0.02066229588780703,1.0224199999999999,0.0010231586774861756
math,145,18.3,2.052629770328954,0.6753853000000001,0.013129258332140329,1.0215504,0.0010839099652763687
math,146,16.6,2.7848942249667306,0.6643822,0.011719542935765647,1.0224012,0.0011635018469067888
math,147,18.5,3.5728081144718424,0.6763956999999999,0.017096904610530796,1.0215422,0.001194133931374369
math,148,20.0,2.939837418857418,0.6855726,0.014423591096042096,1.0214257999999998,0.0013179816258396125
math,149,21.3,2.134114799158496,0.6890893,0.015661098634572483,1.0215606,0.0007803410658098958
math,150,19.3,2.2381514646204788,0.6795415,0.013750720444966603,1.0219513,0.0012604294584088315
math,151,20.6,3.238038273372624,0.6902934000000001,0.01981502121380235,1.0213974000000001,0.0011690137760439233
math,152,20.3,3.287702999310499,0.6819156,0.016618005740113205,1.0214798999999999,0.0006386260562556759
math,153,20.0,2.4550167075582596,0.6755136,0.013539388098883779,1.0211811000000002,0.000853041136149165
math,154,18.8,2.6723684702430424,0.6701,0.016112602258958563,1.0219829,0.0008017196510458118
math,155,16.1,1.8911537669917304,0.6582338,0.010879763239645462,1.0228038,0.0007104670071483626
math,156,18.0,3.5045188072085067,0.6729944999999999,0.02025553998989853,1.0224361,0.0008359379638572219
math,157,19.9,3.7468133967550616,0.6922538,0.025562304364155086,1.0215915,0.001294024170170465
math,158,19.8,3.2310066944477867,0.6811275999999999,0.017395144892870598,1.0211005,0.0009617681036308716
math,159,16.9,2.1447455737795234,0.6653348,0.009921916966412349,1.022095,0.0009267039399970694
math,160,18.0,3.1454018910867068,0.6666135,0.011127326711739301,1.0222528,0.001219695705965493
math,161,18.9,3.639035260279997,0.6702941,0.022206822567910445,1.0218125,0.0005110309609082935
math,162,19.1,2.578153522955246,0.6744513999999999,0.014880967436524709,1.02132,0.0009775474777275928
math,163,19.0,2.5902550141411607,0.6695335,0.016097244243199464,1.0214849000000001,0.0016017896126886727
math,164,19.5,2.2684322293957653,0.6800352000000001,0.017458336414325787,1.0217233000000001,0.0006422100039241445
math,165,18.6,3.019977458862815,0.6684986,0.016000199841221984,1.0217871,0.0007792294663667551
math,166,19.0,2.861427623882659,0.6713058000000001,0.013994300054610775,1.0222112,0.00108494365634152
math,167,18.6,1.9721028934088127,0.6741166,0.014011763419585004,1.0216724,0.0006305414921385997
math,168,19.0,2.5459738877265967,0.6683755,0.012269100534558743,1.0219566,0.000998147448153137
math,169,18.2,2.4270649421907837,0.6650026,0.014111355586205724,1.0223364,0.0015179480688884653
math,170,18.9,1.5618170712084998,0.6765019,0.01251966435472844,1.0221291000000001,0.0012458820596519045
math,171,19.6,2.743756155884721,0.6782606999999999,0.014664344615549201,1.0218733,0.0013681632184778763
math,172,22.8,3.2660132058618747,0.6985983,0.01715373437350284,1.0212132,0.001829129258718373
math,173,17.7,2.740645907967312,0.6675641999999999,0.016550504751901625,1.0228817,0.0009787848075779285
math,174,18.4,2.55043659735259,0.671286,0.015357557198450725,1.0225227000000001,0.0012299312897224982
math,175,19.0,1.7844136342699262,0.6771841999999999,0.010817779543696228,1.0217762000000001,0.0009700602943804924
math,176,19.2,1.7128777588435455,0.6728151,0.00759421675793351,1.0216588,0.0005031000912278291
math,177,19.5,2.4837986603590245,0.6774778,0.020114042621085224,1.0220976,0.0007063363878518119
math,178,19.5,2.1394367894651816,0.6795722,0.012644347164568567,1.0215932,0.0007167996612847259
math,179,19.8,2.916535830147745,0.6864681,0.011236832459648512,1.021141,0.0007068667427408329
math,180,18.2,2.496357593686883,0.6662256,0.015842941270181647,1.0223004,0.0013357932035884747
math,181,18.6,1.8836222604983184,0.6774556,0.01356286383863877,1.0220504,0.0012457118070646348
math,182,18.5,2.2432266445262656,0.6713625999999999,0.013367312927910059,1.0218961,0.0008194500318104147
math,183,18.4,2.8454863988779953,0.6734574,0.01778241602060813,1.022137,0.0010503213003127498
math,184,17.5,2.886159523922724,0.6639971,0.01435526921250347,1.0221439,0.0005686357451625135
math,185,17.7,2.432914709514859,0.6661372999999999,0.01858023336135779,1.0223996,0.0005760270498649178
math,186,18.3,3.472736675708776,0.6700855,0.02074207062941983,1.0225461,0.0014770710093131626
math,187,16.9,2.9868471003558215,0.668067,0.016870078716202736,1.0224689999999999,0.001548198760002601
math,188,17.7,2.432914709514859,0.6743618,0.016067643165206844,1.0219759,0.0015937791703085336
math,189,17.7,2.6988334501336366,0.6657919,0.011994180942434943,1.0224619000000001,0.00141208257933558
math,190,17.0,2.132782226565775,0.6586488,0.012200313221310266,1.0224951,0.0013183910016699553
math,191,18.6,2.743756155884721,0.6740733000000001,0.01553953246027418,1.0220660000000001,0.0009781192514949275
math,192,19.8,3.597391037104751,0.6807915,0.011086043501507449,1.02173,0.000767513103377566
math,193,18.1,2.1180685955837184,0.6753034,0.016315918158193415,1.0219279000000001,0.001497348255820422
math,194,17.9,3.3118269297449205,0.6626605999999999,0.014744435316285668,1.0227004000000002,0.0015383922526767395
math,195,19.1,2.81029973402556,0.6774349,0.01486968287181675,1.0212763,0.0012883382607198708
math,196,19.0,2.311880842625105,0.6751275,0.018272523064038936,1.021827,0.000956328586763157
math,197,19.7,2.979222717529596,0.6834047,0.015479596523448234,1.0220505,0.0013238077764865079
math,198,18.3,1.5099887294314076,0.6716851,0.009127031363113646,1.0223382,0.0009409092644451306
math,199,18.9,2.091051308540542,0.6733504,0.012394424775388949,1.0222412,0.0011490271857677874
math,200,18.4,2.0842422663373124,0.6809428,0.01222659145391886,1.0214876,0.0011444387108102843
math,201,18.5,1.91505555296083,0.6769426000000001,0.012139128713338436,1.0218466,0.0010309306621913198
math,202,20.0,2.959115247833905,0.6831033,0.01750323098581781,1.0220658999999999,0.0008995292195479677
math,203,19.8,1.9313164477327347,0.6861529,0.01195288427548438,1.0218690000000001,0.0010227116656771362
math,204,17.3,1.1706040995225084,0.6647753,0.010384723454699133,1.0223848,0.0008007557639435853
math,205,16.9,2.197128029393053,0.6627508,0.010599494668065614,1.0226113,0.0009570911065957393
math,206,16.5,2.0856058531801596,0.669041,0.015259002863427427,1.0226245999999999,0.0010824397309112759
math,207,18.0,3.0350023150829064,0.6789189,0.01650912846913457,1.0224408,0.0011295493247026646
math,208,21.2,4.521800119052933,0.6910856,0.02210492339401913,1.0215667,0.0015043391263912923
math,209,21.2,2.7767153696397284,0.6795612,0.011375785497676403,1.0211693,0.0013046907647123413
math,210,18.3,1.687797667451355,0.6693206,0.010206599097328899,1.0220382000000001,0.0010000704782753614
math,211,18.3,2.385714983495729,0.6718594999999999,0.014140945746118577,1.0221817999999998,0.001283436451791857
math,212,17.3,1.308231997684477,0.6638155,0.010890399430719821,1.0218468,0.0008902928159093956
math,213,18.8,2.817372223418702,0.6796675999999999,0.01435340513595245,1.0222181000000001,0.0015029419692866696
math,214,17.7,2.3617614150940716,0.6658123,0.010777801881251837,1.0219531,0.0009714130302049554
math,215,18.4,2.1645375549372,0.6824332,0.02041250147193885,1.0223891999999999,0.0018559225904190982
math,216,19.7,3.2529299116915364,0.6772815,0.017746119625471107,1.0226271,0.0007730056862611259
math,217,19.6,2.616463995368955,0.6819979,0.015883130273169052,1.0214546,0.0014363894509572864
math,218,18.2,2.496357593686883,0.6764673,0.013220318288999958,1.0221391,0.0008753839895223061
math,219,18.1,2.8900969875870293,0.6720623,0.01754982053073376,1.0221771,0.0008766360525522836
math,220,16.6,2.638105918971212,0.6592607,0.017254433280774226,1.0224328,0.001013885268902582
math,221,17.9,2.322921991972386,0.6665636,0.012313999119173745,1.0223803,0.0005798715859787996
math,222,19.2,2.693561256292125,0.6759402999999999,0.01547996967098414,1.0216397000000002,0.0011136709993794312
math,223,20.1,2.578153522955246,0.6820136,0.012979815349487707,1.0215833,0.001129092022681531
math,224,19.2,2.563778117837965,0.6743342,0.014942084897883423,1.0219068,0.0008376614399337813
math,225,19.2,1.9893268264869735,0.6748653,0.01386501266922869,1.0220345,0.0014039088721248618
math,226,19.1,2.8703556568848314,0.6695498000000001,0.01549450482032527,1.0221635,0.0010663423381038662
math,227,17.5,2.7030438012895766,0.670326,0.015779201424294165,1.0227595,0.001632141306711742
math,228,18.3,3.8308533036044183,0.6687119,0.021452239785505898,1.0225579999999999,0.001679812067840268
math,229,19.1,3.098962665925036,0.6794591000000001,0.0126358078495718,1.0222862000000001,0.0011271597588299058
math,230,19.4,2.8454863988779953,0.6798306000000001,0.018679249290610413,1.0220411,0.0010353456412753894
math,231,19.0,2.236880870442222,0.6716356,0.010777474921033597,1.0226758,0.001031191483494507
math,232,18.9,3.2071613006973068,0.6711473,0.017079129862184968,1.0235634,0.0011258386590849306
math,233,19.4,2.4364178282616265,0.6777409999999999,0.011921574018997573,1.0219160999999999,0.0009789960302877853
math,234,19.4,3.712511667139006,0.6782534,0.022015261443654073,1.0221664000000001,0.0010774329568040864
math,235,18.5,2.4608000293710206,0.6811117,0.014848673228625875,1.0219260000000001,0.0005184797540751689
math,236,18.8,3.4356996765364802,0.6720472,0.014947809400981291,1.0223054,0.0014680175791306172
math,237,19.0,2.780807804240212,0.6782472,0.023369781159401855,1.0219139,0.001088628931418209
math,238,20.2,2.857450655145069,0.6768647,0.012739846622087015,1.0220731,0.0008650787563052469
math,239,18.7,2.1867519240382647,0.6687088,0.008923974593247307,1.0229323000000001,0.0010861734026216222
math,240,17.8,3.4024394581028377,0.6707084,0.015530689167831648,1.0227574000000001,0.0013223053380885588
math,241,17.7,1.5099887294314076,0.6710453000000001,0.009494162567204641,1.0223423999999999,0.0010131764626224366
math,242,15.4,1.4386402649062286,0.6538522999999999,0.009704637788349223,1.0225111,0.0011248102409654303
math,243,16.0,1.7195040031563353,0.6663357999999999,0.014587239649342755,1.0227676,0.001365748052577348
math,244,17.7,3.109951929722794,0.6799452,0.018260747451286582,1.0224886,0.0016507987665121983
math,245,18.7,1.3924471124833653,0.6825216000000001,0.012886757122800355,1.0215212,0.0012828420398136873
math,246,18.9,1.3255031346719128,0.6789982,0.01206819512361149,1.0223466,0.0008976367830243825
math,247,20.5,2.866391075356078,0.6790782,0.014689553195416595,1.0218752,0.001410756440666602
math,248,19.5,2.002147540235915,0.682999,0.011545187866438683,1.0215794,0.0014037132778779084
math,249,18.3,2.1867519240382647,0.663932,0.012295459186049738,1.0227825,0.0010922533167145763
math,250,16.4,1.9721028934088127,0.6621424,0.012327986449074206,1.0228135,0.0009635073714584509
math,251,18.3,2.901877323052948,0.6817178,0.015912857904339113,1.0222593,0.0013486242467513974
math,252,17.7,1.8790888670170616,0.6708088,0.009526574447588114,1.0220209,0.000787398707787359
math,253,17.6,1.3572942976789228,0.6707362,0.005257232316264358,1.0219753,0.001229227655531982
math,254,15.8,2.0456928469050473,0.6634004,0.01435479108571254,1.0227129,0.0011954882889499126
math,255,16.7,1.3509959142848618,0.6686815,0.009689752862041745,1.0229525000000002,0.0012556372606962675
math,256,18.6,4.091385693810094,0.6736082,0.024080459594949557,1.0223027999999998,0.001432094531684085
math,257,19.5,2.5065862813496285,0.6762463999999999,0.011327892251109214,1.0226991,0.001137454694940362
math,258,19.5,2.723997942792703,0.6782429999999999,0.021903452864494695,1.0219566,0.0012521844533364666
math,259,19.0,2.8812301274573033,0.6711696,0.012059031888579907,1.0215564000000001,0.0012989825754149674
math,260,17.9,1.8608448537581366,0.6677893,0.012196503866089718,1.0227229,0.0009050102357995606
math,261,17.6,1.6242785521744172,0.6661794999999999,0.012928385364446422,1.0225363,0.0008662904231532409
math,262,18.1,2.371371877645238,0.6693981,0.013980384178222668,1.0218071,0.0009522468079103804
math,263,17.4,2.638105918971212,0.6713511000000001,0.013315645370581174,1.0225406,0.0006974646435551142
math,264,18.3,2.4329147095148587,0.6745253,0.012825791948195444,1.0219179999999999,0.0009405050918018468
math,265,20.2,3.628864874191286,0.6830085,0.019437975974287085,1.0217985,0.0012987309498514064
math,266,18.3,2.5693166382653185,0.6716102,0.01248213195448223,1.0226986999999998,0.0012443960050384643
math,267,20.2,3.827140875846441,0.6882188,0.02256226033895828,1.0213609,0.001588233693880915
math,268,20.8,3.3349240266398343,0.6814123999999999,0.011790293625991799,1.0217327,0.0013567311571674684
math,269,18.7,2.8224131510913595,0.6721325,0.012330493203967115,1.0223082,0.0010073207336186616
math,270,17.2,2.6723684702430424,0.6647735,0.015270916095510106,1.0230447999999999,0.0016519045739555923
math,271,18.0,1.8470435889458994,0.6701943,0.014856218401782195,1.0226520000000001,0.000996260623562081
math,272,17.2,2.1274435893402885,0.674885,0.01294147113452799,1.0223045000000002,0.001025207765450481
math,273,18.8,1.8097257302385639,0.6861729999999999,0.013913101558451518,1.0217335,0.0014159102226602978
math,274,20.3,2.7198200293786168,0.6780122000000001,0.016952047497032503,1.0219578,0.0010723969541089728
math,275,18.5,1.91505555296083,0.6671825,0.01165117106165935,1.0220945000000001,0.0010230370914935745
math,276,17.9,2.298314073432978,0.6753256000000001,0.012850511676414876,1.0222868999999999,0.0011646501799506422
math,277,18.3,3.472736675708776,0.6707839,0.02083109478496004,1.0222259,0.0010787542320851245
math,278,18.9,1.2818890589189826,0.6799026,0.007631909445148906,1.0215951,0.0006299252235342806
math,279,19.6,3.392397804748996,0.6852918,0.015013257199166234,1.0211447,0.0013421847841474349
math,280,19.7,2.9600758436221795,0.6860377,0.015255952994982397,1.0219376,0.0011627263457137523
math,281,20.3,4.130803317438775,0.6799374,0.02401678888642413,1.0222137999999998,0.0013089340734483738
math,282,16.5,1.3168958804306785,0.6688733,0.015042568911275603,1.0227224,0.0014155600435804125
math,283,18.7,1.4326995364388628,0.6803561,0.013269647094796657,1.0222459000000002,0.001748017482731626
math,284,17.9,2.4883728790780255,0.6710250999999999,0.017744923477728044,1.0228477,0.0010318675079124017
math,285,18.9,2.1180685955837184,0.6693055,0.012690070755834868,1.0223086000000001,0.0005944357344457029
math,286,18.5,3.713277370285673,0.6762556,0.02111832510903179,1.0222310000000001,0.0012496895910289354
math,287,19.5,3.325533462935348,0.6754903000000001,0.0168503762817803,1.0222603,0.0009880264759463827
math,288,19.5,4.451464462743231,0.6746369000000001,0.02524406528428901,1.0224799,0.0018342179934117313
math,289,18.8,2.073301286481863,0.6765211,0.016372829946206195,1.0226269000000001,0.0017190712768587347
math,290,17.6,2.341208199045017,0.6683609,0.010136970826495244,1.023183,0.0010078983069205967
math,291,18.8,2.955269742313439,0.6848069999999999,0.026158780667481094,1.022952,0.0014854641416165804
math,292,18.4,2.0842422663373124,0.6676248,0.013213646999635287,1.0222126,0.0009655436452534423
math,293,20.8,2.355734966345946,0.6811128,0.011535415046762726,1.0218102,0.0007271762990798302
math,294,20.3,3.4398345915923185,0.6846783000000001,0.014767785410422805,1.02148,0.001061897417274904
math,295,20.5,3.095290907922458,0.6893699,0.01979534302436221,1.0217398,0.0015183624715780948
math,296,18.9,2.197128029393053,0.6671999,0.007629347843217729,1.0223281,0.0011588222751465784
math,297,19.0,2.959115247833905,0.6717839999999999,0.01725072090326252,1.0224663,0.0015597102570919028
math,298,19.7,3.2877029993104983,0.676905,0.012436776353097308,1.0222200000000001,0.0010957918769563142
math,299,19.0,2.023334876721938,0.6750883,0.0153235692754399,1.0220569,0.0007793689703750203
math,300,19.3,2.2126009531621205,0.6806894,0.014861478906801178,1.0220813,0.0009364738109130361
math,301,18.3,2.882216681202174,0.6727743,0.02424360550087679,1.0221806,0.0009297634850193523
math,302,20.1,3.1354437654174174,0.6783565,0.022174560946857137,1.0217417,0.0012055128721387251
math,303,18.3,2.6776823917170156,0.6791157,0.017740790116649904,1.0223381,0.001165116279345677
math,304,19.4,2.9437030844574017,0.678938,0.014452540128821604,1.0221828,0.0011531031537781288
math,305,16.7,3.389882743631183,0.6624749999999999,0.021412225613370302,1.023268,0.0013447187287306168
math,306,18.1,2.7281694581657954,0.6750162000000001,0.012053096335399164,1.0229385,0.0016966829288156953
math,307,19.3,3.694856699237068,0.6762816,0.02053121778574476,1.0228737,0.0010358579908146042
math,308,18.1,2.850477608465269,0.6763321999999999,0.016060063732453788,1.0230697,0.0011275875137654757
math,309,19.2,2.4035235037258698,0.6857319000000001,0.01870725895654774,1.0219343,0.000968188880435848
math,310,17.9,1.8608448537581366,0.6724992000000001,0.007510564855560141,1.0223130999999999,0.0006947549519878902
math,311,17.1,2.9677494166885294,0.6717249,0.01842809661692998,1.0223801,0.0008241337565371167
math,312,17.9,3.6546267423924395,0.6740762,0.023135165111469697,1.0222242,0.0010772458387307052
math,313,18.2,2.18024178180376,0.6787969,0.01293190842877002,1.0226326000000001,0.0010730764355529909
math,314,19.4,1.7907752003806006,0.6769071,0.010580860402188502,1.0224,0.0012678331076619467
math,315,21.0,3.1991733398486626,0.6863281999999999,0.018327740069830074,1.0224043999999999,0.0013981382351404364
math,316,19.8,2.607756936296503,0.6792644,0.017776427477930592,1.0220271,0.0007750582001302607
math,317,18.4,2.962955762425908,0.6721681,0.01602883982812826,1.0234005,0.0015567343605903494
math,318,19.0,1.5081047751988033,0.676276,0.009977299376065422,1.0221909,0.0010700474426565529
math,319,19.9,3.5759896005113903,0.6811454,0.017845004012489753,1.0218317000000001,0.0012007940883754207
math,320,17.3,2.82241315109136,0.6733416,0.01902035302221906,1.0232111,0.0015687361562804253
math,321,18.8,2.8969746715991023,0.6765328,0.01299221085079382,1.0227692,0.0012057846015537772
math,322,18.1,1.8300340349592596,0.6667021,0.01129120470126345,1.0228869,0.0009010332519401968
math,323,18.6,3.7732769420278083,0.6738151,0.016162419728464515,1.0226018,0.0010504750226010674
math,324,17.5,3.3425875925324138,0.6678587,0.020447597542614014,1.0231493,0.0012301183213476283
math,325,21.1,2.442245193266499,0.6879668999999999,0.019638860538008875,1.0226187,0.0012051404372030927
math,326,18.6,1.7587372793141411,0.6786223,0.01084054738032048,1.0226679,0.00041821725674649247
math,327,19.3,1.8790888670170616,0.6800965999999999,0.014521142690005802,1.0221374,0.0007417437603810014
math,328,19.8,2.519031606829703,0.6741075999999999,0.011119473967659327,1.0225507,0.001058946352683804
math,329,18.2,2.7145885953578457,0.6673737,0.015004526440275997,1.0229118,0.0008617286007852446
math,330,19.3,2.6348709626115685,0.6828621,0.016065118121908604,1.0222563,0.0009535667337429741
math,331,20.2,2.231791260046642,0.6810508000000001,0.019107487917283526,1.0220762,0.0010894691167173147
math,332,19.3,3.90436064381625,0.6767386,0.022855235337189438,1.0220614,0.0017404444595406866
math,333,16.3,2.4094304271185956,0.6596861,0.012358378815379798,1.0239057,0.0012857722269519456
math,334,17.5,2.366571524792126,0.6708349,0.009602548368289289,1.0228651,0.000927093623466266
math,335,19.3,2.2883968143397984,0.6824489,0.016999154739346874,1.0222205,0.0014521090998827865
math,336,17.3,2.1605936630093545,0.6672518000000001,0.009062406059398329,1.0223514,0.0012343580642546882
math,337,16.6,2.6595717400287993,0.6696489,0.015394781653851669,1.023451,0.001254113036594484
math,338,17.1,1.8300340349592596,0.6741602,0.010177819512509203,1.0223102000000002,0.0012332231053114287
math,339,17.7,1.3509959142848615,0.6747449000000001,0.012930238503182515,1.0220872,0.001222471526137655
math,340,17.8,2.8969746715991023,0.6783748000000001,0.01580732573394182,1.0224805,0.0013237118623619646
math,341,16.6,2.056780694225329,0.6600868,0.00998499076242024,1.022386,0.0012121079130379402
math,342,18.4,3.184923053682671,0.679044,0.02192317078812509,1.0225225999999998,0.0009802928828875662
math,343,16.7,2.5246682923444133,0.6614453,0.012495665928303187,1.0228663,0.0007535869219786991
math,344,18.1,2.686162800570901,0.6661756999999999,0.015811368863980685,1.0222232,0.0012080406784737107
math,345,18.7,1.996459609594682,0.6699144,0.008474902776939967,1.0220733,0.0009743057210046686
math,346,18.6,2.0842422663373124,0.675326,0.01327915952590158,1.0226039,0.0010750247742958119
math,347,18.8,2.331473403454576,0.6799796,0.01660781009033078,1.0216046,0.0013609934637792993
math,348,19.1,2.511118990804684,0.67753,0.009616586968816964,1.0216642,0.0007577828675404265
math,349,19.4,2.9629557624259073,0.6763741,0.01613165100635677,1.0219832,0.0007298992479493429
math,350,17.9,1.4086861117093508,0.6725981,0.009495044153245563,1.0226362,0.0010919199210286952
math,351,17.3,3.054610286638857,0.6673385,0.014941591055286587,1.0225681,0.0010247286441175992
math,352,18.5,3.2738380856658367,0.6814047,0.015638380448226633,1.022356,0.0014665471429221445
math,353,19.4,2.7644017153091505,0.6839202,0.021757017931088623,1.0212196,0.0011540139637086992
math,354,19.1,2.7695390579961843,0.6708879999999999,0.014129228701542344,1.0217627999999999,0.0007512686264217674
math,355,18.3,2.134114799158496,0.6716669000000001,0.01677008129950837,1.0221671,0.0009357835367066294
math,356,19.5,2.723997942792703,0.6750236000000001,0.01891429735402877,1.0217144,0.0009221647102887797
math,357,19.1,1.7012197290514188,0.6714602000000001,0.012136482420996917,1.0217288,0.0010873428003699464
math,358,19.3,2.2381514646204788,0.6726871,0.01247960310193383,1.0219369,0.0009534223867144766
math,359,19.6,3.130906874362879,0.685451,0.016527449405116416,1.0218558,0.001141101466348192
math,360,16.0,1.7195040031563353,0.6650343000000001,0.012695722110374149,1.0223941,0.0009777283817487999
math,361,16.9,3.0620469629807223,0.6709806,0.01686068685991348,1.0229309,0.0013415361455520077
math,362,18.7,3.356168502067609,0.6757871,0.020254136308928746,1.0215443,0.0011231016370592424
math,363,16.6,2.7848942249667306,0.6682092,0.014454147848891215,1.0220072999999998,0.0013788761235073363
math,364,17.3,1.7860061501016309,0.6742515,0.017060845179888016,1.0226004,0.0010795022619078142
math,365,16.8,1.9893268264869735,0.6663911,0.011658443110613318,1.0226526,0.0013302290381714444
math,366,17.5,2.0581624751633356,0.6743183,0.014843014392584057,1.022147,0.0009606353966555447
math,367,18.7,2.024739482845095,0.6718916,0.014386979501415462,1.0221219,0.0012282094753912653
math,368,18.1,1.7012197290514188,0.671344,0.01449650192383742,1.0229493,0.0010987983526138982
math,369,19.4,2.1645375549372,0.6840200000000001,0.011652924435892373,1.0222723999999999,0.0011301767874646598
math,370,18.6,2.1645375549372,0.6734483,0.013884227121075315,1.0225015000000002,0.0012995125524655673
math,371,18.7,3.456324784820427,0.6821607000000001,0.015105246995323054,1.0228248,0.0013924857737919777
math,372,21.0,3.181350508471139,0.682264,0.019055401634005546,1.0219468,0.0011030521426150844
math,373,20.3,1.996459609594682,0.684075,0.01734883690280245,1.0216447,0.0010594820873846172
math,374,21.5,3.4431389483500183,0.6933482,0.017285048902264483,1.0212558999999999,0.0014555431439291762
math,375,21.0,3.2520558206071835,0.6882363,0.019848168204148055,1.0215454,0.0009933524060539182
math,376,18.9,2.4188515008955065,0.6742701,0.011143239793594955,1.0221709,0.001168328362973844
math,377,19.1,1.6330066029309374,0.6746629000000001,0.01270657261530672,1.0221643999999999,0.0010314760969603563
math,378,20.8,2.8969746715991023,0.6837861000000001,0.01030970654616144,1.0222981,0.001126043598811575
math,379,20.6,1.9430570813906982,0.678782,0.009995560010159443,1.0217068,0.0006683612406491357
math,380,21.9,2.4654169190386828,0.6860985000000001,0.015194581725144554,1.0212257,0.0009359375298331709
math,381,20.2,3.317830505437367,0.68015,0.017932653403757808,1.0216804,0.0013686006464171166
math,382,19.7,3.017151968652254,0.6788577,0.022850439461478897,1.0221293,0.001345914021080884
math,383,17.9,3.171505258925593,0.66582,0.021874959039159207,1.0228324,0.0016113133798892761
math,384,18.0,3.0722430004568886,0.6745768,0.019334075192988392,1.0227622,0.0015066738021964285
math,385,19.7,2.1073032471237823,0.6846718,0.01286731571756046,1.0229514,0.0016243713224350404
math,386,19.1,2.171094787634969,0.677567,0.01572761520840251,1.0224185000000001,0.0008474188380696366
math,387,19.3,1.308231997684477,0.6756955,0.011629823517410931,1.0216150000000002,0.0009666785739603301
math,388,18.8,1.6451480831351153,0.6749411000000001,0.010819327514844546,1.0217661,0.0007748634740142566
math,389,17.1,2.197128029393053,0.6708962,0.012705602682649468,1.023213,0.0007328763131058802
math,390,18.9,3.5918547609298574,0.678526,0.02696816064785329,1.0215697000000001,0.0009881333378422403
math,391,19.2,2.837482201871954,0.6751785,0.014810579736550457,1.0225501,0.0010883962724540265
math,392,18.3,2.781829972186603,0.6651881,0.013719364418030724,1.0225431,0.0006631282163440716
math,393,19.1,2.4883728790780255,0.6789815,0.015488408137007161,1.0221316999999999,0.0007156862957075342
math,394,18.4,2.5946415626080612,0.6779495,0.013745689496426128,1.0227295,0.0015670915934677117
math,395,17.8,2.4035235037258698,0.681353,0.018447063520983718,1.0224417,0.0015355830989313426
math,396,17.7,2.2883968143397984,0.6756526,0.01551441581958401,1.0223051,0.0014234419085048077
math,397,18.9,3.4464401369782474,0.6857342,0.02110123563899212,1.0229219999999999,0.0013639916888704595
math,398,19.1,3.34598798770728,0.682402,0.017294656563135752,1.0220525999999999,0.0012805025914931997
math,399,20.6,1.7261048105490107,0.6841877999999999,0.012130835852516814,1.0223945,0.0010273671010842726
math,400,19.5,3.3083914237063747,0.6854247,0.018263376502269568,1.0220304,0.0013992592874240881
math,401,19.5,2.002147540235915,0.6813694,0.01156996041992232,1.0223293,0.001281631903479083
math,402,18.8,1.2973207813040306,0.6777420000000001,0.008825564227301875,1.0223094,0.0006764976446153372
math,403,19.7,2.4561744613163454,0.6757828,0.0142761729543558,1.0223547,0.0008760700612988971
math,404,18.8,2.496357593686883,0.6777318,0.013724045401229804,1.0225597,0.0013642565804285933
math,405,17.4,2.0007270735510834,0.6681938,0.01646256417873973,1.0234128,0.0010696015458674644
math,406,17.6,1.9135704379232206,0.6606518,0.014138976695216868,1.0232619,0.001195685368546023
math,407,20.0,2.780807804240212,0.6833304,0.021754631826315717,1.0216625000000001,0.0010528368398700842
math,408,21.0,3.4390080063126707,0.6843491,0.019282805117412878,1.021546,0.0014152863479473473
math,409,19.8,3.0312530828732904,0.6775745000000001,0.015549508046713748,1.0219738,0.0013971857749887561
math,410,19.4,1.8222499331724646,0.6730538,0.012937523300727286,1.0223587,0.0014268430673229217
math,411,18.6,2.8454863988779953,0.6729966000000001,0.011659080105857814,1.0224142999999999,0.0007555914251978839
math,412,17.2,1.3822008576545752,0.6639407,0.010348828522088478,1.0230135,0.0009226465737301847
math,413,19.5,2.2684322293957653,0.6707436,0.014993884117359359,1.0223953,0.0005237193272774996
math,414,17.5,2.165850589668169,0.6686171,0.013037808011367915,1.0227167,0.001174847355737998
math,415,19.7,2.5693166382653185,0.6756615,0.013579298683418782,1.0224073,0.0012349658146622341
math,416,20.5,2.866391075356078,0.6872583999999999,0.018659099582416225,1.0213475,0.001364948809935521
math,417,18.7,2.0801461426278602,0.6791774,0.010920379459247587,1.0213795,0.0012214228115416262
math,418,21.1,2.4188515008955065,0.6825137,0.013253228467137224,1.0211544,0.0012700112513399679
math,419,19.0,3.3040920178305684,0.6745574,0.01852324677501522,1.0216677,0.0010261401917803859
math,420,19.1,3.4132845788883315,0.6782496,0.022162352362119095,1.0220535,0.0015428717570706942
math,421,17.2,2.331473403454576,0.6722596000000001,0.0168543071334573,1.0224696999999998,0.0011663395122030046
math,422,17.3,2.1605936630093545,0.6575669000000001,0.014437431568390776,1.0231276,0.0012833864509663204
math,423,18.7,1.7211565782644838,0.6794775,0.015705931554969417,1.0225792,0.0007625386078087819
math,424,17.6,2.4826537888253455,0.6725055,0.014711705472098964,1.02205,0.0006998971118636665
math,425,18.0,3.1991733398486626,0.6667921,0.01426286002731342,1.0224113,0.0010266297977921867
math,426,17.3,1.996459609594682,0.6647806,0.009807421960767757,1.0231482,0.0009820038921748793
math,427,18.0,1.6520460089152842,0.6606492,0.009627078307041627,1.0224577,0.0010421223908062298
math,428,18.0,2.500908841938854,0.6709058999999999,0.01467449791901721,1.022527,0.0016107513892029096
math,429,16.6,2.4364178282616265,0.6665546,0.014721116885847109,1.0227264,0.0013316298383210026
math,430,17.7,2.3617614150940716,0.6730183000000001,0.016215984150196035,1.0226422,0.0010033882353430515
math,431,18.1,2.578153522955246,0.6721887,0.021513033194803414,1.0226922,0.0009820849509322208
math,432,17.7,2.4792160021005656,0.6727977,0.01592878167407384,1.0225856,0.0013151221526936092
math,433,19.3,4.512359368022506,0.6865395999999999,0.02832246836153673,1.0218146000000001,0.0018448808261184175
math,434,18.2,2.607756936296503,0.6739668,0.018350165503330202,1.0222006000000001,0.001159446712800733
math,435,17.2,2.519031606829703,0.6764015,0.01713073782254088,1.0216825,0.0008866882275088705
math,436,18.5,2.191946116448766,0.6812231,0.014422953878973254,1.021263,0.0007795146167033247
math,437,18.9,3.242425266677427,0.6727519,0.020681960984686932,1.0218669999999999,0.0012583132268797251
math,438,18.6,1.692843411645497,0.6744028,0.011460956856100686,1.0220998,0.00099616912005865
math,439,20.4,2.9243236566418473,0.6843250999999999,0.016393100683844863,1.021917,0.0007771106743693713
math,440,17.4,1.1285622744303314,0.6667495999999999,0.012578087887938162,1.0228494,0.001091996278144707
math,441,21.0,3.0906950762741414,0.688748,0.020027230005478413,1.0221079,0.0008298799561269119
math,442,18.8,1.9893268264869735,0.6685055999999999,0.010217306589123181,1.022831,0.0012127232108513552
math,443,17.4,2.2164523067350794,0.6704983999999999,0.011721536833820186,1.0224841,0.0011986944545125853
math,444,17.3,1.8790888670170616,0.6649763,0.01638790732176232,1.0222134999999999,0.001038582128758958
math,445,16.5,2.8464853409480444,0.6660577,0.016314988294555785,1.0227986,0.0015307671765474686
math,446,19.3,3.406614744319843,0.6785587,0.01824549084530366,1.0217374,0.0014703552182087705
math,447,19.4,2.55043659735259,0.6703318,0.01608789792722574,1.0222666,0.001306887269864241
math,448,20.2,1.2527259113447078,0.6806204,0.015473590174130154,1.0217167999999999,0.0006501338759970345
math,449,19.2,2.5858610245242595,0.6702865,0.013844426861518686,1.0213449,0.0010373829757028433
math,450,18.6,2.459644452867115,0.6734509,0.008989823585743292,1.0219067000000002,0.0007625647986879453
math,451,18.9,2.7695390579961843,0.6746925,0.01839775951638984,1.0220698000000001,0.000941005464685368
math,452,19.2,1.2973207813040306,0.6807575,0.008668098344966532,1.0216706,0.0006495655344754094
math,453,19.0,3.5528592812022195,0.6763877,0.01969670600221337,1.022175,0.0015581776925959034
math,454,18.7,2.6348709626115685,0.6691849,0.01846805847268323,1.0225985999999998,0.0016193846285114438
math,455,19.9,3.5118122985675253,0.6824026,0.016647361781791863,1.0221985999999998,0.0013839465609514763
math,456,20.2,2.2061670897218337,0.6842531000000001,0.011442046831989735,1.0217606,0.0006440778272265077
math,457,19.6,3.1490152201254293,0.6761569,0.01871377105906279,1.0219070000000001,0.0015839363911342346
math,458,19.9,2.7695390579961843,0.6878637999999999,0.019590140899230876,1.0224135,0.0019952251610170666
math,459,19.4,3.475191774407589,0.6788000000000001,0.02035172207699308,1.0224896,0.001084503729523711
math,460,17.6,2.3412081990450173,0.6666063,0.016658431632909327,1.0225197,0.0016417557897310845
math,461,18.8,2.776715369639729,0.6876344,0.014698720856529339,1.0220954,0.001197278967113833
math,462,20.2,2.776715369639729,0.6806288,0.017988120448950262,1.0220498,0.0009444124786116372
math,463,17.6,2.4364178282616265,0.6636777,0.010545486690622757,1.0221456999999998,0.0006014671868283189
math,464,18.3,2.6988334501336366,0.6751015,0.014579184360402177,1.0227762999999999,0.000709154664574961
math,465,17.0,1.9371956590424118,0.6656839,0.010997322963664156,1.022687,0.0009536869933262583
math,466,18.4,2.028947466912131,0.6759625,0.01314220969262498,1.0225014,0.0012126010296737318
math,467,20.3,2.740645907967312,0.6803353,0.015447748980877413,1.0220236999999999,0.0011309210262603552
math,468,19.0,1.7195040031563353,0.678549,0.010458580557473921,1.0211949,0.0005685533450961215
math,469,18.8,1.8715088084177554,0.677724,0.009115391459922554,1.0221045,0.0007103861270536049
math,470,17.7,3.3049523464528385,0.6742045,0.018100742870006337,1.0226450999999999,0.0008984007137190627
math,471,17.7,3.322112131306376,0.6713346,0.018836702847675645,1.022514,0.0016663956219180424
math,472,17.4,1.6242785521744172,0.6733098,0.011220462279993088,1.0228927,0.0010992218718013115
math,473,18.0,1.4885192686551951,0.6725862222222223,0.006833776418767703,1.0227778888888888,0.001100490019348309
math,474,17.77777777777778,2.484171066077332,0.6720104444444445,0.01927406634607647,1.0228441111111113,0.0017389298688442244
math,475,18.875,3.8812960246935924,0.6839523750000001,0.018883979518565623,1.021438375,0.0017202859629967242
math,476,20.0,3.5469363773891756,0.681608,0.022547568969792504,1.0218521250000001,0.002297560914626808
math,477,19.6,2.8585251909870224,0.6760154,0.016186868517992226,1.0222372,0.001917855939479264
math,478,20.4,5.993521251096372,0.6744296,0.039159945422798,1.0216378000000002,0.0017697182629479791
math,479,19.0,0.0,0.661851,0.0,1.02036,0.0
math,480,20.0,0.0,0.677062,0.0,1.021504,0.0
person,1,0.0,0.0,0.6187661,0.014064005175739844,0.8165699999999999,0.04768515158560974
person,2,0.3,0.4828291119331837,0.7050772000000001,0.03266615591828413,0.8820800999999999,0.05624718993389054
person,3,4.1,3.2773098131372818,0.7858996,0.03771008137013542,0.9717545,0.052759167625284174
person,4,15.6,9.970614342518898,0.8404786,0.02841712368361583,0.9776032000000001,0.04802286090817468
person,5,30.4,16.972712583547796,0.8329804,0.02462526468025203,0.9741443999999999,0.0523340835552159
person,6,45.3,22.82936411562554,0.8622045,0.030762589706036268,0.988577,0.04604453744856726
person,7,48.3,22.03085065809799,0.849941,0.042614547466551175,0.9874229,0.0452943085604954
person,8,48.8,19.584469494691813,0.8352118000000001,0.04360204790025227,0.9841829000000001,0.04941263100981274
person,9,52.5,20.429810623975964,0.8486188,0.03638806193503807,0.9867452999999999,0.04727389686941837
person,10,51.9,20.38021010490253,0.8395222999999999,0.04288065669481262,0.9842845,0.05024860454413349
person,11,49.2,19.459227332055423,0.8260588999999999,0.037691502554079055,0.9847094999999999,0.049623536078434914
person,12,49.1,19.270280503118215,0.824306,0.028984874708951155,0.9841968,0.05073834368134211
person,13,48.0,18.593164388359764,0.8137660999999999,0.026963966173009644,0.9847124,0.04866688477386469
person,14,44.1,17.37743134853498,0.7900604,0.03048635003840814,0.9841127999999999,0.049910041659295454
person,15,44.7,17.349924514752093,0.7884893,0.027772948242251645,0.9849289000000001,0.04796883535608485
person,16,41.0,16.080951696822364,0.7636192,0.03179180838727008,0.9840185,0.04997935244839899
person,17,41.6,17.48100965458368,0.778728,0.04638175686919742,0.9843908000000001,0.049028707048908306
person,18,37.7,14.524270451684975,0.7474552,0.02144098412181142,0.9837865000000001,0.05012379448074891
person,19,36.9,14.877780372521844,0.726154,0.02542145788981985,0.9838996,0.049767216908250006
person,20,34.7,13.74796948747185,0.7282740000000001,0.03289935184907695,0.9852212,0.048182464789624395
person,21,35.2,15.452739484068859,0.729721,0.04877138208600658,0.985298,0.04797392804449369
person,22,34.2,13.542747293163975,0.7234165,0.03589429821155287,0.9839665999999999,0.049743043510642446
person,23,34.6,13.212925860540798,0.7258747999999999,0.0196008652832218,0.9842133000000001,0.04880831753099778
person,24,31.9,12.736344392155189,0.7107417,0.026639271541031427,0.9839002000000001,0.04992448601130571
person,25,29.6,12.145628334578506,0.6903808,0.03704114638412327,0.984491,0.048966779448150005
person,26,26.7,10.311787020527888,0.6732579000000001,0.022108109885443535,0.9836747000000001,0.04985234113225971
person,27,28.0,11.345920356433085,0.6697343,0.02796474210686758,0.9836688,0.04998796218123557
person,28,31.1,12.474725104704648,0.7077969,0.027664820295855447,0.9840381,0.04995782452875089
person,29,28.6,11.614365181519457,0.6676875,0.03412644267309832,0.9845794999999999,0.04942936085096706
person,30,25.2,10.447367937561452,0.6530677,0.029657099243648368,0.9844781000000001,0.050503367062316416
person,31,23.9,9.26871183283794,0.6409124,0.010273170261485328,0.9842527999999999,0.05010669521640272
person,32,21.9,9.00737592270565,0.6277713,0.03156688908062361,0.9846918,0.05027476328880073
person,33,20.8,8.077868689965351,0.6348252000000001,0.015570768850882013,0.984324,0.05057108413706286
person,34,20.3,7.822180533529341,0.627872,0.014944571491140807,0.9848839999999999,0.05088143006767151
person,35,20.2,8.596197218633177,0.6172066,0.028214712362821425,0.9844752,0.05018179042197025
person,36,18.8,7.546553884055617,0.6164685999999999,0.017366132188283125,0.9843564,0.05082583173965436
person,37,17.7,7.380859520465212,0.6085171,0.023801856732544514,0.9847899,0.05086076500632011
person,38,17.4,7.242044124365689,0.6081061,0.018013201920012056,0.9852540000000001,0.05102420819786861
person,39,14.9,6.14864877560244,0.5976456,0.020943688191063767,0.9852852999999999,0.050980101179148085
person,40,17.0,7.4723509900563405,0.603533,0.023788322548688397,0.9854734,0.050613173288552915
person,41,15.4,6.729257467089567,0.5901951999999999,0.031809930800699555,0.9851807000000001,0.050732779386323035
person,42,16.9,6.620648669134133,0.5970114,0.017111677417932555,0.9850878,0.05076291710765799
person,43,14.6,6.2107555917212895,0.5859016,0.01785553035137961,0.9853308000000001,0.05073177959818051
person,44,14.7,6.0704729766523835,0.5823668,0.01418651144207283,0.9851964000000001,0.050296486887564024
person,45,12.9,5.586607175028759,0.5735389,0.02573898578082819,0.9855328999999999,0.05064324981952243
person,46,12.4,5.215513872593006,0.5775140000000001,0.007155979032955315,0.9858423999999999,0.050822548584552305
person,47,11.9,4.845336694591982,0.5739471,0.01578004240816429,0.985981,0.05066788812702107
person,48,13.0,5.114232117262618,0.5819352,0.02410519743202831,1.0026218999999998,0.0373620903195312
person,49,13.9,5.8646663797910294,0.5789557999999999,0.019973447568609085,1.002046,0.03727032907094981
person,50,13.0,5.235100682544516,0.5777669999999999,0.025736147482432373,1.0020452,0.037229722013977756
person,51,15.4,5.7545610596249155,0.5941429,0.02423826998128062,1.0018683,0.0374769792562086
person,52,16.1,6.083572039614167,0.6028296,0.020366853497989897,1.0015518,0.03807268913179426
person,53,15.5,4.451464462743231,0.5942138,0.012915180126528173,1.0017928,0.03795887604257401
person,54,16.0,4.5618611463681695,0.5955272,0.02396632144849808,1.0016959,0.037652000030847864
person,55,16.3,4.745739992720738,0.5889169,0.023673815475582505,1.0012358000000001,0.03795231720194358
person,56,15.6,4.321187326018709,0.5732799,0.018861471397744783,1.0020605,0.037922432335117134
person,57,15.3,4.499740888710326,0.5956243999999999,0.026063587433928465,1.0021736,0.03746160544249666
person,58,14.4,4.228076028408503,0.5738634,0.024156063924983814,1.0028481,0.036860912636801975
person,59,15.0,4.684844407793308,0.5767886,0.02475202684984503,1.0026557999999999,0.03727577318223254
person,60,16.2,4.222693370556649,0.6062155,0.022258074475239635,1.0186503,0.0014640134812868555
person,61,15.6,3.238038273372624,0.5863574,0.019580665422701562,1.0184334,0.0009977488412050612
person,62,16.9,3.259914202956429,0.5835873,0.02242299098570787,1.0189778,0.000718638336511465
person,63,15.8,3.452209621098022,0.5745232,0.02175401108991535,1.0191745,0.0011573088964814393
person,64,15.4,2.2671786055203054,0.5670777,0.01805254666864672,1.0194800000000002,0.0006573018045816221
person,65,16.7,3.017151968652254,0.5747901,0.020918051408965143,1.0194898000000001,0.0006659047521720657
person,66,15.8,1.5745076100627147,0.5717509,0.01884970127121029,1.0198095999999999,0.001028754266557141
person,67,15.2,1.3404328443648983,0.5644869,0.015333421510252609,1.0195459,0.0008803512022322496
person,68,15.3,2.0801461426278602,0.5757909999999999,0.02364038081857379,1.0191968,0.0012088405147657828
person,69,16.9,2.171094787634969,0.5823617,0.023504111006265364,1.0188526,0.0011860455559422375
person,70,19.2,3.675570333578987,0.5952658,0.02478901909754544,1.0184194999999998,0.0011513163262683818
person,71,18.3,2.9214056545946874,0.5929917,0.01643860952526508,1.0182064,0.0011376758594564768
person,72,18.9,2.8304599618636206,0.6004146,0.024986199281184847,1.0183553,0.0009802062725335838
person,73,17.9,1.9503590878873451,0.5741841,0.01885562310442442,1.0192369,0.0006222191063609468
person,74,16.4,2.028947466912131,0.5729536,0.01708073784759105,1.0194463,0.0009642184404712621
person,75,17.3,1.8485821511359974,0.5972269,0.026560323632579565,1.0185465,0.0014077605652598347
person,76,16.5,1.8851309689985039,0.5721366,0.016260045359668934,1.0192656,0.0006278572909762942
person,77,17.9,2.1447455737795234,0.5899616,0.0154461703356906,1.0190459,0.0009505164862687833
person,78,15.7,2.5693166382653185,0.5660043,0.01503285896679842,1.0191028,0.0008019996976360357
person,79,14.1,1.9503590878873447,0.5577256,0.018074593489303827,1.0199336,0.001183169143537168
person,80,13.7,1.2640221355326997,0.5719106,0.015950649294173714,1.0194803000000001,0.0009953096230773978
person,81,15.7,2.052629770328954,0.5795659,0.021809943012471703,1.0193214,0.0010573923244011456
person,82,17.3,2.6132022480023895,0.5915783,0.01923927967339699,1.0189532,0.0009422481137588473
person,83,17.1,2.171094787634969,0.5800091,0.020434333035102763,1.0193287,0.0009060608300402378
person,84,17.2,3.5012723787143956,0.5739681,0.026066645885999606,1.0194832999999999,0.0007516183027158039
person,85,15.4,2.616463995368955,0.5598761999999999,0.022172718487433827,1.0192656,0.0006146109078312654
person,86,16.1,2.6649111787303594,0.5790184,0.01562918803845135,1.0191381,0.0006155894021803671
person,87,14.9,2.1180685955837184,0.5579911,0.015769034649175128,1.0198778000000002,0.0008151792348838615
person,88,14.8,2.4035235037258698,0.5719128,0.01715280646001384,1.0196695999999998,0.000905879083854558
person,89,15.0,2.023334876721938,0.5824537000000001,0.017004783557835402,1.0194591000000002,0.0008053339124550751
person,90,15.1,2.0636803469288174,0.5636984,0.014421209935026035,1.0201220000000002,0.0008244719979900042
person,91,15.1,2.0359414465183843,0.5734828000000001,0.024702104719871453,1.0194073,0.0007582561281932404
person,92,15.6,2.76440171530915,0.5827003000000001,0.020342309879679762,1.0192846,0.0010623414389688147
person,93,15.7,1.3924471124833653,0.5897195,0.02673944612681602,1.0189302,0.0008391921350415145
person,94,17.5,1.9735439625769307,0.6043712,0.025833845986244372,1.0185375,0.0009186001774273535
person,95,16.9,2.8703556568848314,0.5753069,0.020518849794774294,1.0191227,0.0011130880434477787
person,96,18.2,4.496580736000341,0.5976551999999999,0.027543477828368215,1.0186918999999999,0.0007352071451059102
person,97,17.5,3.002037774816146,0.5844218,0.02293257932724294,1.0186686999999999,0.0006815841991461368
person,98,16.0,1.9076184159217722,0.5727654,0.01742853194398384,1.0189094,0.0009378233667995512
person,99,16.8,1.8408764812817766,0.5792101000000001,0.010509898151604991,1.0189561,0.0009815529472758217
person,100,16.3,1.9677733538428859,0.5748577,0.021316882014067458,1.0195371,0.0008584150695194972
person,101,16.5,1.025622131197481,0.5715504,0.017554792848458293,1.0197118,0.0007338594812463213
person,102,17.3,2.5693166382653185,0.5850765,0.02144624374268864,1.0192856000000001,0.0010554323523058553
person,103,16.6,1.7587372793141411,0.5944796,0.022746280580127582,1.0189004000000002,0.0012122538494077995
person,104,18.9,2.197128029393053,0.594157,0.02110329447079523,1.0184518,0.0010568421662084946
person,105,17.5,2.7447921219989952,0.5780512,0.01904322236613909,1.0189997,0.0010977841093608937
person,106,17.7,2.0801461426278602,0.5766823999999999,0.010752651719822957,1.0189242,0.0009837484202936074
person,107,17.6,2.316794516271726,0.6001101,0.020675146468888527,1.0184086,0.0009944067226623332
person,108,18.7,3.2529299116915364,0.5988706,0.019068941471346405,1.018843,0.0006878527711368694
person,109,17.8,2.519031606829703,0.5829863,0.02040672777585099,1.0187207,0.0009674318781579616
person,110,15.8,1.0556733426391622,0.5746264,0.017675399884808787,1.0192226,0.001109069326111864
person,111,16.9,1.8911537669917304,0.5794543,0.014302339257064613,1.0187996,0.001313419747769139
person,112,15.8,1.3404328443648983,0.5769616,0.012861059528461102,1.0190458,0.0008073028543049507
person,113,17.4,2.028947466912131,0.5916886,0.02986828345448057,1.0186108,0.0007031499335876568
person,114,17.6,2.885174318390035,0.5841653,0.020440240068156448,1.0189398,0.0005779774709003182
person,115,17.1,2.1180685955837184,0.5727569,0.01583664625014431,1.0194557,0.0009904530237327706
person,116,17.3,1.5835100139587432,0.5746088,0.02260542174933773,1.0193453,0.0010752197987093286
person,117,15.9,2.850477608465269,0.5799155,0.018662081637948448,1.0197823,0.000860064104347299
person,118,16.7,2.5693166382653185,0.5847032999999999,0.018666238581346684,1.0195903,0.0010609793120268341
person,119,17.7,2.0801461426278602,0.6013862999999999,0.017486346350800177,1.018456,0.0010288819771121773
person,120,15.9,1.8911537669917304,0.5761376,0.015219632224830758,1.018759,0.0009881430020302927
person,121,15.9,2.063680346928817,0.5769192000000001,0.01942770012654818,1.0191504,0.001051191122418193
person,122,18.3,3.553659384642428,0.5932847,0.026466155022474153,1.0188104,0.0010810210429162683
person,123,16.8,1.3822008576545752,0.5767069,0.019712066205206557,1.0191691999999999,0.0010427706360042256
person,124,15.5,1.823809411363889,0.5755928,0.011346690849563437,1.0188198,0.0007972419271424816
person,125,17.2,2.5415033418935153,0.5885264,0.017507370816221675,1.0189031,0.0008226136796952217
person,126,16.7,1.5471861438297423,0.5805431999999999,0.015464910265025826,1.0185433,0.0010547593613501923
person,127,17.0,3.5847241279242805,0.5799394999999999,0.029192837913655158,1.019416,0.0013695595513286709
person,128,15.6,2.8653990728777257,0.5682191999999999,0.025463101772329164,1.0200536999999998,0.0014894550434771047
person,129,18.3,2.4329147095148587,0.603233,0.022566253696143894,1.0189165,0.0008124798305997204
person,130,19.8,2.993502505616302,0.5948062000000001,0.021953707488761125,1.0184869,0.0010630076024837104
person,131,17.9,2.909704383319462,0.5854531,0.019313156971246845,1.0185986,0.0010427696217953969
person,132,19.1,2.8703556568848314,0.5903737,0.019038373962845762,1.0188424,0.0010755617913865271
person,133,18.4,1.7907752003806006,0.5874451,0.015024184325030275,1.0183798,0.0005003048434318957
person,134,17.4,1.7587372793141411,0.5726675,0.024224729791160717,1.0192768,0.0011260679547809315
person,135,15.9,1.9209845317065632,0.5733878,0.013701107272414272,1.0191769000000002,0.0009025390619111878
person,136,15.3,1.7538811155696892,0.5545728999999999,0.013002694882338198,1.0198953,0.0005900551285825358
person,137,15.9,1.3677271513989688,0.5839076999999999,0.014952289162734788,1.018924,0.000821498392987917
person,138,17.2,3.4686409829572478,0.5801287,0.028534264392164745,1.0193295,0.001321178123437367
person,139,16.5,2.7030438012895766,0.5712657,0.01854228520354438,1.0193204,0.0009426259997850385
person,140,15.7,3.054610286638857,0.5728542,0.028285016725911334,1.0190500999999998,0.0007708572080360692
person,141,14.7,2.134114799158496,0.561911,0.01335160360184674,1.0195668,0.0009621777488497838
person,142,15.6,2.5280442710653994,0.5720018,0.018543541741351276,1.0190967,0.0009116971762030679
person,143,16.4,1.0770022314825958,0.5855876,0.01782189274193245,1.0183125,0.0010589729418221615
person,144,17.2,1.7457574910020464,0.5809876,0.016411446703710125,1.0185743,0.0013384747236598051
person,145,16.1,2.686162800570901,0.5730064,0.02247430359710516,1.018566,0.0011230554109355534
person,146,16.3,2.547090298167327,0.5906003,0.0278100449078263,1.0183126,0.0010843355765240525
person,147,16.7,2.134114799158496,0.5831322,0.030235085068188755,1.0186765,0.001053791179314015
person,148,17.9,2.643488715669723,0.5895383,0.02004495903543073,1.0186899999999999,0.0011353313342975292
person,149,17.1,3.5759896005113903,0.5880780999999999,0.020232152810147567,1.0190847,0.0012391935999757674
person,150,16.1,2.621891223758966,0.5756093,0.022755190355367,1.0193199,0.0009834857271407468
person,151,16.7,2.0801461426278602,0.5770074000000001,0.02415516034202307,1.0189599,0.000705649174165713
person,152,15.7,1.8790888670170616,0.5751388000000001,0.01726239327111835,1.0187963999999998,0.0007260245857954337
person,153,18.0,2.9782682972848478,0.5953805,0.014467157700073275,1.0185422,0.001148010216819598
person,154,16.8,2.045692846905047,0.5816325,0.013867460846771143,1.018624,0.0010830388057086545
person,155,16.7,2.9214056545946874,0.5770192,0.01761144406630679,1.0190865,0.001283861085671604
person,156,17.6,2.316794516271726,0.5844723000000001,0.028918664353654568,1.0181745,0.001220652088588116
person,157,16.2,2.5858610245242595,0.5649012,0.020240243912332267,1.0195563,0.0013719489930878856
person,158,15.8,2.955269742313439,0.5716623999999999,0.01879743620317444,1.01924,0.0008130907420050292
person,159,15.6,2.2164523067350794,0.5755726,0.019001667551744043,1.0191679,0.0007551456835593527
person,160,13.9,1.4872237769147432,0.5621557,0.01597616301219202,1.0195878999999999,0.0006406660417679167
person,161,15.6,3.1670200279174865,0.5901417999999999,0.021818695547012625,1.0190527,0.0008568049487250664
person,162,14.3,1.9677733538428859,0.5725463000000001,0.017382309213764293,1.0190215999999999,0.0013186724138514736
person,163,16.1,2.1180685955837184,0.5950565,0.018110702400882712,1.0181684,0.0008648407076910469
person,164,16.2,1.5745076100627147,0.5758103,0.024151428967474468,1.0190908,0.0011436405980906155
person,165,16.2,3.0312530828732904,0.5692985,0.017837296378830584,1.0199479,0.0010156030632579491
person,166,16.6,2.3653699143948894,0.5942058,0.01866410364701133,1.0191497999999999,0.0010325791857983102
person,167,15.5,2.002147540235915,0.5686078,0.017875894873036303,1.0198990000000001,0.000971898002444564
person,168,16.1,2.2734398121549684,0.5831563,0.024015232876449893,1.0185575,0.0008974623211013056
person,169,17.3,2.212600953162121,0.5913832,0.0162685759627848,1.0178563,0.001057743720393951
person,170,18.6,2.7848942249667306,0.5971856,0.028818332506879298,1.0183928999999998,0.0014665876367347596
person,171,16.9,3.098962665925036,0.5734458,0.025911843154069948,1.0189858,0.0014082129639693733
person,172,15.1,2.091051308540542,0.5633485,0.022145414681685086,1.0199488,0.0020138057084264703
person,173,15.9,2.5111189908046834,0.5796631,0.01794135680847213,1.0194829,0.0018370009536009034
person,174,17.5,2.925295677162839,0.5899649,0.02639233166124785,1.0188639,0.0011459255240657052
person,175,17.9,0.9204382406408883,0.5819407,0.014710983614920134,1.019372,0.002092074476919127
person,176,15.7,1.9677733538428859,0.5698857,0.013594536882341362,1.0194199000000002,0.001494149409872689
person,177,14.7,1.7860061501016309,0.5754818,0.015127411541726997,1.0188769,0.0008570781450795607
person,178,15.2,1.8715088084177551,0.5696380999999999,0.024221335838264427,1.0189772,0.0014280190602348204
person,179,15.7,2.5020453604442072,0.5799241,0.020751306697803597,1.0189835999999999,0.0015090499928164963
person,180,14.9,2.2734398121549684,0.5624429,0.02267452814084111,1.0196339,0.0011699732823821365
person,181,14.2,1.8408764812817766,0.5740807,0.019854333150058554,1.0192397,0.00106621221383335
person,182,15.3,2.052629770328954,0.577108,0.019642066132543896,1.0185704,0.0006434645155595645
person,183,15.8,2.28217664297011,0.5854214,0.03097348558682429,1.0185248,0.0012191279557941517
person,184,15.7,2.313110239597199,0.5748834,0.025971379306212933,1.0188077,0.0016358442823404297
person,185,16.5,2.4837986603590245,0.5731573,0.015273613530895486,1.0185846,0.0008858427086155103
person,186,17.3,2.6776823917170156,0.5836064000000001,0.028003205021113635,1.0186825000000002,0.0011961553369578264
person,187,18.0,2.132782226565775,0.5850869999999999,0.013597495145125246,1.018301,0.0008189510226899206
person,188,15.5,2.6391833565979055,0.5626966,0.02385629169428907,1.0187746,0.0011267297043442202
person,189,16.6,2.885174318390035,0.5737783000000001,0.022292873045535597,1.0191577,0.0009568413794171808
person,190,16.7,2.761314721922665,0.5755068,0.016210151110664837,1.0189968,0.0007428217337104821
person,191,15.4,1.5888869734518407,0.5808436,0.019991420762647878,1.0186008,0.001166491152605653
person,192,16.6,2.722954065405149,0.581018,0.01984306969756441,1.0184373,0.0011425365373117812
person,193,16.9,2.0910513085405427,0.5859012,0.013927855192303176,1.0183624999999998,0.0013652886877102686
person,194,16.1,2.3472719445002177,0.5713587,0.02257044374435744,1.0185979,0.0011975101884063356
person,195,15.7,1.5835100139587435,0.5708766,0.017377885344154163,1.0190446,0.0018969588533182045
person,196,16.9,2.0359414465183843,0.5885637,0.023047415024620425,1.0182717000000001,0.0009149797977452295
person,197,16.7,2.5693166382653185,0.5820301,0.014795091433803321,1.0185376,0.000873460982915689
person,198,15.2,2.28217664297011,0.573632,0.014091866940295735,1.0189116999999999,0.0013133935065537767
person,199,15.2,1.2064838201590427,0.5870502,0.021354243231253494,1.0185933999999999,0.0012384897257082335
person,200,16.0,1.6520460089152842,0.5860136,0.01617553906913952,1.0177684,0.001193237534472465
person,201,16.7,1.9677733538428859,0.5838351,0.01593929093155418,1.0180938,0.0012919157704915027
person,202,17.5,1.760353023595481,0.5854954,0.017188931143195894,1.0179299,0.0010154303879148338
person,203,18.5,1.4795576239169526,0.5897617,0.010751612718569316,1.0179642000000002,0.0011288837076806257
person,204,16.6,1.4776348711567195,0.5689363000000001,0.017582191983175267,1.0181194,0.001139971760929139
person,205,16.6,2.056780694225329,0.5744802,0.01819047586943955,1.0181774000000001,0.0014515941770535889
person,206,16.0,2.6552924585118753,0.5822783,0.017673498465898073,1.0179953000000002,0.0010458361415235957
person,207,16.8,2.756162049543645,0.5788956,0.02105995787141739,1.0178412,0.0012236245245795078
person,208,15.3,2.4561744613163454,0.5696663,0.016259935983223634,1.0181168,0.0011232680743301997
person,209,16.3,2.8021950315430555,0.5805610999999999,0.0253463968143714,1.0175621,0.0010795093857669518
person,210,15.8,1.8097257302385639,0.5744942,0.021558040816597106,1.0182042,0.0010540913834507343
person,211,14.6,1.8531901736184346,0.5708114,0.02878328358056748,1.0185439,0.0010756518298122735
person,212,14.5,2.342422203896654,0.5665844,0.025874443003613107,1.0193657999999999,0.0016656387703957328
person,213,16.3,1.7538811155696892,0.5747883,0.011051875269039984,1.0185149,0.0007291580107625776
person,214,15.1,2.063680346928817,0.5754786000000001,0.02460227895525223,1.0185639,0.0008486428954129617
person,215,16.7,1.9386626760334578,0.5809519,0.02038704983350445,1.0182497,0.0007769521803491793
person,216,17.0,2.185451447013319,0.5859072000000001,0.014026943349748635,1.0182981,0.0008856793539314395
person,217,16.8,1.3404328443648983,0.5826523,0.014022669618232841,1.0179069,0.0010839678377668096
person,218,17.8,2.10054688716444,0.5946434,0.022745559849811144,1.0176811,0.001175667182172835
person,219,16.2,1.1082261533675397,0.5671424,0.01589605106240324,1.0182702,0.0011686978531265776
person,220,15.5,2.3180213072056053,0.5721314,0.011866719965812544,1.018513,0.0010534683450908482
person,221,18.2,2.756162049543645,0.6006413,0.02104018587519081,1.0176539,0.001233581744959541
person,222,16.2,2.2061670897218337,0.5732043,0.02416660693834087,1.0183877000000001,0.0009210968935899042
person,223,15.8,2.206167089721834,0.5761613999999999,0.016554097327569836,1.0182788,0.0008954742644356754
person,224,15.7,2.2126009531621205,0.5743691,0.028947771979811517,1.018629,0.0006312467944185109
person,225,15.7,2.6348709626115685,0.5739192,0.019329099524617872,1.0187943000000002,0.0010023713459885806
person,226,15.8,2.519031606829703,0.5813459,0.022456451009166246,1.0176376,0.0009342098152142588
person,227,15.9,2.4422451932664986,0.5748185,0.024126272382968526,1.0186721,0.0013525806773188717
person,228,14.6,2.29212081487383,0.564951,0.025632214906801013,1.0186299,0.0012930166805707405
person,229,16.1,2.248290368000171,0.5836927000000001,0.021937116701419037,1.0180658,0.0006585256368059152
person,230,16.5,2.5291685959024224,0.5845001,0.024242105981005804,1.0177341,0.0006950572890194684
person,231,17.2,2.5415033418935153,0.5745982,0.01623119077243951,1.0180379,0.0008226494833548698
person,232,16.6,1.6589152527186835,0.5848804000000001,0.02045236388619931,1.0175968,0.0011487925538805845
person,233,16.0,1.8470435889458994,0.5707447,0.01811027269403012,1.0183257000000001,0.0009617766641341364
person,234,16.4,3.130906874362879,0.5798897000000001,0.025431311823601154,1.0186059,0.0012081032602043534
person,235,16.3,2.1867519240382647,0.5803176999999999,0.017689125336186814,1.0181109,0.000660693494501272
person,236,17.6,2.5504365973525904,0.5957156,0.02160060674657383,1.0175388,0.0008690800231709728
person,237,17.0,1.168172935736169,0.5716004,0.01615865878010387,1.017937,0.0009641244355226499
person,238,16.2,2.6510062693438257,0.5760043,0.0262544790706506,1.0182567,0.0013043790374093628
person,239,16.8,1.8097257302385639,0.5842081,0.01561807938902452,1.0178873,0.0008249359346706418
person,240,18.3,3.801052358550082,0.5838031,0.028202815169623526,1.0176458,0.0012165598460281658
person,241,16.9,3.242425266677427,0.5746363999999999,0.02591053868767526,1.0176252,0.0011149221240095576
person,242,15.9,2.707247604453604,0.5654203,0.02814599380398456,1.0188876,0.0009531101792600716
person,243,16.4,2.7848942249667306,0.58601,0.01279262486598601,1.0177934,0.0007188895339471013
person,244,15.5,2.0581624751633356,0.5746675,0.013985555324913062,1.0184142,0.0007959434829515805
person,245,16.0,2.3845230199022156,0.5639641,0.015175990554837076,1.0184162,0.0009579361633183992
person,246,16.2,2.257124548860663,0.5840511,0.015908491696787104,1.0180624,0.0009885980066646311
person,247,16.5,2.1394367894651816,0.5681662000000001,0.016207707074559853,1.0182262,0.0008782774032181506
person,248,15.1,1.4484873357995511,0.5675719,0.016060328383112606,1.0180853,0.0006291186144769054
person,249,16.6,1.8836222604983184,0.5916062,0.01783490606997725,1.0178432000000002,0.0007378238121830968
person,250,16.8,2.735454302797938,0.5857085,0.033282414319791155,1.0184307000000001,0.0009450508250395847
person,251,18.1,2.707247604453604,0.5899207000000001,0.022996911750880533,1.0175855,0.0009729877955656015
person,252,16.3,3.146305612378473,0.5651451,0.027027549902310214,1.018623,0.0016978697069627482
person,253,16.1,1.8300340349592596,0.5799561,0.02372537251835166,1.0183391,0.0009123755602986791
person,254,16.2,3.3349240266398343,0.5700822999999999,0.021551457845570495,1.0185887,0.0014924650929055443
person,255,15.1,1.5249765779412563,0.5633753,0.016434070722052822,1.0188769,0.0009146888854290316
person,256,12.8,1.4227431994389976,0.5587238,0.01238611490414161,1.0190561,0.0013403244791389186
person,257,14.6,1.2707516709467577,0.5696078,0.016908964937976563,1.0186435,0.00102622431338081
person,258,14.5,2.2684322293957653,0.5848943999999999,0.03049494216229129,1.0177042,0.0009100461925296762
person,259,14.6,2.2164523067350794,0.5609859,0.014310804332514677,1.018762,0.0010279006946212275
person,260,14.5,3.0396823522731484,0.5680812,0.022185765191934922,1.0181581,0.0011142450977889302
person,261,15.2,2.3314734034545763,0.5731072,0.014215975937127166,1.0179933,0.0009298352076606197
person,262,14.9,2.007819357662063,0.58149,0.02931302852744475,1.0178746,0.0010803299478188543
person,263,16.9,2.2734398121549684,0.5878708,0.028641747242890335,1.0178977,0.001221264562217061
person,264,15.3,1.8175634703772303,0.5699264,0.011775572152810162,1.0183196,0.0006292957471494878
person,265,16.0,2.051244262394962,0.5731189999999999,0.021054436861633708,1.0184334,0.0008821883922300704
person,266,15.8,2.797117667285802,0.5764537,0.018669775473636595,1.0179956000000001,0.0009524650112698044
person,267,15.8,2.306956703184347,0.5773784,0.015724962288136347,1.0180032,0.001071821469418389
person,268,16.1,1.7986955185523754,0.585245,0.02468265288214354,1.01774,0.0011662888082629192
person,269,17.2,2.7145885953578457,0.5793472,0.02598449201671678,1.0176209,0.0012264976033115424
person,270,16.9,2.6001143414425876,0.5851465,0.019050363403718094,1.0180546,0.0009393726793753373
person,271,15.3,1.9386626760334578,0.566994,0.0192330448315602,1.0188048,0.0006822887348120434
person,272,16.0,2.051244262394962,0.5753195,0.014577758094247722,1.0184858,0.0007147663178677971
person,273,14.3,2.2126009531621205,0.5619927,0.029660649696315742,1.0187403,0.0013863249372676719
person,274,13.6,2.028947466912131,0.5570421999999999,0.01816460313730214,1.0190359,0.000742206870363482
person,275,13.1,1.5249765779412563,0.5637653,0.018779788585325384,1.0193775999999999,0.000955687923712133
person,276,14.3,2.052629770328954,0.5805062,0.026342352619981187,1.019172,0.0007669090169517788
person,277,14.3,2.2634135678730187,0.5768385,0.02510863341405963,1.0184361,0.000835061966827306
person,278,16.7,3.017151968652254,0.5838156999999999,0.023688187150125516,1.0180717,0.001133554494513506
person,279,18.1,2.298314073432978,0.5886075,0.01438835480382157,1.0180776999999999,0.0008271745761137923
person,280,15.7,1.9677733538428859,0.5624867,0.014111475184071269,1.0187399,0.0008664358200819356
person,281,14.1,1.3677271513989688,0.5549345,0.016007577910192864,1.0191926,0.0011133575306125482
person,282,14.0,1.9076184159217722,0.5715711,0.016424323995983217,1.0183389999999999,0.0008892632872125977
person,283,15.2,1.8408764812817766,0.5831146,0.02435627361141933,1.0184606999999999,0.0011169433692325152
person,284,14.8,2.2061670897218337,0.5831263,0.017280906276977426,1.0185161,0.0008919134527271526
person,285,15.5,2.723997942792703,0.5795920999999999,0.021961268910780568,1.0188005,0.0009507957907237304
person,286,16.8,4.1411140165237965,0.5870432,0.025181267817052072,1.0176359,0.0009787728057111978
person,287,16.0,2.780807804240212,0.5820510999999999,0.016126418350143598,1.0177208,0.0006553797905138912
person,288,15.2,2.1540044629651915,0.580056,0.020590446427368767,1.0184969000000001,0.0007565935190072846
person,289,15.9,2.2228564007136122,0.5706679,0.021860261117445896,1.0178639,0.0009310664077276957
person,290,16.3,2.4561744613163454,0.5719984,0.015302192261860692,1.0183126,0.0009589996762280111
person,291,15.1,2.556004027242069,0.5648678,0.02830627954781496,1.0187988000000001,0.0008192867018987785
person,292,15.7,2.2126009531621205,0.5860527,0.01681437025442742,1.0182677999999998,0.0008824523255816545
person,293,14.1,1.7668012247594596,0.5751285,0.02196772289253658,1.0188098,0.0014004721194348763
person,294,15.4,1.5888869734518407,0.5944897,0.025544309685012413,1.0182619000000002,0.0014143755006043941
person,295,16.5,2.8464853409480444,0.5945161999999999,0.027162089680489353,1.0177251999999999,0.001298200592401463
person,296,16.4,2.2419589266264732,0.5700921,0.016613074226788416,1.0181264,0.0008844657279451059
person,297,15.9,1.9209845317065637,0.5816791,0.018561466033155085,1.0181391999999998,0.0010750836592559494
person,298,16.6,2.845486398877995,0.5836214,0.0210240197134914,1.0178327,0.0009937371475378378
person,299,16.8,2.1274435893402885,0.5759411,0.015644444960101603,1.0184469,0.0006279489548446774
person,300,16.7,2.5246682923444133,0.5809485999999999,0.01629519314244129,1.0184157,0.0009108414159461323
person,301,17.5,3.7437770806998416,0.5842506999999999,0.025109460923965276,1.0178217,0.0010348754661764026
person,302,16.9,2.7489320823035115,0.5828601,0.019937193090393962,1.0177906,0.0007117547739491474
person,303,15.9,2.2228564007136122,0.5763644,0.012463051128472999,1.0181819,0.0007836580596852453
person,304,15.9,2.4422451932664986,0.5841969,0.017831507760744512,1.0179163,0.0008114987672131446
person,305,14.2,1.6102152697059713,0.5683081999999999,0.013024797634575752,1.0184211,0.0005859914210403625
person,306,14.8,2.28217664297011,0.576712,0.02416854958466834,1.0183922,0.0006345248284319264
person,307,15.4,2.0842422663373124,0.5724676,0.025175355347694085,1.0181944,0.0009651506017186866
person,308,16.1,2.007819357662063,0.5850844000000001,0.02155552464664397,1.0179921,0.0009697289286909974
person,309,16.2,1.8097257302385639,0.5943084,0.018039480724423636,1.0177848,0.0008783046582495295
person,310,18.3,1.996459609594682,0.6063717000000001,0.02464958825552094,1.0177205,0.0005514654018032353
person,311,19.6,2.6808656887297966,0.6060676,0.01988211188481046,1.0173055,0.0009922425920633204
person,312,15.8,2.5637781178379653,0.5628778,0.02320880459241488,1.0189443,0.0012042344138271258
person,313,15.9,2.9485280394810967,0.5788289,0.017611806266482028,1.0181568,0.0009977701316158378
person,314,15.8,2.0733012864818625,0.5735739,0.01556404014253222,1.0184666,0.0007240191921584939
person,315,15.4,1.5526888979303224,0.5630170999999999,0.008344648678550882,1.0189981,0.00043426209574471927
person,316,14.3,1.1706040995225087,0.5685999,0.015296409186614793,1.0188297,0.00046770728321473485
person,317,13.8,1.7128777588435458,0.567186,0.01618184553217371,1.0190994,0.0007197230918071743
person,318,15.8,2.3797491952543672,0.5720937,0.024667351924233746,1.0186506999999998,0.0009161603726882224
person,319,13.3,1.1706040995225087,0.5577255,0.020442372967573997,1.018939,0.000959954891040755
person,320,16.0,2.2113156780300454,0.5808268,0.024175630746145184,1.0181491,0.0012028950584094182
person,321,14.6,1.7587372793141414,0.5794168,0.022118743395130206,1.0182346,0.0008191034899413273
person,322,14.0,1.348889917814625,0.5720853,0.01886140843080628,1.0188282,0.0012006347752457824
person,323,14.3,1.5099887294314076,0.5654979,0.018124835757677305,1.0189645999999999,0.0012855914853106521
person,324,16.1,2.4883728790780255,0.580152,0.016121836684763084,1.0184846,0.0009970268866494633
person,325,16.3,1.9677733538428859,0.5847224,0.019293457141607673,1.0177817,0.0007559811282405827
person,326,16.4,1.8531901736184346,0.5784336,0.016926155759327526,1.0180981,0.0009372951526863593
person,327,15.6,1.692843411645497,0.5854429,0.02259602795204876,1.0180140999999998,0.0009462530343912562
person,328,15.9,2.171094787634969,0.5669264,0.019374835742498077,1.0184125,0.0014704706086479903
person,329,15.4,1.9721028934088127,0.5624998,0.014600187934352485,1.0185087,0.0008829131786789186
person,330,15.1,2.7899938341177863,0.5738343,0.015738490128955698,1.0183605,0.0005055768309300133
person,331,14.3,1.3924471124833653,0.5656979,0.020067734680006763,1.0185793,0.0008723641197150738
person,332,14.2,1.7457574910020464,0.5605644,0.020052167646834068,1.0186367,0.0008283634636029293
person,333,14.2,1.5745076100627147,0.5821714,0.028335371883661985,1.0184396,0.0011430742894096165
person,334,15.1,1.8608448537581366,0.5716607,0.010937899213664287,1.0185639,0.0008478430014455398
person,335,16.6,1.8531901736184346,0.5856650999999999,0.015328563208260853,1.0178395,0.0008645236931764162
person,336,17.6,2.2671786055203054,0.5855961,0.018278785680249345,1.0176935,0.0007060768953523359
person,337,16.7,2.740645907967312,0.5729938,0.020302861316911676,1.0181238000000001,0.0009466344842817262
person,338,16.0,3.1090376413215215,0.5772679000000001,0.019576081940487794,1.018416,0.0010370828748441337
person,339,16.0,2.236880870442222,0.5795759,0.013541629833747706,1.0180313,0.0007955737304954422
person,340,16.1,1.7343204914786239,0.5716106,0.013760305371384927,1.0181651,0.0007377735379059943
person,341,15.2,2.629470524545083,0.5688551000000001,0.021339060742425576,1.0184292,0.0007420265383993268
person,342,15.1,1.5978083629043778,0.5841512,0.029760050421768817,1.0182544,0.0008452302474853741
person,343,15.6,2.1113466852783245,0.5788167,0.02042520492422905,1.0183225,0.0005238720828043029
person,344,17.9,2.488372879078025,0.6053888,0.027976643314113717,1.0175967,0.0009859132773769894
person,345,19.4,2.80523703898653,0.5972407,0.020492649746960665,1.0173825,0.00075745207911551
person,346,17.8,2.6510062693438257,0.5787712,0.02592179458175068,1.0181322,0.0011998800798955268
person,347,15.6,1.9430570813906982,0.5750314,0.021459234037003935,1.0191274,0.0010021783007816358
person,348,15.3,2.024739482845095,0.575458,0.015054286448991193,1.0182815,0.0009605232408594161
person,349,16.4,1.6242785521744172,0.5761339999999999,0.014006420146265151,1.017717,0.0006634239298445131
person,350,15.5,1.8547236369951094,0.5647160999999999,0.014161436535528977,1.0184799999999998,0.000805873888056061
person,351,16.0,1.8775753034472467,0.5828466999999999,0.02166560480645044,1.0177508,0.0008318480787515058
person,352,17.6,2.5054518226894156,0.5945039999999999,0.021852368123930505,1.0174332,0.000736206396994624
person,353,16.7,2.1073032471237823,0.5753205,0.017405224671550465,1.0184389,0.0008133907181795258
person,354,17.3,2.3617614150940716,0.5823560999999999,0.02722493189699128,1.0180267,0.0009110257390500222
person,355,17.1,3.0620469629807223,0.5867585,0.027300048944713294,1.0174083,0.0011399550940768728
person,356,15.2,1.6451480831351153,0.574046,0.017459051680228183,1.0181399,0.0009375098764875103
person,357,15.6,2.5946415626080612,0.5645137,0.019580753560009653,1.0183301,0.0012556319263026632
person,358,14.4,1.4776348711567195,0.5722693,0.018628958418089717,1.0185100999999999,0.0012453495792025303
person,359,14.7,2.2381514646204788,0.5728156999999999,0.023793246242329327,1.0182219,0.0010426325445723273
person,360,15.4,2.4826537888253455,0.5648488,0.018345787083727003,1.0180851,0.0008510742108761907
person,361,14.8,2.231791260046642,0.5683545,0.019309938347825167,1.017916,0.0008204612529833638
person,362,16.6,2.2164523067350794,0.5855298,0.024612061366493403,1.0177529,0.0011594759036131499
person,363,17.5,2.5065862813496285,0.5768774,0.011420187295104994,1.0177751000000002,0.0007369196582668728
person,364,16.9,1.9209845317065637,0.5966168,0.022852497856468177,1.0172417,0.0010419550380149352
person,365,16.0,1.7844136342699262,0.5802331,0.015718358643477523,1.0180179,0.0007511024537555494
person,366,16.0,2.760284956933686,0.5737332,0.019266470981442223,1.0186699000000001,0.000971780722042225
person,367,16.0,2.360557356175594,0.5868493,0.013465371335492903,1.0182812,0.0007835779060282438
person,368,16.4,1.9135704379232206,0.5878681,0.02298795659418876,1.0174257,0.0011108383371642428
person,369,15.8,1.0556733426391622,0.5674137,0.011601796282659876,1.0182911000000001,0.0008789540392265908
person,370,16.444444444444443,2.1437127566084504,0.5819746666666666,0.02227605069322413,1.0179324444444444,0.0008291910217062481
person,371,17.22222222222222,1.2017909042199575,0.5749854444444444,0.011861694431514613,1.0182274444444444,0.0008380591834587455
person,372,16.666666666666668,2.069702052334685,0.5756985555555556,0.021328394577426038,1.0185376666666666,0.0007711491446227508
person,373,16.375,2.752437574585263,0.57381475,0.01917199683521215,1.01841675,0.000951823758100547
person,374,16.5,2.9642133710414895,0.568871875,0.025476337990365854,1.01867475,0.0011074753312663198
person,375,16.125,2.876602785125433,0.573549125,0.023632269485548165,1.018383875,0.0012655731967797187
person,376,16.625,2.788477571741224,0.5907687500000001,0.01658130525811986,1.017262375,0.0007145023123436
person,377,16.428571428571427,3.9906903946748224,0.5724735714285715,0.03390574658046948,1.018015,0.0016431560314402807
person,378,14.2,4.061589034289206,0.5598078,0.03657246520928746,1.018204,0.0008105137105856394
person,379,14.0,2.633967099255248,0.5680868,0.03554121647115384,1.0185099999999998,0.001717308843249971
person,380,15.0,5.267934198510496,0.5805556000000001,0.06211586651493821,1.0189648,0.0026232886272241516
person,381,16.25,3.012136813856149,0.57415075,0.0446454520620063,1.01857175,0.001977372651390827
person,382,17.25,3.528307858930696,0.5927439999999999,0.02929584442884413,1.0183170000000001,0.001990032219173957
person,383,15.25,5.094399767922682,0.56557175,0.04856247282942768,1.0182045,0.001034752322789251
person,384,15.75,5.5692810342464885,0.5667675,0.046934883952354664,1.01806475,0.0013297462437135957
person,385,14.333333333333334,3.79458303359676,0.5565463333333334,0.07894117680238792,1.0190416666666666,0.0035125894637347875
person,386,14.0,2.4841377117503303,0.5642586666666667,0.020155475688879595,1.0191966666666668,0.0039182532832914944
person,387,16.333333333333332,1.4342175765831542,0.581526,0.045876121547295375,1.0187673333333334,0.0048686978292667125
person,388,18.666666666666668,19.924787351365904,0.611935,0.16492052265071375,1.0186403333333331,0.0011610582583154322
person,389,20.0,38.11861420852408,0.600263,0.18327429711458368,1.017822,0.011397465648347756
person,390,16.0,12.706204736174694,0.5492325,0.09122419690336628,1.0193295,0.0029033677822154704
person,391,11.0,12.706204736174694,0.552332,0.2154845261207866,1.019209,0.018779770600065936
person,392,12.0,0.0,0.5692995000000001,0.18071399686024422,1.0190255000000001,0.003373497357453347
person,393,21.0,0.0,0.60908,0.0,1.016573,0.0
